train/actor_loss,rollout/ep_len_mean,time/total_timesteps,train/critic_loss,train/ent_coef,time/time_elapsed,rollout/ep_rew_mean,time/fps,time/episodes,train/n_updates,train/ent_coef_loss,train/learning_rate
-12.620697021484375,90.0,656,255.0135498046875,0.9954043626785278,5,-100890.0,118,4,138,-0.044626615941524506,0.0001
-10.589288711547852,104.375,1048,38889136.0,0.9920223951339722,9,-101033.75,114,8,236,-0.07380512356758118,0.0001
-14.436014175415039,122.66666666666667,1616,116550752.0,0.9873369336128235,14,-99510.0,112,12,378,-0.11504270881414413,0.0001
-15.481070518493652,120.25,2316,116128232.0,0.981891930103302,20,-99287.5,111,16,553,-0.13717852532863617,0.0001
-18.79839324951172,118.1,2608,78137408.0,0.9799390435218811,23,-98626.08333334999,110,20,626,-0.13754385709762573,0.0001
-29.878488540649414,118.04166666666667,3044,2289.198974609375,0.9773005247116089,27,-98588.61111112499,110,24,735,-0.13001778721809387,0.0001
-37.12118148803711,111.96428571428571,3516,39355400.0,0.9748400449752808,31,-98533.09523810714,109,28,853,-0.09924280643463135,0.0001
-45.913047790527344,112.15625,3748,116523576.0,0.9738773703575134,34,-98543.17708334375,109,32,911,-0.09328364580869675,0.0001
-62.89971923828125,108.41666666666667,4376,114885008.0,0.9716454148292542,39,-98791.15740741667,109,36,1068,-0.07957294583320618,0.0001
-55.82948303222656,118.725,4976,78300864.0,0.9700376987457275,45,-99122.541666675,109,40,1218,-0.059212084859609604,0.0001
-50.86296463012695,117.27272727272727,5424,38703176.0,0.9690216779708862,49,-99294.81060606817,109,44,1330,-0.05139627307653427,0.0001
-35.0213737487793,116.10416666666667,5868,38808904.0,0.9682347774505615,53,-99438.78472222916,109,48,1441,-0.021403837949037552,0.0001
-7.745692253112793,119.07692307692308,6764,39470784.0,0.9673139452934265,62,-99407.91666667306,108,52,1665,-0.0319938138127327,0.0001
-12.511870384216309,116.26785714285714,7168,38624564.0,0.9670183062553406,65,-99506.45833333928,108,56,1766,0.0022209733724594116,0.0001
-3.962646245956421,123.51666666666667,7772,37393088.0,0.9669284224510193,71,-98994.6388889,108,60,1917,0.0016396064311265945,0.0001
28.901447296142578,126.75,8884,37159752.0,0.967250645160675,81,-98810.28645834375,109,64,2195,0.024781595915555954,0.0001
37.17174530029297,129.35294117647058,9692,33568.09375,0.96868896484375,88,-98663.02696079412,109,68,2397,0.045691393315792084,0.0001
38.222469329833984,131.81944444444446,10928,74311440.0,0.9729253649711609,100,-98833.27546297222,109,72,2706,0.07227127254009247,0.0001
35.336456298828125,136.1578947368421,11540,53059.3046875,0.9762998223304749,105,-99006.91885965789,109,76,2859,0.06780101358890533,0.0001
34.83779525756836,145.3625,12156,36691704.0,0.9803490042686462,111,-97613.58333333749,108,80,3013,0.07349757850170135,0.0001
139.34454345703125,171.5595238095238,15772,128591.03125,1.0148346424102783,145,-95514.7817460357,108,84,3917,-0.08465135842561722,0.0001
145.88433837890625,209.2159090909091,19772,626613.875,1.0652282238006592,182,-91433.058712125,108,88,4917,-0.5095889568328857,0.0001
188.48915100097656,214.18478260869566,20732,32726306.0,1.0783294439315796,191,-90858.90398551086,108,92,5157,-0.6951632499694824,0.0001
213.36312866210938,217.15625,22284,299383.65625,1.099527359008789,205,-91233.45486111457,108,96,5545,-0.79361891746521,0.0001
248.33999633789062,233.76,24784,69962688.0,1.1326243877410889,228,-89725.11666667,108,100,6170,-1.2445207834243774,0.0001
275.2569885253906,231.83,25120,74436640.0,1.1371403932571411,231,-89705.81666667,108,104,6254,-1.3837791681289673,0.0001
268.49163818359375,238.69,25704,282096.1875,1.1450797319412231,237,-88774.51666667,108,108,6400,-1.3805387020111084,0.0001
279.96173095703125,245.06,26284,37696480.0,1.1527860164642334,242,-88043.11666667,108,112,6545,-1.580420970916748,0.0001
358.6060791015625,251.15,28004,203791.15625,1.1749937534332275,258,-88204.01666667,108,116,6975,-1.8146661520004272,0.0001
341.79547119140625,265.3,29704,108850128.0,1.1961241960525513,274,-87435.45,108,120,7400,-1.9110625982284546,0.0001
429.60125732421875,283.95,33348,95893752.0,1.2408854961395264,308,-85392.125,108,124,8311,-2.476379871368408,0.0001
392.68212890625,309.4,34616,797826.3125,1.2564412355422974,319,-83637.6875,108,128,8628,-2.5291812419891357,0.0001
491.9066162109375,315.28,35840,58126388.0,1.2716273069381714,331,-83796.9375,108,132,8934,-2.7256100177764893,0.0001
559.9552612304688,340.35,39124,543473.125,1.312437653541565,361,-82047.8375,108,136,9755,-3.2235584259033203,0.0001
540.07373046875,352.75,40924,36087392.0,1.3351057767868042,378,-81070.2875,108,140,10205,-3.339831829071045,0.0001
576.8167724609375,355.83,41464,31972558.0,1.3419007062911987,383,-80972.6625,108,144,10340,-3.415799617767334,0.0001
613.498291015625,373.24,44784,34274460.0,1.3854687213897705,413,-79631.0875,108,148,11170,-4.242179870605469,0.0001
601.07421875,378.59,45672,356456.0,1.3974084854125977,422,-78784.6875,108,152,11392,-4.321455955505371,0.0001
655.0975341796875,395.86,46524,69312880.0,1.4085813760757446,430,-77790.4375,108,156,11605,-4.211922645568848,0.0001
761.0680541992188,402.78,49188,35293108.0,1.443441390991211,454,-77157.34583333001,108,160,12271,-4.696407318115234,0.0001
686.7056884765625,401.36,50292,34488040.0,1.4581869840621948,464,-77270.54583333,108,164,12547,-4.808445930480957,0.0001
738.97998046875,417.36,50812,269817.0625,1.4649769067764282,469,-76198.41325757,108,168,12677,-4.985276699066162,0.0001
804.1101684570312,423.2,53668,245177.984375,1.5016942024230957,495,-76256.81325757,108,172,13391,-4.830611228942871,0.0001
851.60595703125,436.73,55164,536170.75,1.5212116241455078,509,-74270.26325757001,108,176,13765,-5.23277473449707,0.0001
755.1716918945312,456.81,58584,31568244.0,1.5675048828125,541,-74369.17992424,108,180,14620,-5.887085914611816,0.0001
859.229248046875,468.84,62584,24518524.0,1.6219167709350586,577,-73344.15492424,108,184,15620,-5.920381546020508,0.0001
841.86865234375,445.49,64244,28972650.0,1.6446597576141357,592,-76010.32992424,108,188,16035,-6.141350746154785,0.0001
691.6473999023438,446.97,65556,35404344.0,1.6629798412322998,604,-75750.72159091,108,192,16363,-6.262141704559326,0.0001
778.8356323242188,441.43,66424,32663952.0,1.6748806238174438,612,-75815.19659091,108,196,16580,-6.0007171630859375,0.0001
951.3575439453125,430.88,67764,36082880.0,1.6939111948013306,625,-76718.82159091,108,200,16915,-6.5233073234558105,0.0001
899.7422485351562,443.9,68800,892342.4375,1.7081902027130127,634,-75849.12159091,108,204,17174,-5.998802185058594,0.0001
851.3582763671875,448.26,71436,689028.625,1.7450430393218994,659,-75892.72159090999,108,208,17833,-6.438236236572266,0.0001
934.5277709960938,447.29,72348,25906680.0,1.758217453956604,667,-75883.02159091,108,212,18061,-6.962429046630859,0.0001
1056.681396484375,459.98,73464,27416020.0,1.774944543838501,678,-73907.49659091,108,216,18340,-7.244407653808594,0.0001
922.7796020507812,444.02,74224,231074.984375,1.786352276802063,685,-74862.14659091,108,220,18530,-7.4239983558654785,0.0001
847.3356323242188,424.58,74700,36557056.0,1.793622612953186,689,-77008.22159090999,108,224,18649,-6.977053165435791,0.0001
760.0626831054688,398.26,75392,338782.15625,1.8036916255950928,695,-78855.75909091,108,228,18822,-6.8942108154296875,0.0001
890.138671875,398.05,75824,2132545.75,1.8100780248641968,699,-78853.65909090999,108,232,18930,-7.232888221740723,0.0001
864.3832397460938,383.7,76620,37204888.0,1.822291612625122,707,-79710.05909091,108,236,19129,-7.431214332580566,0.0001
921.0946044921875,368.25,77628,34131872.0,1.8380194902420044,716,-80657.10909091,108,240,19381,-7.307431221008301,0.0001
1101.320068359375,376.96,79824,54590836.0,1.8722941875457764,736,-79872.73409091,108,244,19930,-7.881494998931885,0.0001
947.0879516601562,381.14,83092,65527828.0,1.9266033172607422,767,-79188.85909091,108,248,20747,-8.698321342468262,0.0001
937.3853759765625,397.31,84176,452647.3125,1.9446587562561035,777,-79234.90909090999,108,252,21018,-8.40379524230957,0.0001
1353.39990234375,397.6,87092,29696138.0,1.993455410003662,804,-79404.85909091,108,256,21747,-8.32802963256836,0.0001
1109.693115234375,398.77,89008,32975776.0,2.0261662006378174,822,-79535.38409091,108,260,22226,-8.88722038269043,0.0001
1111.335205078125,417.17,91092,467071.875,2.0620219707489014,841,-77720.08409091,108,264,22747,-9.309610366821289,0.0001
929.0792846679688,409.28,92904,404498.1875,2.093614339828491,858,-77770.14166667,108,268,23200,-9.210511207580566,0.0001
965.8385009765625,427.36,95092,692468.0625,2.132031202316284,878,-76497.22916666999,108,272,23747,-9.380558967590332,0.0001
964.2631225585938,423.22,98100,32740424.0,2.1869640350341797,906,-77577.77916666999,108,276,24499,-10.309568405151367,0.0001
1545.246337890625,428.56,102076,963515.375,2.2638466358184814,943,-76015.45416667,108,280,25493,-10.55954360961914,0.0001
1059.4759521484375,401.87,102376,1099267.75,2.2697367668151855,945,-78030.22916666999,108,284,25568,-11.16675853729248,0.0001
1178.689453125,397.01,103228,1170870.25,2.286803722381592,953,-79252.87916667,108,288,25781,-11.313445091247559,0.0001
1057.341064453125,398.3,105092,27167728.0,2.3234782218933105,970,-80540.0875,108,292,26247,-10.523052215576172,0.0001
1181.7791748046875,408.03,106780,974331.875,2.3567981719970703,986,-79637.4875,108,296,26669,-11.34768009185791,0.0001
1082.4544677734375,409.98,108824,35127120.0,2.398287296295166,1005,-79559.2,108,300,27180,-11.747174263000488,0.0001
1274.2369384765625,421.13,111160,676182.625,2.4479994773864746,1027,-78670.8,108,304,27764,-11.984420776367188,0.0001
1146.803955078125,436.45,115160,675132.25,2.5355846881866455,1064,-76824.2,108,308,28764,-12.86029052734375,0.0001
1194.334228515625,454.32,117468,711686.5625,2.585791826248169,1085,-76003.0,108,312,29341,-12.65329360961914,0.0001
1216.142822265625,461.31,120008,889110.75,2.6393606662750244,1109,-75953.7875,108,316,29976,-12.022079467773438,0.0001
1353.46435546875,475.05,121468,1673220.875,2.671280860900879,1122,-74985.2875,108,320,30341,-12.93698501586914,0.0001
1233.6436767578125,494.3,124208,738133.5,2.7314095497131348,1147,-72924.2875,108,324,31026,-13.05426025390625,0.0001
1532.973388671875,522.92,128172,1400346.75,2.820619821548462,1184,-70065.2875,108,328,32017,-13.178117752075195,0.0001
1373.599853515625,537.06,130268,1285226.875,2.8679685592651367,1203,-68206.8875,108,332,32541,-12.854331016540527,0.0001
1334.04345703125,549.34,133108,961658.8125,2.9314074516296387,1230,-67185.0875,108,336,33251,-12.396027565002441,0.0001
1471.2440185546875,562.19,134068,315506.46875,2.9528043270111084,1239,-66313.6875,108,340,33491,-12.421443939208984,0.0001
1729.109375,561.44,135188,662347.25,2.97804594039917,1249,-66306.1875,108,344,33771,-12.697507858276367,0.0001
1457.50927734375,545.1,137852,28460112.0,3.0412628650665283,1274,-68384.1375,108,348,34437,-13.064867973327637,0.0001
1913.0196533203125,549.23,139628,289423.09375,3.084388256072998,1290,-66541.2875,108,352,34881,-13.033975601196289,0.0001
1770.2979736328125,568.48,143628,352756.1875,3.18354868888855,1327,-63734.0875,108,356,35881,-13.161470413208008,0.0001
1748.7119140625,582.35,147048,348468.09375,3.273862600326538,1359,-61872.9875,108,360,36736,-14.09927749633789,0.0001
1544.920654296875,574.75,148312,317947.375,3.308119535446167,1371,-62896.8875,108,364,37052,-14.109023094177246,0.0001
1980.0294189453125,573.51,149852,229778.625,3.3496148586273193,1385,-63203.4875,108,368,37437,-13.729839324951172,0.0001
1771.61474609375,562.01,151628,1440866.5,3.396641492843628,1402,-63542.3,108,372,37881,-14.054586410522461,0.0001
1764.671875,564.79,154920,32323230.0,3.4864227771759033,1432,-62570.2,108,376,38704,-13.600260734558105,0.0001
1564.89697265625,548.37,156328,54226736.0,3.5251379013061523,1446,-63405.9,108,380,39056,-14.747407913208008,0.0001
1614.654541015625,550.52,157096,217316.40625,3.547713041305542,1453,-63427.4,108,384,39248,-14.961484909057617,0.0001
2017.60400390625,578.73,161096,34332540.0,3.664445400238037,1490,-59709.9,108,388,40248,-14.125980377197266,0.0001
1774.266845703125,578.63,163628,430401.25,3.7379825115203857,1513,-58709.0,108,392,40881,-14.031853675842285,0.0001
1719.031494140625,603.02,167628,298793.375,3.8638947010040283,1550,-55953.2,108,396,41881,-15.502096176147461,0.0001
2335.68505859375,608.23,169856,314527.875,3.9378888607025146,1571,-55205.6625,108,400,42438,-16.65145492553711,0.0001
1533.8603515625,605.06,172244,288678.75,4.022984981536865,1593,-55173.9625,108,404,43035,-18.041759490966797,0.0001
1703.9954833984375,604.18,175328,32958364.0,4.137928485870361,1622,-55165.1625,108,408,43806,-18.940818786621094,0.0001
2045.5885009765625,586.35,176244,1217024.625,4.1726579666137695,1630,-55886.5875,108,412,44035,-18.46086311340332,0.0001
1965.2860107421875,577.37,178472,3368465.75,4.253896713256836,1651,-55851.2375,108,416,44592,-17.745031356811523,0.0001
1783.818603515625,591.79,181144,347945.53125,4.350588798522949,1676,-54101.6375,108,420,45260,-17.587482452392578,0.0001
2340.3408203125,582.85,183392,293959.25,4.431023120880127,1696,-55156.125,108,424,45822,-17.513057708740234,0.0001
1641.973388671875,583.22,185916,34878880.0,4.523139476776123,1720,-55305.325,108,428,46453,-17.86526107788086,0.0001
1875.8564453125,598.87,189916,737819.625,4.6712870597839355,1757,-53462.025,108,432,47453,-17.125028610229492,0.0001
1990.04833984375,584.65,191828,363240.03125,4.741217136383057,1775,-54464.425,108,436,47931,-16.955772399902344,0.0001
2103.849609375,587.57,192700,475130.5,4.773448944091797,1783,-53493.725,108,440,48149,-17.50890350341797,0.0001
2574.939453125,603.57,196700,335578.8125,4.929358959197998,1820,-51502.55,108,444,49149,-18.633834838867188,0.0001
2038.95947265625,624.57,200196,1243869.0,5.075005531311035,1852,-48712.85,108,448,50023,-19.562320709228516,0.0001
1766.8074951171875,614.78,200944,181534.234375,5.106595993041992,1859,-49614.85,108,452,50210,-18.56289291381836,0.0001
2443.448974609375,586.36,202248,15095292.0,5.161141395568848,1871,-52330.35,108,456,50536,-18.824628829956055,0.0001
2036.1484375,568.51,205024,35979032.0,5.2796125411987305,1897,-54151.65,108,460,51230,-19.2042236328125,0.0001
2071.097900390625,582.56,207236,584557.25,5.381056308746338,1918,-52292.35,108,464,51783,-20.744731903076172,0.0001
1792.9415283203125,608.85,211236,1978151.25,5.573844909667969,1955,-49555.55,108,468,52783,-22.04035758972168,0.0001
2452.876708984375,634.25,215236,461044.5625,5.777416706085205,1992,-46809.85,108,472,53783,-22.504871368408203,0.0001
2519.114013671875,639.18,217200,300680.5,5.879546642303467,2010,-45859.25,108,476,54274,-24.183517456054688,0.0001
2174.32763671875,657.37,221200,305731.375,6.0929365158081055,2047,-43922.25,108,480,55274,-23.754375457763672,0.0001
2214.98876953125,644.51,221696,237890.375,6.118964672088623,2052,-44793.55,108,484,55398,-23.197128295898438,0.0001
2151.01708984375,618.64,223996,688529.625,6.238489151000977,2073,-47534.55,108,488,55973,-23.4571475982666,0.0001
2044.2822265625,624.71,225652,477508.8125,6.32499361038208,2089,-46595.35,108,492,56387,-23.592124938964844,0.0001
2064.774658203125,605.86,228528,1592897.0,6.483767986297607,2115,-49406.55,108,496,57106,-25.63966941833496,0.0001
2119.201171875,608.71,229828,400726.8125,6.557861804962158,2127,-49435.05,108,500,57431,-24.992095947265625,0.0001
2581.064453125,607.07,232732,359793.34375,6.724451541900635,2154,-49317.9,108,504,58157,-24.847888946533203,0.0001
2375.5654296875,616.66,236732,286134.5625,6.956590175628662,2191,-48413.9,108,508,59157,-24.390548706054688,0.0001
2567.365234375,618.1,237988,437012.25,7.029061317443848,2203,-48528.475,108,512,59471,-24.977785110473633,0.0001
2211.041015625,610.86,238288,420408.75,7.046494483947754,2206,-49623.2625,108,516,59546,-24.82225799560547,0.0001
2425.531494140625,587.25,241136,502544.40625,7.207806587219238,2232,-52386.8625,108,520,60258,-22.920045852661133,0.0001
2890.758056640625,604.9,242236,608560.0,7.2698750495910645,2242,-50673.275,108,524,60533,-23.896879196166992,0.0001
2465.989501953125,604.26,246132,533008.5,7.484675407409668,2278,-50666.875,108,528,61507,-21.621429443359375,0.0001
2152.533203125,576.48,246452,413726.0,7.501737117767334,2281,-53388.775,108,532,61587,-21.86844253540039,0.0001
2915.758056640625,566.25,246656,31049944.0,7.512757301330566,2283,-54286.375,108,536,61638,-21.9122314453125,0.0001
2137.541748046875,550.79,246936,42613348.0,7.528498649597168,2286,-56131.575,108,540,61708,-21.72153663635254,0.0001
2497.478759765625,559.64,250936,769532.875,7.751615047454834,2323,-55371.55,108,544,62708,-21.445220947265625,0.0001
2674.91357421875,569.26,254936,30184450.0,7.9930338859558105,2360,-54243.0,108,548,63708,-22.737682342529297,0.0001
2999.15234375,548.46,255052,1005528.3125,8.000534057617188,2361,-56034.8,108,552,63737,-22.757431030273438,0.0001
2413.1845703125,539.03,255476,909121.125,8.02658748626709,2365,-56940.4,108,556,63843,-21.406936645507812,0.0001
2775.87939453125,529.89,256144,8114402.5,8.06802749633789,2371,-57645.05,108,560,64010,-21.65424156188965,0.0001
2665.046630859375,514.58,259052,1562594.25,8.252692222595215,2398,-58972.73333333,108,564,64737,-22.05078887939453,0.0001
2359.96875,512.83,263052,14362780.0,8.51043701171875,2434,-60815.65833333001,108,568,65737,-21.348604202270508,0.0001
2550.8544921875,504.01,265048,4465855.0,8.642250061035156,2453,-61435.70833333,108,572,66236,-21.623687744140625,0.0001
2766.08203125,495.41,268004,34935456.0,8.841168403625488,2480,-62349.608333330005,108,576,66975,-22.716079711914062,0.0001
2665.764892578125,478.91,269404,40358972.0,8.94041919708252,2493,-64303.508333330006,108,580,67325,-22.383811950683594,0.0001
2829.9267578125,515.06,273404,34381476.0,9.226359367370605,2530,-61665.30833333,108,584,68325,-20.883268356323242,0.0001
2696.9384765625,540.93,277404,22019868.0,9.519811630249023,2567,-58639.358333330005,108,588,69325,-22.402841567993164,0.0001
2901.824951171875,559.25,281404,1620934.75,9.84217643737793,2604,-56822.758333330006,108,592,70325,-24.31435775756836,0.0001
2953.359619140625,569.59,285084,538631.25,10.147991180419922,2639,-54926.358333330005,108,596,71245,-22.60000228881836,0.0001
2721.814453125,556.63,285428,950635.875,10.174738883972168,2642,-55638.758333330006,108,600,71331,-20.99155616760254,0.0001
2900.769775390625,549.03,288424,736436.875,10.407028198242188,2670,-56663.40833333001,108,604,72080,-21.521160125732422,0.0001
2632.9111328125,539.81,289704,1042355.875,10.51220703125,2681,-57469.55833333,108,608,72400,-21.050012588500977,0.0001
2935.543212890625,543.26,292228,1217607.75,10.71631908416748,2705,-58401.05833333,108,612,73031,-20.407655715942383,0.0001
3209.220458984375,558.22,296060,10835135.0,11.043319702148438,2740,-57322.45833333,108,616,73989,-21.619552612304688,0.0001
3005.1015625,581.73,297656,622752.4375,11.186893463134766,2755,-54557.858333330005,108,620,74388,-22.597808837890625,0.0001
2620.40283203125,562.49,300060,410795.25,11.404006004333496,2777,-56365.258333330006,108,624,74989,-20.51354217529297,0.0001
3172.271240234375,557.81,302136,670418.625,11.583154678344727,2797,-57186.30833333,108,628,75508,-20.894817352294922,0.0001
2753.96142578125,576.32,304464,588347.3125,11.789444923400879,2818,-55371.608333330005,108,632,76090,-20.95880889892578,0.0001
2935.59228515625,601.32,308228,474251.15625,12.128485679626465,2853,-53521.80833333,108,636,77031,-19.242652893066406,0.0001
3157.8671875,621.02,310632,841057.625,12.336833953857422,2875,-51501.65833333001,108,640,77632,-17.379051208496094,0.0001
3138.9677734375,617.36,314632,2744416.5,12.675372123718262,2912,-52464.95833333,108,644,78632,-16.547256469726562,0.0001
3578.7548828125,609.94,317260,17998736.0,12.898638725280762,2937,-53500.65833333001,108,648,79289,-15.56179428100586,0.0001
3674.23046875,641.26,320220,10379233.0,13.150736808776855,2964,-51595.758333330006,108,652,80029,-13.44675350189209,0.0001
2453.40625,678.81,324100,608557.375,13.476119995117188,3000,-48831.95833333,108,656,80999,-12.724043846130371,0.0001
3112.087890625,714.84,328100,831620.1875,13.841304779052734,3037,-45396.508333330006,108,660,81999,-14.354806900024414,0.0001
3064.24365234375,733.26,331480,784478.5,14.200987815856934,3068,-44860.4625,108,664,82844,-14.53045654296875,0.0001
3714.540771484375,725.13,335480,440715.1875,14.599637031555176,3105,-44818.5375,108,668,83844,-12.97513198852539,0.0001
3321.91796875,725.45,337588,422565.5,14.817732810974121,3125,-45013.3875,108,672,84371,-14.561025619506836,0.0001
3514.166015625,722.93,340036,485560.125,15.090618133544922,3147,-45788.0875,108,676,84983,-15.393739700317383,0.0001
3423.293701171875,711.05,340364,484459.46875,15.129037857055664,3150,-46669.1875,108,680,85065,-15.12241268157959,0.0001
2850.41552734375,676.6,341132,613752.375,15.216852188110352,3158,-49324.3875,108,684,85257,-14.151906967163086,0.0001
3193.32568359375,653.38,343368,628202.5,15.464241981506348,3178,-52176.6125,108,688,85816,-13.633817672729492,0.0001
3362.724609375,628.35,344556,23300636.0,15.580243110656738,3189,-55712.0125,108,692,86113,-9.537191390991211,0.0001
3412.8544921875,611.86,345420,547564.375,15.664106369018555,3197,-57546.9125,108,696,86329,-11.885839462280273,0.0001
4271.46484375,626.57,348924,1162196.75,16.07870864868164,3230,-56748.9625,108,700,87205,-13.805878639221191,0.0001
2806.687255859375,638.79,351352,1550821.0,16.395076751708984,3252,-56766.9625,108,704,87812,-13.860292434692383,0.0001
4167.775390625,647.83,355352,967681.1875,16.903732299804688,3289,-56592.604166670004,108,708,88812,-12.981382369995117,0.0001
3363.855712890625,647.1,357452,1025816.25,17.180606842041016,3309,-55688.304166669994,108,712,89337,-14.27511978149414,0.0001
3597.272216796875,656.96,361140,9867722.0,17.70079803466797,3343,-54684.85416667,108,716,90259,-13.71274471282959,0.0001
3679.662109375,647.05,363536,1000195.4375,18.030372619628906,3364,-56335.72916667,108,720,90858,-13.126692771911621,0.0001
3543.613037109375,665.23,365780,721350.5625,18.340824127197266,3385,-54064.554166669994,108,724,91419,-13.294367790222168,0.0001
3936.20703125,658.51,367536,806270.125,18.599395751953125,3401,-55029.304166669994,108,728,91858,-14.174269676208496,0.0001
4077.61572265625,649.99,370040,8294549.0,18.96516990661621,3424,-56698.25416667,108,732,92484,-12.478179931640625,0.0001
3276.828125,660.55,374040,896872.0,19.560409545898438,3461,-55609.704166669995,108,736,93484,-11.39201831817627,0.0001
3986.775390625,653.47,376144,1779628.5,19.869831085205078,3480,-56756.15416666999,108,740,94010,-12.101646423339844,0.0001
3789.174072265625,648.26,378852,909298.75,20.286699295043945,3505,-56280.679166669994,108,744,94687,-12.657835006713867,0.0001
4300.0966796875,636.35,380356,1128695.25,20.526256561279297,3519,-58276.22916667,108,748,95063,-12.578137397766113,0.0001
3511.3369140625,636.58,383236,863819.625,20.9908447265625,3546,-59156.72916667,108,752,95783,-11.608077049255371,0.0001
4229.1318359375,629.25,386560,931848.375,21.50238609313965,3577,-60222.929166669994,108,756,96614,-10.903238296508789,0.0001
4199.78515625,625.0,390560,878401.9375,22.057558059692383,3613,-60773.079166669995,108,760,97614,-11.126495361328125,0.0001
3786.3271484375,622.0,394528,654808.75,22.672195434570312,3650,-60982.44166667,108,764,98606,-9.876190185546875,0.0001
4226.580078125,611.03,395652,1978462.625,22.842424392700195,3661,-61853.09166666999,108,768,98887,-9.58087158203125,0.0001
4905.64599609375,599.93,397168,1149280.5,23.072267532348633,3675,-63631.79166667,108,772,99266,-9.377220153808594,0.0001
4576.47509765625,606.56,401032,463755.6875,23.620616912841797,3711,-62517.508333339996,108,776,100232,-7.322904586791992,0.0001
4120.46044921875,623.36,403304,852357.25,23.918502807617188,3733,-62335.10833334,108,780,100800,-8.294450759887695,0.0001
3704.572509765625,642.52,405776,1009338.5,24.357297897338867,3757,-60317.73333334,107,784,101418,-8.951236724853516,0.0001
4468.58203125,649.86,408168,23243770.0,24.796260833740234,3781,-59486.258333339996,107,788,102016,-7.6851091384887695,0.0001
5225.525390625,661.48,409776,940430.875,25.086769104003906,3797,-57716.55833334,107,792,102418,-8.539651870727539,0.0001
5157.927734375,664.68,413416,20409028.0,25.822389602661133,3833,-57608.39583334,107,796,103328,-10.387712478637695,0.0001
4372.76611328125,661.09,415120,21648596.0,26.177736282348633,3849,-57675.54583334,107,800,103754,-8.83645248413086,0.0001
4548.4560546875,647.81,416068,1059173.0,26.381685256958008,3859,-57646.945833339996,107,804,103991,-8.849039077758789,0.0001
4159.380859375,622.5,417468,34741824.0,26.660215377807617,3872,-59419.070833339996,107,808,104341,-8.277227401733398,0.0001
3240.316162109375,641.97,421468,2211697.75,27.463016510009766,3912,-57613.97083334,107,812,105341,-9.406524658203125,0.0001
4448.6064453125,619.67,422404,1099530.75,27.673891067504883,3921,-59721.22083334,107,816,105575,-8.605111122131348,0.0001
4185.7978515625,626.97,425964,991219.25,28.35639762878418,3956,-58827.29583334,107,820,106465,-6.0950212478637695,0.0001
4849.3779296875,625.38,427704,840108.5,28.696517944335938,3973,-60264.47083334,107,824,106900,-6.82879638671875,0.0001
5233.2490234375,611.58,428632,922075.625,28.911664962768555,3982,-61226.37083334,107,828,107132,-10.239070892333984,0.0001
4789.3681640625,608.21,430444,1283259.0,29.337648391723633,4000,-61288.29583334,107,832,107585,-7.8464484214782715,0.0001
4744.3310546875,610.96,434444,27952246.0,30.41385841369629,4039,-60356.76250001,107,836,108585,-9.854767799377441,0.0001
4190.029296875,610.91,437552,919136.5625,31.337249755859375,4069,-60236.087500010006,107,840,109362,-9.405200958251953,0.0001
4137.00341796875,610.89,439796,1342905.0,31.94719696044922,4091,-60449.962500010006,107,844,109923,-9.677618026733398,0.0001
4488.12109375,611.15,441552,2117460.0,32.43169403076172,4108,-60452.562500010004,107,848,110362,-10.538219451904297,0.0001
4723.65966796875,590.67,443072,1488582.625,32.815673828125,4123,-61185.67500001,107,852,110742,-11.029479026794434,0.0001
4240.00390625,579.78,444484,2407798.5,33.194583892822266,4137,-61976.525000010006,107,856,111095,-11.119508743286133,0.0001
4421.18017578125,560.87,447968,1410172.25,34.13274002075195,4172,-65194.375000010004,107,860,111966,-7.778088569641113,0.0001
4519.203125,559.22,448876,2114419.25,34.339805603027344,4181,-65050.47500001,107,864,112193,-7.100943088531494,0.0001
5027.88232421875,563.92,452808,2465100.25,35.28842544555664,4219,-65010.150000010006,107,868,113176,-8.316819190979004,0.0001
5451.4931640625,569.85,455312,27545636.0,35.9503059387207,4244,-64279.650000010006,107,872,113802,-7.907129287719727,0.0001
5818.7509765625,564.65,456484,1085630.5,36.239505767822266,4256,-65503.58333334,107,876,114095,-7.459445953369141,0.0001
5174.89208984375,559.66,459012,1912028.875,36.865196228027344,4281,-65600.05833334,107,880,114727,-6.713251113891602,0.0001
4591.46728515625,547.3,460856,1645929.875,37.34479904174805,4299,-67685.43333334,107,884,115188,-7.474875450134277,0.0001
5620.73046875,538.7,461544,1445429.25,37.52762222290039,4306,-68603.65833334,107,888,115360,-7.073265552520752,0.0001
4844.2763671875,530.66,463316,20521562.0,37.98249053955078,4324,-69522.70833334,107,892,115803,-6.891460418701172,0.0001
4674.88037109375,524.24,464776,2013745.875,38.36497116088867,4338,-70598.57083334,107,896,116168,-7.996527194976807,0.0001
5957.43505859375,515.13,465760,1539293.75,38.627777099609375,4348,-72507.27083334,107,900,116414,-6.546575546264648,0.0001
4771.77880859375,518.67,467644,26475924.0,39.098506927490234,4367,-72542.67083334,107,904,116885,-5.812842845916748,0.0001
4461.2255859375,531.75,470208,1315605.5,39.772483825683594,4392,-71773.50416667,107,908,117526,-4.828007698059082,0.0001
5242.3564453125,515.57,473092,2653123.5,40.46468734741211,4420,-73406.85416666999,107,912,118247,-6.829471111297607,0.0001
5593.30126953125,530.63,475052,35358552.0,41.0673942565918,4438,-71079.13416666999,107,916,118737,-6.669203758239746,0.0001
6087.552734375,532.24,478624,2120260.25,42.123783111572266,4472,-70978.43416666999,107,920,119630,-5.754483222961426,0.0001
5296.29052734375,538.66,482580,2281310.25,43.45882034301758,4511,-70900.38416666999,106,924,120619,-5.177042007446289,0.0001
6010.17529296875,565.58,484832,7476504.5,44.08700180053711,4533,-69733.58416667,106,928,121182,-5.744185447692871,0.0001
5327.857421875,561.03,487296,1868007.75,44.85808181762695,4557,-70737.63416666999,106,932,121798,-5.096674919128418,0.0001
5557.9833984375,552.95,489696,1807114.0,45.5374755859375,4581,-72807.1175,106,936,122398,-4.193929672241211,0.0001
5848.5498046875,553.91,492480,1659137.75,46.3345947265625,4607,-72781.2425,106,940,123094,-4.27772331237793,0.0001
5419.74462890625,559.3,496472,1676163.75,47.719425201416016,4645,-72443.65083333,106,944,124092,-6.352230072021484,0.0001
5772.12890625,567.05,497792,1621891.25,48.1985969543457,4658,-71011.27583333,106,948,124422,-4.750871658325195,0.0001
6478.7939453125,594.73,501792,15620092.0,49.61467361450195,4696,-67068.14439394,106,952,125422,-4.695681571960449,0.0001
5395.8134765625,580.29,503288,1617380.625,50.13007354736328,4710,-67921.94439394,106,956,125796,-3.286710262298584,0.0001
6393.564453125,596.2,506004,1779936.375,50.73025894165039,4736,-65611.74439394,106,960,126475,-2.6988868713378906,0.0001
6302.68115234375,580.7,507428,18832200.0,50.90194320678711,4750,-67383.49439394,106,964,126831,-0.2594816982746124,0.0001
5581.6103515625,568.03,509080,1344369.75,51.08629608154297,4767,-68463.56939394,106,968,127244,-1.5874295234680176,0.0001
6700.28564453125,559.63,510464,1451766.25,51.252037048339844,4780,-69277.01939394,106,972,127590,-1.2804298400878906,0.0001
5402.4443359375,557.87,512144,28358876.0,51.536476135253906,4797,-69949.63606061,106,976,128010,-2.351395606994629,0.0001
6650.9521484375,556.67,515436,1763221.25,52.51768493652344,4829,-70931.22772728001,106,980,128833,-1.137235164642334,0.0001
6086.7626953125,584.34,519436,1364099.25,53.060752868652344,4868,-68103.92772728,106,984,129833,0.43010345101356506,0.0001
6073.04736328125,602.15,521600,1622237.5,53.08517074584961,4889,-66043.95272728,106,988,130374,-0.25101369619369507,0.0001
7055.126953125,607.21,524624,5365652.0,53.41545104980469,4918,-65877.52772728,106,992,131130,0.540730357170105,0.0001
7218.9755859375,624.03,527364,1583160.75,53.51260757446289,4944,-63558.52772728,106,996,131815,-0.18783038854599,0.0001
6835.3466796875,626.76,528788,1377988.125,53.47247314453125,4957,-63245.16106060999,106,1000,132171,-0.036989957094192505,0.0001
6743.0693359375,625.16,529956,1541532.625,53.223976135253906,4968,-63100.81106061,106,1004,132463,0.9203648567199707,0.0001
5472.07421875,605.43,531932,1912679.0,52.981300354003906,4988,-65041.16106061,106,1008,132957,-0.280053973197937,0.0001
6018.798828125,608.95,533548,1599852.75,53.14043045043945,5004,-65281.011060610006,106,1012,133361,1.0630731582641602,0.0001
7144.3310546875,597.99,534700,1890967.625,53.204017639160156,5015,-67534.88106061,106,1016,133649,-0.48544174432754517,0.0001
6914.2646484375,596.3,538432,1920143.25,53.55872344970703,5051,-68621.83106061,106,1020,134582,-0.14126695692539215,0.0001
7088.53857421875,588.24,541676,17490940.0,53.19892120361328,5083,-69444.46856061001,106,1024,135393,0.2190326601266861,0.0001
7627.3916015625,580.16,542924,1885651.625,53.33539581298828,5095,-68493.36856061,106,1028,135705,-0.39640817046165466,0.0001
6974.26171875,588.54,546096,1527281.5,54.069236755371094,5126,-67206.35467172001,106,1032,136498,1.1028940677642822,0.0001
7100.7626953125,577.97,547300,9580572.0,54.038639068603516,5138,-68000.82967172,106,1036,136799,-0.3453637361526489,0.0001
7442.357421875,598.72,551300,2190082.5,53.46375274658203,5176,-65112.01300505,106,1040,137799,0.4489276707172394,0.0001
6912.55859375,574.58,552952,2164794.0,53.560001373291016,5192,-68248.61022728,106,1044,138212,-0.41671881079673767,0.0001
8110.1640625,566.91,555300,2135329.0,52.77812957763672,5215,-69568.93522728,106,1048,138799,1.120206594467163,0.0001
5986.59814453125,550.22,558056,2209904.5,52.12496566772461,5242,-72882.25416667,106,1052,139488,1.046248435974121,0.0001
6810.8798828125,574.26,560876,2555697.25,52.71855545043945,5270,-71712.93749999999,106,1056,140193,-2.034130096435547,0.0001
6798.12158203125,573.15,563300,2341757.5,54.492523193359375,5293,-70970.2375,106,1060,140799,-1.5824313163757324,0.0001
6943.7255859375,588.11,567300,2215768.0,55.3592414855957,5331,-68712.70416667001,106,1064,141799,1.576406478881836,0.0001
8894.9365234375,597.18,568048,1672280.375,55.04271697998047,5339,-67702.97916666999,106,1068,141986,1.5671764612197876,0.0001
7855.45703125,598.53,570948,20185958.0,54.40727615356445,5368,-67618.22916666999,106,1072,142711,1.6858954429626465,0.0001
7592.7138671875,595.87,571764,4253691.5,54.101226806640625,5376,-67905.9625,106,1076,142915,0.9917900562286377,0.0001
8403.43359375,589.15,573888,2250349.75,52.88153839111328,5396,-66817.84583333001,106,1080,143446,2.090270519256592,0.0001
7703.5576171875,574.2,575708,17104904.0,52.08389663696289,5414,-68672.44583333,106,1084,143901,2.2055585384368896,0.0001
7058.607421875,563.9,578424,2101716.25,51.49285125732422,5441,-71808.29583333,106,1088,144580,1.7541098594665527,0.0001
7134.7490234375,564.05,581552,8008695.0,50.379676818847656,5472,-71825.08333333001,106,1092,145362,0.08064234256744385,0.0001
8606.236328125,567.07,584396,2202345.25,49.760196685791016,5499,-70864.82638889001,106,1096,146073,1.8343505859375,0.0001
8227.1953125,574.22,585500,2990652.75,49.32414245605469,5510,-71175.74305556,106,1100,146349,1.6657418012619019,0.0001
6193.181640625,576.46,588680,2142848.25,48.579715728759766,5541,-72224.64305556001,106,1104,147144,0.9027748107910156,0.0001
7635.30029296875,598.3,590400,1634224.5,47.895118713378906,5557,-70046.84722223,106,1108,147574,1.150833249092102,0.0001
7430.32763671875,603.34,593816,1789919.75,47.04332733154297,5591,-68894.04722223,106,1112,148428,1.9681940078735352,0.0001
8146.142578125,607.72,595636,2280251.0,46.39279556274414,5608,-68703.44305556,106,1116,148883,-0.5459569692611694,0.0001
8669.7294921875,604.42,598532,12337405.0,45.803409576416016,5636,-68800.14305556001,106,1120,149607,0.8826108574867249,0.0001
8288.736328125,600.04,601784,2133765.0,45.351566314697266,5667,-67754.95555556001,106,1124,150420,0.7342441082000732,0.0001
7209.314453125,608.24,605084,1819827.5,43.88630676269531,5699,-68817.90555556,106,1128,151245,1.2374720573425293,0.0001
8074.50146484375,619.92,607116,1938447.25,42.544517517089844,5720,-67406.19444445,106,1132,151753,1.8196051120758057,0.0001
8497.3876953125,609.85,608488,1647283.125,42.04306411743164,5733,-68408.01944445,106,1136,152096,1.8655086755752563,0.0001
8671.208984375,592.97,611140,1701202.25,41.47218704223633,5758,-70030.63611112001,106,1140,152759,1.4501938819885254,0.0001
10088.732421875,605.51,613736,2025413.875,40.67267990112305,5783,-68145.09305555999,106,1144,153408,-0.06399548053741455,0.0001
8020.146484375,616.77,616784,1683174.5,40.12181854248047,5813,-68118.19305556,106,1148,154170,1.3840466737747192,0.0001
8676.791015625,611.02,618584,2064780.75,39.396629333496094,5831,-67899.91527778,106,1152,154620,1.4569134712219238,0.0001
7718.43408203125,600.67,620096,1642800.0,38.85004425048828,5845,-68177.43194445,106,1156,154998,2.0640792846679688,0.0001
7755.9599609375,608.01,624096,1636807.125,37.18918991088867,5885,-68149.76527778,106,1160,155998,1.1018325090408325,0.0001
9522.939453125,596.19,626176,7857805.5,36.88996124267578,5905,-69427.89861111,106,1164,156518,0.8649376630783081,0.0001
8157.5810546875,601.06,628096,2253935.25,36.68438720703125,5923,-69338.92361111,106,1168,156998,-0.653261661529541,0.0001
10087.1171875,596.99,631008,3537230.75,37.659488677978516,5952,-70498.82361111,106,1172,157726,-1.2114334106445312,0.0001
7946.02734375,611.3,634072,14257818.0,38.17657470703125,5982,-68597.41111111,105,1176,158492,1.31325101852417,0.0001
8599.0,635.13,637808,1506574.0,37.58676528930664,6018,-66707.54722222,105,1180,159426,1.1180880069732666,0.0001
7302.72998046875,645.87,641024,1753077.25,36.945220947265625,6050,-66687.68472222,105,1184,160230,1.5326910018920898,0.0001
7727.63525390625,655.49,644236,2234338.5,35.64455795288086,6082,-63773.28472222001,105,1188,161033,1.8687806129455566,0.0001
8668.646484375,645.03,645796,1874520.75,35.377620697021484,6097,-64970.77222222,105,1192,161423,-0.8243647813796997,0.0001
8144.3876953125,639.39,647372,1855177.375,35.4341926574707,6113,-66289.12916666,105,1196,161817,1.0456055402755737,0.0001
8181.314453125,638.05,649796,3421481.0,35.707923889160156,6137,-65377.07916666,105,1200,162423,-1.3006834983825684,0.0001
8590.4755859375,656.67,653480,8740899.0,36.756107330322266,6173,-63563.679166660004,105,1204,163344,0.3378218412399292,0.0001
9655.69921875,647.89,654988,2986801.5,36.99718475341797,6188,-65975.17499998999,105,1208,163721,-1.3990674018859863,0.0001
6444.0888671875,634.66,657944,2277685.5,37.26213455200195,6218,-67842.62499999,105,1212,164460,0.9099438190460205,0.0001
7250.85888671875,632.37,659080,1919937.75,37.241966247558594,6229,-68068.22916666,105,1216,164744,0.7461766600608826,0.0001
9327.84765625,643.88,663080,2451572.5,37.70623016357422,6268,-66077.07916666,105,1220,165744,-1.1962480545043945,0.0001
7984.71875,636.59,664780,3250177.75,38.067138671875,6285,-67244.47916666,105,1224,166169,0.17425721883773804,0.0001
6882.1591796875,623.55,666192,2234133.0,38.5079460144043,6299,-68439.42916666,105,1228,166522,-1.1648707389831543,0.0001
8452.037109375,612.75,668780,2019577.25,39.17262268066406,6325,-70204.89166666,105,1232,167169,0.03551003336906433,0.0001
9098.01171875,623.7,671376,2089218.625,38.6095085144043,6350,-69095.33055555,105,1236,167818,0.13886985182762146,0.0001
9355.7880859375,616.61,672116,3122406.5,38.44839859008789,6357,-70351.53055555,105,1240,168003,0.13877201080322266,0.0001
7992.0595703125,613.17,675232,2560901.5,37.517356872558594,6387,-72414.11805555,105,1244,168782,1.2400933504104614,0.0001
9109.8359375,615.26,679232,2737708.0,37.00983428955078,6426,-71359.56805555,105,1248,169782,-0.8539782762527466,0.0001
10051.052734375,626.87,681748,11079334.0,37.79001235961914,6451,-70455.32583333,105,1252,170411,-1.0254855155944824,0.0001
9244.90625,628.79,683724,2004829.75,38.582191467285156,6470,-70504.47583333001,105,1256,170905,-2.088369369506836,0.0001
8417.3701171875,622.02,687264,2250979.0,39.52421569824219,6506,-70739.0425,105,1260,171790,-0.8273196220397949,0.0001
7167.7841796875,638.77,691264,1830919.5,38.986106872558594,6545,-69118.0925,105,1264,172790,1.5258868932724,0.0001
9420.4638671875,649.81,695072,2488554.5,37.4386100769043,6582,-69299.1425,105,1268,173742,0.6569961309432983,0.0001
8871.3955078125,674.55,699072,2126444.5,36.97951889038086,6621,-66194.7425,105,1272,174742,-0.009940043091773987,0.0001
8656.009765625,666.24,699900,3282616.75,37.062557220458984,6629,-66113.655,105,1276,174949,-1.355985403060913,0.0001
10465.501953125,655.53,703900,2491999.5,37.58042907714844,6668,-67123.71888889,105,1280,175949,1.519469976425171,0.0001
8979.26171875,655.69,707652,2212173.75,36.625370025634766,6704,-66229.50638889,105,1284,176887,1.4589167833328247,0.0001
9800.455078125,656.48,709084,2296484.5,36.35303497314453,6718,-66060.23138889,105,1288,177245,0.6686677932739258,0.0001
10124.82421875,676.66,713084,2122685.5,35.1599006652832,6757,-62876.03555556,105,1292,178245,1.1326003074645996,0.0001
8800.19921875,679.88,715900,1321963.75,33.972686767578125,6784,-62795.402222230005,105,1296,178949,2.982193946838379,0.0001
10134.2041015625,674.84,718168,10124883.0,32.89423370361328,6807,-62645.00222223,105,1300,179516,3.751429557800293,0.0001
11612.9013671875,673.23,721892,2247124.5,31.285001754760742,6844,-62625.20222223001,105,1304,180447,3.6009984016418457,0.0001
8632.6650390625,681.43,723428,1552718.25,30.719839096069336,6859,-60607.152222230005,105,1308,180831,3.0108489990234375,0.0001
10876.6904296875,678.8,724624,26421020.0,30.32430648803711,6871,-60784.20222223001,105,1312,181130,2.8439784049987793,0.0001
9702.33203125,668.87,726388,2649272.0,30.037233352661133,6888,-61785.552222230006,105,1316,181571,1.8233596086502075,0.0001
10508.677734375,672.72,730388,2552280.0,29.40751838684082,6928,-61030.60222223001,105,1320,182571,2.395625352859497,0.0001
12354.2744140625,681.29,732452,6513879.0,28.892549514770508,6949,-61116.302222230006,105,1324,183087,2.125950813293457,0.0001
8877.3046875,696.62,736452,2323350.0,27.868221282958984,6989,-59164.75222223,105,1328,184087,3.7779924869537354,0.0001
10522.30078125,709.42,740008,5280413.0,26.95219612121582,7024,-58284.802222230006,105,1332,184976,2.971076250076294,0.0001
10803.666015625,701.02,741268,2080111.25,26.660799026489258,7036,-58519.96333334,105,1336,185291,3.0956435203552246,0.0001
8439.1708984375,700.0,742752,1501204.0,26.21490478515625,7051,-59516.06333334,105,1340,185662,3.7139315605163574,0.0001
9871.9150390625,709.48,746284,2227666.75,25.26184844970703,7085,-57646.163333339995,105,1344,186545,4.269064426422119,0.0001
11540.349609375,705.68,749780,1896673.375,24.287288665771484,7119,-56678.788333339995,105,1348,187419,4.369104385375977,0.0001
8892.6162109375,696.6,750464,17123496.0,24.111133575439453,7126,-58910.80833334,105,1352,187590,4.532447814941406,0.0001
11302.1435546875,688.47,752320,2071826.0,23.778329849243164,7144,-59697.704166669995,105,1356,188054,3.2972493171691895,0.0001
10299.4208984375,680.64,755600,2721666.75,23.29546546936035,7177,-62619.10416667,105,1360,188874,1.9620048999786377,0.0001
11316.5966796875,680.01,758904,2108575.75,22.734067916870117,7208,-63479.71666666999,105,1364,189700,2.5627307891845703,0.0001
10906.939453125,664.14,759708,7462647.5,22.595600128173828,7216,-63119.63888889,105,1368,189901,2.598296642303467,0.0001
11112.900390625,645.61,763256,3499422.25,22.082042694091797,7251,-66156.30138889,105,1372,190788,1.549227237701416,0.0001
11529.009765625,653.96,765252,2767164.0,21.909147262573242,7270,-66068.76805556001,105,1376,191287,1.383054494857788,0.0001
13750.5673828125,655.32,768132,3010851.0,21.542451858520508,7298,-66876.27638889,105,1380,192007,2.2830514907836914,0.0001
11734.0888671875,646.83,771376,9503186.0,21.292818069458008,7330,-67787.50138889,105,1384,192818,1.536879062652588,0.0001
13759.388671875,637.48,774260,3287150.5,20.810836791992188,7358,-69775.31388889,105,1388,193539,4.134092330932617,0.0001
14060.787109375,634.28,776772,3938028.0,20.305423736572266,7383,-71797.90972222,105,1392,194167,2.756333112716675,0.0001
12550.8896484375,637.29,779140,3309070.5,19.882469177246094,7406,-71827.87638888,105,1396,194759,2.2690610885620117,0.0001
12663.833984375,636.49,782276,2578278.0,19.338258743286133,7437,-72819.25138888,105,1400,195543,2.6187963485717773,0.0001
12588.89453125,631.75,784436,11835875.0,18.974733352661133,7458,-73755.03888888,105,1404,196083,1.1885294914245605,0.0001
13065.826171875,627.45,786364,2684341.0,18.685810089111328,7476,-73712.28888888,105,1408,196565,3.578679084777832,0.0001
10675.435546875,638.11,789352,3426981.25,18.160966873168945,7506,-73331.06055555,105,1412,197312,2.2894973754882812,0.0001
13565.5478515625,648.87,790364,3919964.5,18.08229637145996,7516,-71438.86055555,105,1416,197565,1.0285203456878662,0.0001
11183.2216796875,633.82,793944,3000635.75,17.927791595458984,7551,-74288.06055555,105,1420,198460,0.8168749809265137,0.0001
13957.873046875,634.93,796184,7218022.0,17.597230911254883,7572,-72775.21388888,105,1424,199020,2.1245322227478027,0.0001
14589.369140625,625.52,798832,15726976.0,17.326051712036133,7599,-73686.06388888,105,1428,199682,2.431946039199829,0.0001
13731.814453125,612.75,801400,4585587.5,16.933691024780273,7623,-74130.50972220999,105,1432,200324,1.628098487854004,0.0001
13621.9140625,619.07,803012,2802333.0,16.899568557739258,7639,-74758.45972221,105,1436,200727,-0.045854777097702026,0.0001
11504.162109375,630.48,805416,3396268.5,16.663564682006836,7662,-73899.70972221,105,1440,201328,2.793159008026123,0.0001
12496.443359375,621.92,808228,3270107.75,16.180622100830078,7690,-74749.65972221,105,1444,202031,1.6506134271621704,0.0001
11973.787109375,622.58,811036,3219518.0,16.13256072998047,7717,-75901.88472221,105,1448,202733,0.37703657150268555,0.0001
14241.810546875,625.71,813916,15940998.0,15.849743843078613,7745,-74933.28472221,105,1452,203453,0.7010083198547363,0.0001
13562.6435546875,631.34,816096,3143596.0,15.71759033203125,7767,-74068.27638888,105,1456,203998,2.1332178115844727,0.0001
16656.6796875,632.96,817456,8673312.0,15.622180938720703,7780,-72983.82638888,105,1460,204338,0.7659016847610474,0.0001
14746.1875,604.3,818276,3643122.5,15.608406066894531,7788,-74830.01388888,105,1464,204543,0.1751360297203064,0.0001
14311.9296875,604.71,820388,2714430.5,15.523531913757324,7808,-74937.84166666,105,1468,205071,1.112270712852478,0.0001
14872.173828125,586.55,821692,2984430.5,15.358890533447266,7821,-74886.07916666,105,1472,205397,0.8595346212387085,0.0001
14352.568359375,568.84,822648,2707666.5,15.250903129577637,7831,-76022.61249998999,105,1476,205636,1.1208045482635498,0.0001
12854.490234375,547.07,822992,3188028.0,15.207422256469727,7834,-77253.25416666,105,1480,205722,2.176424980163574,0.0001
14723.6806640625,532.9,823608,3566137.5,15.121415138244629,7840,-77238.50416666,105,1484,205876,0.5755051970481873,0.0001
14649.185546875,548.81,827608,3484125.5,15.215826034545898,7880,-74499.41666666,105,1488,206876,0.1740671843290329,0.0001
13986.373046875,549.05,831136,3473257.0,15.145281791687012,7915,-73833.41666666,104,1492,207758,-0.08932250738143921,0.0001
15756.5068359375,544.75,834100,3968911.5,15.285529136657715,7944,-73664.49166666,104,1496,208499,-1.4620651006698608,0.0001
15647.978515625,566.54,838100,3599969.25,15.60339069366455,7982,-71585.59999999,104,1500,209499,1.3408204317092896,0.0001
13202.3359375,561.54,840020,4780445.0,15.602869987487793,8000,-72343.26249999,104,1504,209979,-0.6961925029754639,0.0001
15066.986328125,549.94,841140,21225836.0,15.527939796447754,8011,-74187.68749999,104,1508,210259,-0.1691141426563263,0.0001
16343.3046875,562.26,844888,3205509.0,15.675810813903809,8048,-73422.20333332001,104,1512,211196,-1.2338380813598633,0.0001
15279.4697265625,567.91,848652,3165597.25,16.324634552001953,8085,-73262.57833332001,104,1516,212137,-1.731654405593872,0.0001
15468.619140625,568.67,849880,6183256.5,16.25133514404297,8097,-73270.17833332,104,1520,212444,2.2285244464874268,0.0001
16269.1630859375,576.82,853444,3718860.0,16.12803077697754,8130,-73228.23888887999,104,1524,213335,-2.3827104568481445,0.0001
15429.9267578125,572.77,856012,1795173.75,16.745567321777344,8156,-73287.73888887999,104,1528,213977,0.05111381411552429,0.0001
15167.115234375,575.32,858656,2193406.0,16.40770721435547,8182,-72771.36805555,104,1532,214638,2.4281578063964844,0.0001
19338.71484375,579.81,861324,7688603.5,16.37358856201172,8209,-72044.78472222,104,1536,215305,-0.08734935522079468,0.0001
14663.7744140625,593.39,865324,2240502.75,15.687460899353027,8248,-69280.88472222,104,1540,216305,4.933413028717041,0.0001
18810.669921875,592.91,867896,1731696.75,15.13204288482666,8273,-69235.15972222,104,1544,216948,2.6087217330932617,0.0001
15867.7001953125,595.22,870920,1695685.5,14.669321060180664,8303,-68067.63472222,104,1548,217704,3.4250125885009766,0.0001
20022.39453125,605.94,874920,2308597.0,14.273702621459961,8342,-66074.68472222,104,1552,218704,1.5558902025222778,0.0001
17748.314453125,614.74,876560,2168907.5,14.113171577453613,8358,-66216.49722222,104,1556,219114,0.5941497683525085,0.0001
16239.4921875,623.67,880560,2063254.0,13.756474494934082,8398,-65269.99722222,104,1560,220114,1.268925666809082,0.0001
17938.66015625,641.21,881988,2121586.25,13.627660751342773,8412,-64344.09722222001,104,1564,220471,2.8946328163146973,0.0001
18275.373046875,629.97,884424,1376947.875,13.366786003112793,8436,-65496.797222220004,104,1568,221080,2.3190507888793945,0.0001
18570.25390625,656.0,886696,1642571.75,13.135348320007324,8458,-63442.24722222,104,1572,221648,3.513657569885254,0.0001
17715.43359375,677.63,890696,2137668.25,12.797403335571289,8497,-61393.447222220006,104,1576,222648,0.9502121806144714,0.0001
19221.1328125,696.95,892964,1524235.125,12.666735649108887,8519,-60382.197222220006,104,1580,223215,1.1224305629730225,0.0001
19992.578125,709.0,895744,1331993.25,12.398159980773926,8547,-61392.09722222001,104,1584,223910,1.1400377750396729,0.0001
19441.73046875,695.89,897208,2469846.5,12.355958938598633,8561,-64265.74722222,104,1588,224276,0.5974022746086121,0.0001
20891.46875,700.67,901208,4602908.0,12.275199890136719,8601,-64205.52222222,104,1592,225276,1.1904031038284302,0.0001
19786.82421875,680.98,902632,4644670.0,12.272520065307617,8615,-66508.45555556001,104,1596,225632,0.5879119038581848,0.0001
20742.67578125,663.51,903484,2677676.5,12.234450340270996,8623,-68468.00555556,104,1600,225845,0.7294462323188782,0.0001
20640.396484375,649.02,905104,2625836.25,12.128669738769531,8639,-68531.70555556,104,1604,226250,0.7733708620071411,0.0001
18999.142578125,652.68,907216,2254397.0,12.00046443939209,8660,-67501.27916666999,104,1608,226778,-0.8099870085716248,0.0001
20632.8984375,653.54,910624,9948344.0,12.325509071350098,8693,-66786.59166666999,104,1612,227630,-1.7784197330474854,0.0001
23145.0078125,656.84,914416,2714362.5,12.862147331237793,8731,-66927.46666666999,104,1616,228578,-1.7664397954940796,0.0001
21557.47265625,659.13,916480,2552070.25,13.067717552185059,8751,-66741.51666667,104,1620,229094,-0.5158578157424927,0.0001
19709.85546875,650.21,918648,4497209.0,13.205282211303711,8773,-68299.70277778,104,1624,229636,-0.44563329219818115,0.0001
22742.875,658.26,922012,3907228.5,13.187936782836914,8806,-67274.50277778,104,1628,230477,0.22507908940315247,0.0001
21524.953125,657.9,925060,2014904.375,13.350774765014648,8836,-68122.41527777999,104,1632,231239,-0.9613996744155884,0.0001
21801.361328125,665.19,928028,1899239.25,13.420654296875,8865,-66301.69861111,104,1636,231981,0.15718460083007812,0.0001
22530.0,659.08,931464,1534966.375,13.128459930419922,8899,-67240.49861111,104,1640,232840,0.7294211983680725,0.0001
23303.47265625,674.04,935464,2686787.0,12.70512580871582,8938,-65482.52361111,104,1644,233840,1.6160292625427246,0.0001
20363.048828125,668.38,938612,1493339.75,12.37475872039795,8969,-66583.74861111,104,1648,234627,-0.59136962890625,0.0001
23948.974609375,674.44,942612,2219407.5,12.195030212402344,9009,-65628.49861111,104,1652,235627,0.1829957664012909,0.0001
23418.82421875,685.49,946612,859671.5625,12.001133918762207,9049,-62839.29861111,104,1656,236627,-1.1152167320251465,0.0001
22728.32421875,689.7,950612,853432.25,12.122367858886719,9088,-61914.04861111,104,1660,237627,0.5393925309181213,0.0001
25285.748046875,700.87,952888,992893.4375,11.925989151000977,9111,-60127.34861111,104,1664,238196,0.5070828199386597,0.0001
23726.234375,709.32,954848,755372.375,11.666028022766113,9130,-59211.948611110005,104,1668,238686,2.0309128761291504,0.0001
25240.1875,704.99,957840,1223543.75,11.115097999572754,9160,-60483.59861111,104,1672,239434,2.5390195846557617,0.0001
23378.609375,710.39,961840,880139.0,10.678811073303223,9198,-59558.39861111,104,1676,240434,0.5282329320907593,0.0001
23740.779296875,722.85,965840,652885.3125,10.330913543701172,9238,-56778.92361111,104,1680,241434,2.866067886352539,0.0001
23466.3046875,733.69,967988,565551.875,10.057312965393066,9259,-53887.02361111,104,1684,241971,5.306242942810059,0.0001
23930.06640625,744.58,971760,398834.875,9.545559883117676,9296,-52096.12361111,104,1688,242914,3.9271960258483887,0.0001
23059.484375,742.82,975100,300993.84375,9.164274215698242,9329,-51186.64861111,104,1692,243749,4.970950126647949,0.0001
22621.646484375,772.05,979100,239384.09375,8.708740234375,9368,-47458.823611110005,104,1696,244749,5.8267998695373535,0.0001
21853.765625,787.33,983100,11691690.0,8.329513549804688,9408,-44611.92361111,104,1700,245749,5.8296942710876465,0.0001
21731.10546875,818.0,987100,243700.0,8.019744873046875,9448,-41024.62361111,104,1704,246749,4.451403617858887,0.0001
22339.46875,841.12,991100,384210.53125,7.707167625427246,9487,-38462.625,104,1708,247749,6.005673408508301,0.0001
20879.72265625,845.32,995100,107509.484375,7.4006571769714355,9527,-36604.825,104,1712,248749,5.7689666748046875,0.0001
20163.478515625,852.76,999100,145613.65625,7.159663200378418,9567,-34787.675,104,1716,249749,3.5581159591674805,0.0001
20178.56640625,864.76,1003100,112482.625,6.904565334320068,9606,-32116.825,104,1720,250749,5.918691635131836,0.0001
19628.9375,879.93,1007100,95419.46875,6.642890930175781,9646,-29167.475,104,1724,251749,6.692027568817139,0.0001
19691.107421875,882.92,1010848,99017.3046875,6.407004356384277,9683,-28303.275,104,1728,252686,5.628068923950195,0.0001
19535.7109375,897.15,1014848,998760.875,6.169466018676758,9723,-25698.375,104,1732,253686,6.145542144775391,0.0001
18135.640625,905.22,1018848,82189.984375,5.94404411315918,9763,-24675.325,104,1736,254686,5.773014068603516,0.0001
17834.69140625,911.33,1022848,48194.8125,5.727057933807373,9802,-23736.525,104,1740,255686,6.4991326332092285,0.0001
17491.630859375,914.47,1026848,48095.625,5.5161452293396,9842,-22779.375,104,1744,256686,6.905395984649658,0.0001
16440.5625,924.33,1030848,39734.265625,5.3137922286987305,9881,-22022.525,104,1748,257686,6.649500846862793,0.0001
15647.072265625,924.33,1034848,82126.0859375,5.123707294464111,9921,-22138.825,104,1752,258686,6.890691757202148,0.0001
15562.912109375,924.33,1038848,39957.03515625,4.942819595336914,9961,-22138.825,104,1756,259686,6.751344680786133,0.0001
14474.1796875,925.19,1042848,28417.91796875,4.770279407501221,10000,-21251.625,104,1760,260686,6.531472682952881,0.0001
14391.4111328125,932.48,1046848,36234.4921875,4.609719276428223,10040,-20324.625,104,1764,261686,6.0915679931640625,0.0001
13457.47265625,954.57,1050848,24680.962890625,4.460091590881348,10080,-17545.825,104,1768,262686,5.842735767364502,0.0001
13020.984375,961.0,1053152,48091.48046875,4.377586841583252,10103,-15610.325,104,1772,263262,5.363532066345215,0.0001
13460.978515625,951.6,1055700,266398.125,4.300678253173828,10128,-17644.725,104,1776,263899,3.750051498413086,0.0001
12828.8837890625,951.6,1059700,172619.0,4.209092140197754,10168,-17753.65,104,1780,264899,3.378873348236084,0.0001
13069.759765625,956.8,1063700,40454.390625,4.088466644287109,10208,-16916.85,104,1784,265899,4.634359359741211,0.0001
12626.435546875,959.02,1067700,59163.96875,3.950942039489746,10248,-15939.15,104,1788,266899,4.72416353225708,0.0001
11671.3916015625,965.48,1071700,35887.43359375,3.818713426589966,10287,-15003.85,104,1792,267899,5.005986213684082,0.0001
11042.318359375,965.48,1075700,22002.421875,3.686889410018921,10327,-15129.4,104,1796,268899,4.84750509262085,0.0001
10894.517578125,971.93,1079700,13871.6455078125,3.5591495037078857,10367,-14194.0,104,1800,269899,4.628060340881348,0.0001
10300.1669921875,971.93,1083700,18870.43359375,3.4354655742645264,10407,-14194.0,104,1804,270899,4.900409698486328,0.0001
10015.228515625,971.93,1087700,20715.67578125,3.3158624172210693,10446,-14194.0,104,1808,271899,4.85760498046875,0.0001
9388.2919921875,971.93,1091700,16996.76171875,3.198621988296509,10486,-14194.0,104,1812,272899,5.053672790527344,0.0001
9848.61328125,971.93,1095700,30928.005859375,3.0968966484069824,10526,-14194.0,104,1816,273899,3.8513643741607666,0.0001
7918.1982421875,964.51,1099644,67477.3046875,3.008355140686035,10565,-15119.7,104,1820,274885,3.639207601547241,0.0001
8812.865234375,963.59,1103372,23486.171875,2.9266469478607178,10602,-17005.78333333,104,1824,275817,3.573245048522949,0.0001
9444.5859375,971.38,1107372,169263.140625,2.8436217308044434,10641,-15982.43333333,104,1828,276817,3.511735200881958,0.0001
8654.5205078125,971.38,1111372,40224.47265625,2.7467548847198486,10681,-15982.43333333,104,1832,277817,3.7029242515563965,0.0001
8761.390625,971.38,1115372,44698.6015625,2.6507365703582764,10721,-16186.833333330002,104,1836,278817,3.609210968017578,0.0001
8714.3984375,971.38,1119372,62993.875,2.5613157749176025,10760,-16186.833333330002,104,1840,279817,3.3720264434814453,0.0001
8649.8271484375,971.38,1123372,21680.43359375,2.4729788303375244,10800,-16289.88333333,104,1844,280817,3.6302316188812256,0.0001
8070.412109375,973.65,1127372,26509.25390625,2.3908767700195312,10840,-15312.68333333,103,1848,281817,3.566307306289673,0.0001
8161.3916015625,973.65,1131372,64043.41015625,2.310499668121338,10880,-15312.68333333,103,1852,282817,3.2062764167785645,0.0001
7823.6484375,973.65,1135372,20534.0859375,2.235722541809082,10919,-15312.68333333,103,1856,283817,2.970292329788208,0.0001
8231.462890625,973.65,1139372,115125.9296875,2.173171281814575,10959,-15312.68333333,103,1860,284817,2.0773115158081055,0.0001
8993.251953125,973.65,1143372,279392.875,2.1345160007476807,10999,-15312.68333333,103,1864,285817,-0.15547186136245728,0.0001
7937.98291015625,948.5,1145584,317660.75,2.1962451934814453,11021,-18060.88333333,103,1868,286370,-5.403720855712891,0.0001
8224.634765625,939.34,1147060,186687.546875,2.238004684448242,11036,-18969.183333330002,103,1872,286739,-3.6865105628967285,0.0001
9038.5390625,941.26,1151060,106684.4296875,2.317995309829712,11076,-18104.48333333,103,1876,287739,-3.110766887664795,0.0001
8522.76953125,941.26,1155060,2075638.5,2.3640358448028564,11115,-17989.433333330002,103,1880,288739,-0.9429321885108948,0.0001
7612.953125,941.26,1159060,596192.125,2.3796145915985107,11154,-17750.36666666,103,1884,289739,-1.0555973052978516,0.0001
5435.3544921875,931.34,1162044,482101.6875,2.4398045539855957,11183,-19524.416666660003,103,1888,290485,-3.747072219848633,0.0001
8341.263671875,928.96,1166044,253077.84375,2.506357431411743,11223,-20500.51666666,103,1892,291485,-1.0773659944534302,0.0001
8929.1806640625,928.96,1170044,146458.125,2.5249440670013428,11262,-20400.51666666,103,1896,292485,-0.9324076175689697,0.0001
7709.6689453125,922.82,1171856,103011.15625,2.53887939453125,11280,-22014.11666666,103,1900,292938,-0.7552984952926636,0.0001
8365.3828125,921.27,1175856,230076.78125,2.5712778568267822,11319,-22998.51666666,103,1904,293938,-0.5452684164047241,0.0001
8160.513671875,914.35,1179568,198371.0,2.598687171936035,11356,-25708.71166666,103,1908,294866,-0.9790531992912292,0.0001
9031.8984375,900.4,1181196,1662936.875,2.6259331703186035,11372,-29257.71166666,103,1912,295273,-2.139594554901123,0.0001
9607.0771484375,868.49,1182292,498081.0625,2.679159641265869,11383,-32629.286666660002,103,1916,295547,-4.8202056884765625,0.0001
7677.9921875,858.05,1186292,349560.65625,2.828556537628174,11422,-34416.586666660005,103,1920,296547,-2.9727654457092285,0.0001
5293.1259765625,834.12,1187908,1050196.0,2.8836452960968018,11438,-35079.35333333,103,1924,296951,-6.4997735023498535,0.0001
9200.455078125,824.28,1190852,15131296.0,2.9907400608062744,11467,-36966.85333333,103,1928,297687,-5.920966148376465,0.0001
8122.3994140625,795.81,1191908,992532.0625,3.0256998538970947,11478,-39681.85333333,103,1932,297951,-5.748058319091797,0.0001
9140.3701171875,787.14,1195908,539214.375,3.1507859230041504,11517,-40595.05333333,103,1936,298951,-5.737898826599121,0.0001
8505.6552734375,787.14,1199908,782052.625,3.248873710632324,11557,-40483.50333333,103,1940,299951,-3.874401569366455,0.0001
7527.8271484375,786.96,1203872,1376345.375,3.314274549484253,11595,-41262.12,103,1944,300942,-1.2912064790725708,0.0001
9246.1259765625,779.56,1205036,846571.25,3.3305413722991943,11607,-42045.7575,103,1948,301233,-3.6384055614471436,0.0001
9297.947265625,761.18,1207872,695884.6875,3.386442184448242,11635,-44760.0575,103,1952,301942,-2.845141887664795,0.0001
9041.458984375,761.18,1211872,16725640.0,3.4352550506591797,11675,-44760.0575,103,1956,302942,-1.939224123954773,0.0001
8386.583984375,757.56,1215196,9643762.0,3.529573917388916,11708,-45723.7575,103,1960,303773,-4.456094741821289,0.0001
8368.111328125,749.68,1218916,1371924.375,3.649442434310913,11745,-47644.7575,103,1964,304703,-3.246720552444458,0.0001
9348.44921875,772.79,1222460,301523.40625,3.7290055751800537,11780,-45876.0575,103,1968,305589,-3.086452007293701,0.0001
8674.923828125,782.8,1225872,432403.34375,3.7858192920684814,11814,-45976.1575,103,1972,306442,-1.8270938396453857,0.0001
9243.333984375,790.28,1229872,312797.75,3.8432865142822266,11854,-45051.0575,103,1976,307442,-0.8026914000511169,0.0001
9064.15625,790.28,1233872,264188.5,3.8807156085968018,11894,-45166.1075,103,1980,308442,-0.9588423371315002,0.0001
9297.88671875,790.28,1237872,187626.234375,3.898009777069092,11933,-45405.174166669996,103,1984,309442,-0.1271289587020874,0.0001
8491.3154296875,800.2,1241872,174138.625,3.8695578575134277,11973,-43631.12416666999,103,1988,310442,0.41169115900993347,0.0001
9817.783203125,802.58,1245872,178852.921875,3.7972536087036133,12013,-42655.024166669995,103,1992,311442,1.5367575883865356,0.0001
8170.0693359375,784.75,1247692,138776.046875,3.7474937438964844,12031,-45374.586666669995,103,1996,311897,2.053053617477417,0.0001
10219.70703125,781.76,1251496,747140.125,3.694308280944824,12069,-44669.586666669995,103,2000,312848,-2.1962928771972656,0.0001
13420.3798828125,776.6,1253872,2151290.75,3.81992506980896,12092,-44617.986666669996,103,2004,313442,-5.223554611206055,0.0001
11547.08984375,773.88,1257872,617144.6875,4.109445571899414,12132,-43811.19166667,103,2008,314442,-6.622800827026367,0.0001
9630.2890625,787.83,1261872,266667.125,4.280548095703125,12172,-40262.19166667,103,2012,315442,-3.052156448364258,0.0001
9671.78125,819.74,1265872,235444.09375,4.364588737487793,12212,-36890.61666667,103,2016,316442,-2.314875841140747,0.0001
8639.21875,832.08,1269032,658543.875,4.369228839874268,12243,-35122.31666667,103,2020,317232,0.9977452754974365,0.0001
9208.9140625,856.93,1273032,123814.5859375,4.3336076736450195,12282,-32553.066666669998,103,2024,318232,1.918260097503662,0.0001
9252.48046875,866.77,1277032,179690.78125,4.269681930541992,12322,-30666.91666667,103,2028,319232,2.0826408863067627,0.0001
9626.8046875,884.15,1279028,226198.0,4.224991321563721,12341,-29466.10416667,103,2032,319731,1.7075995206832886,0.0001
10287.4130859375,884.36,1282780,207036.375,4.1217732429504395,12378,-30143.45416667,103,2036,320669,2.1937289237976074,0.0001
9911.7109375,870.19,1285132,856435.5,4.044735908508301,12401,-32884.95416667,103,2040,321257,2.3010411262512207,0.0001
9273.974609375,870.37,1289132,393155.90625,3.9618489742279053,12440,-31906.3375,103,2044,322257,1.3968714475631714,0.0001
8891.677734375,877.77,1293132,387251.40625,3.9018123149871826,12480,-31122.7,103,2048,323257,1.4392855167388916,0.0001
9141.60546875,891.59,1297132,6808075.0,3.887443780899048,12520,-30162.45,103,2052,324257,-0.5358980894088745,0.0001
9177.3837890625,869.3,1298328,577081.0,3.8916633129119873,12532,-33839.15,103,2056,324556,-0.6931775808334351,0.0001
10076.828125,848.41,1299028,1134427.75,3.8985326290130615,12539,-35630.05,103,2060,324731,-0.5679045915603638,0.0001
9782.8779296875,822.25,1300468,634834.625,3.905735731124878,12553,-37368.25,103,2064,325091,0.8470514416694641,0.0001
9759.12109375,824.29,1304468,559784.1875,4.0319671630859375,12592,-36388.75,103,2068,326091,-4.275481224060059,0.0001
10036.5390625,823.35,1308052,329466.25,4.2279558181762695,12628,-36279.0875,103,2072,326987,-3.561591386795044,0.0001
11077.87890625,817.61,1312052,8302720.0,4.354772090911865,12667,-37019.925,103,2076,327987,-1.677558183670044,0.0001
10907.5830078125,817.61,1316052,328424.375,4.398384094238281,12706,-37019.925,103,2080,328987,-0.8887898921966553,0.0001
9870.9375,817.61,1320052,336670.3125,4.400060176849365,12746,-36898.825,103,2084,329987,0.9557037353515625,0.0001
9988.6328125,809.72,1321968,332334.53125,4.378458023071289,12765,-38819.725,103,2088,330466,0.1481425017118454,0.0001
10572.935546875,809.72,1325968,456203.03125,4.364718914031982,12804,-38619.725,103,2092,331466,0.3358730971813202,0.0001
10661.505859375,827.55,1329968,313784.6875,4.268777847290039,12843,-35863.85,103,2096,332466,1.8612054586410522,0.0001
9935.703125,836.68,1333968,189382.375,4.142003059387207,12883,-34830.95,103,2100,333466,1.5392265319824219,0.0001
9954.150390625,835.82,1337968,278618.8125,4.0215535163879395,12923,-35822.25,103,2104,334466,1.2750537395477295,0.0001
9758.853515625,837.8,1341596,187856.203125,3.9396462440490723,12958,-35741.2625,103,2108,335373,0.9614137411117554,0.0001
9252.369140625,837.8,1345596,160320.875,3.8832223415374756,12998,-35741.2625,103,2112,336373,0.8155220746994019,0.0001
9840.291015625,837.8,1349596,92755.28125,3.7431862354278564,13038,-35741.2625,103,2116,337373,2.009047508239746,0.0001
10307.24609375,843.32,1353596,124116.515625,3.569073438644409,13078,-34796.5625,103,2120,338373,1.1690905094146729,0.0001
9478.2236328125,843.32,1357596,116547.328125,3.424290657043457,13117,-34918.3125,103,2124,339373,2.4402501583099365,0.0001
9558.77734375,834.56,1359932,140922.390625,3.3275420665740967,13141,-35930.6125,103,2128,339957,2.381850242614746,0.0001
9773.849609375,845.65,1363932,92257.7578125,3.1869893074035645,13181,-34416.425,103,2132,340957,1.926917314529419,0.0001
9412.439453125,854.11,1367932,476991.4375,3.0715248584747314,13221,-32721.525,103,2136,341957,1.844404697418213,0.0001
9903.6845703125,867.89,1371932,144870.203125,3.0270397663116455,13260,-30951.825,103,2140,342957,0.2987721562385559,0.0001
9403.6572265625,867.89,1375932,126224.015625,2.9517409801483154,13299,-31028.175,103,2144,343957,1.269323468208313,0.0001
9564.794921875,867.89,1379932,63251.6171875,2.852850914001465,13338,-30907.575,103,2148,344957,1.6624785661697388,0.0001
9789.7353515625,872.45,1383932,52773.0703125,2.7365314960479736,13378,-29036.425,103,2152,345957,2.193713903427124,0.0001
9243.37890625,886.78,1387480,86144.453125,2.624433755874634,13413,-26280.025,103,2156,346844,1.9814645051956177,0.0001
9393.1220703125,911.29,1391480,129207.09375,2.5297141075134277,13453,-23525.425,103,2160,347844,1.5187182426452637,0.0001
9024.708984375,942.64,1395480,90302.9375,2.4511423110961914,13492,-20586.275,103,2164,348844,1.1940865516662598,0.0001
8800.662109375,942.64,1399480,67877.7109375,2.3849802017211914,13531,-20350.025,103,2168,349844,1.2503771781921387,0.0001
8912.9033203125,951.34,1403480,29019.94140625,2.318402051925659,13570,-18537.4875,103,2172,350844,1.6351879835128784,0.0001
8321.037109375,957.08,1407480,36277.90234375,2.235790252685547,13609,-17542.75,103,2176,351844,1.3640121221542358,0.0001
8599.537109375,957.08,1411480,40403.36328125,2.156414270401001,13648,-17312.0,103,2180,352844,0.9472057223320007,0.0001
7407.7421875,957.08,1415480,131233.515625,2.093973159790039,13688,-17312.75,103,2184,353844,0.8480668067932129,0.0001
9112.2197265625,964.97,1419480,132791.984375,2.050776720046997,13727,-15057.75,103,2188,354844,0.5258504152297974,0.0001
10052.9677734375,960.66,1421756,2446036.25,2.124033212661743,13750,-16113.35,103,2192,355413,-8.083944320678711,0.0001
8506.68359375,928.57,1422264,450112.625,2.155466318130493,13754,-19721.4275,103,2196,355540,-8.439390182495117,0.0001
9074.25390625,892.92,1423540,493131.25,2.2149267196655273,13767,-23488.8275,103,2200,355859,-8.2670316696167,0.0001
11568.75390625,877.31,1424684,516150.875,2.253371477127075,13779,-25332.5275,103,2204,356145,-7.690692901611328,0.0001
9772.642578125,878.15,1428684,228790.46875,2.357098340988159,13818,-24441.815,103,2208,357145,-7.739867210388184,0.0001
9405.181640625,878.15,1432684,334652.25,2.442406177520752,13858,-24441.815,103,2212,358145,-5.671774864196777,0.0001
8365.9375,877.44,1436684,201315.59375,2.512920379638672,13898,-25434.615,103,2216,359145,-4.411175727844238,0.0001
8732.478515625,877.44,1440684,177881.015625,2.578331470489502,13938,-25434.615,103,2220,360145,-3.058309555053711,0.0001
8311.4453125,871.36,1444684,255864.625,2.6386754512786865,13978,-27271.065,103,2224,361145,-3.2656755447387695,0.0001
8411.1484375,877.69,1447712,283932.0,2.6802728176116943,14008,-27334.365,103,2228,361902,-2.5685441493988037,0.0001
8563.03515625,877.69,1451712,25198412.0,2.731966018676758,14047,-27216.665,103,2232,362902,-2.8292236328125,0.0001
8521.1376953125,877.69,1455712,259742.5,2.791048288345337,14087,-27321.015,103,2236,363902,-1.6309430599212646,0.0001
8797.3408203125,869.15,1458256,206697.53125,2.819817066192627,14112,-28371.265,103,2240,364538,-2.2403852939605713,0.0001
7527.7421875,853.91,1461648,291573.875,2.870563507080078,14146,-31342.215,103,2244,365386,-3.4608263969421387,0.0001
8540.7685546875,853.91,1465648,317034.25,2.977320671081543,14186,-31462.815,103,2248,366386,-4.036669731140137,0.0001
8083.33642578125,848.57,1469648,362237.96875,3.0671029090881348,14225,-32526.415,103,2252,367386,-3.1898739337921143,0.0001
8479.54296875,856.53,1473648,267557.0625,3.1651666164398193,14265,-31606.115,103,2256,368386,-3.5812766551971436,0.0001
8495.8427734375,851.49,1477532,407643.78125,3.2501261234283447,14304,-32555.615,103,2260,369357,-2.0508627891540527,0.0001
7248.837890625,847.0,1480672,9651456.0,3.322988986968994,14335,-33763.565,103,2264,370142,-8.075132369995117,0.0001
10044.1494140625,836.46,1481652,5139015.0,3.3885960578918457,14345,-36894.115,103,2268,370387,-11.811639785766602,0.0001
9592.5859375,803.74,1482492,2811884.5,3.442962408065796,14353,-40566.515,103,2272,370597,-11.598251342773438,0.0001
7065.259765625,774.86,1483372,2349058.5,3.494213104248047,14362,-44225.94833333001,103,2276,370817,-12.32443618774414,0.0001
3289.029296875,737.54,1483484,1504943.0,3.5006449222564697,14363,-48083.09833333,103,2280,370845,-14.174676895141602,0.0001
7233.5029296875,698.69,1483600,1994384.375,3.507892608642578,14364,-51814.54833333001,103,2284,370874,-13.967918395996094,0.0001
9014.947265625,660.56,1483992,1154947.625,3.5311532020568848,14368,-55766.94833333001,103,2288,370972,-14.752717018127441,0.0001
8003.27490234375,640.05,1486784,850633.25,3.6572225093841553,14396,-58462.748333330004,103,2292,371670,-9.430452346801758,0.0001
9302.70703125,668.23,1489612,1052767.25,3.7338361740112305,14424,-55951.78333333001,103,2296,372377,-8.426801681518555,0.0001
10088.2080078125,673.19,1490068,2551120.0,3.7466611862182617,14428,-56001.383333330006,103,2300,372491,-6.27442741394043,0.0001
7261.8369140625,661.11,1490376,596018.125,3.7549002170562744,14431,-55880.58333333,103,2304,372568,-6.460731506347656,0.0001
8716.859375,632.61,1491236,1110911.25,3.7761971950531006,14440,-58595.28333333001,103,2308,372783,-6.636139869689941,0.0001
8345.2529296875,601.43,1492676,905237.8125,3.8134119510650635,14454,-62283.08333333,103,2312,373143,-6.804478645324707,0.0001
8439.373046875,591.49,1495624,9658976.0,3.877229928970337,14483,-63069.483333330005,103,2316,373880,-2.8591196537017822,0.0001
9203.3154296875,589.34,1499624,1941238.875,3.9424705505371094,14523,-63924.03333333001,103,2320,374880,-3.3740243911743164,0.0001
10610.6923828125,577.9,1502432,1245304.5,3.987332344055176,14551,-64912.08333333,103,2324,375582,-2.802616596221924,0.0001
9965.6640625,575.65,1504896,12194958.0,4.0311970710754395,14575,-65889.48333333,103,2328,376198,-4.014499187469482,0.0001
8901.21875,561.45,1508052,17512334.0,4.116008281707764,14607,-67864.98333333,103,2332,376987,-3.541146755218506,0.0001
8467.2705078125,552.87,1512052,1329969.75,4.206367015838623,14646,-69778.98333333,103,2336,377987,-3.5621583461761475,0.0001
8330.8818359375,550.01,1513040,1134214.75,4.230961322784424,14656,-70548.58333333001,103,2340,378234,-3.877932548522949,0.0001
9488.84765625,534.62,1513764,2319175.5,4.248603343963623,14663,-71394.58333333001,103,2344,378415,-3.8851866722106934,0.0001
7512.81640625,532.81,1517764,3339224.75,4.4020843505859375,14703,-72154.23333333,103,2348,379415,-6.962396621704102,0.0001
9844.38671875,529.8,1521764,3370698.0,4.605435371398926,14742,-71912.22222222,103,2352,380415,-7.9388322830200195,0.0001
8926.98046875,516.25,1524200,1488471.75,4.726463317871094,14766,-74676.42222222,103,2356,381024,-7.83770227432251,0.0001
8380.888671875,498.09,1526376,8629406.0,4.832968711853027,14788,-76494.62222222,103,2360,381568,-8.966774940490723,0.0001
10747.791015625,479.04,1527224,27607748.0,4.871466636657715,14796,-77304.02222222001,103,2364,381780,-9.534377098083496,0.0001
11078.1005859375,477.44,1531224,1615609.5,5.038775444030762,14836,-76288.12222222,103,2368,382780,-7.324130058288574,0.0001
9969.919921875,506.8,1534596,756650.0,5.161838531494141,14869,-73482.02222222001,103,2372,383623,-7.514126777648926,0.0001
9437.490234375,534.44,1538596,864315.375,5.313198089599609,14909,-70963.73888889,103,2376,384623,-6.256019115447998,0.0001
8572.888671875,571.76,1542596,796596.1875,5.469170093536377,14948,-67337.33888889,103,2380,385623,-6.518887519836426,0.0001
9575.919921875,610.61,1546596,727387.5,5.629947662353516,14988,-63501.488888889995,103,2384,386623,-6.532501697540283,0.0001
9120.046875,636.21,1548196,1154728.75,5.690864562988281,15003,-61545.91388889,103,2388,387023,-5.1596574783325195,0.0001
9799.0859375,647.79,1552196,949726.875,5.850450038909912,15043,-60861.81388889,103,2392,388023,-6.407127380371094,0.0001
9434.19921875,642.97,1554040,671496.0,5.93002462387085,15061,-60609.34722221999,103,2396,388484,-6.244864463806152,0.0001
10301.650390625,670.76,1558040,815770.25,6.0677971839904785,15100,-57782.14722222,103,2400,389484,-3.644394636154175,0.0001
11331.9716796875,706.02,1562040,6239457.0,6.116607189178467,15140,-54135.14722222,103,2404,390484,-1.815718650817871,0.0001
10483.1796875,728.96,1565556,553841.4375,6.120155334472656,15175,-52364.74722222,103,2408,391363,1.2515034675598145,0.0001
10987.82421875,759.45,1569556,451114.0625,6.057188034057617,15215,-49567.64722222,103,2412,392363,1.768648624420166,0.0001
10777.80078125,765.04,1573556,389596.5,5.941039085388184,15255,-49737.64722222,103,2416,393363,2.2904481887817383,0.0001
12067.125,766.64,1577556,470457.03125,5.766716957092285,15295,-49766.24722222,103,2420,394363,2.949688196182251,0.0001
10967.931640625,781.12,1580824,407017.1875,5.610213279724121,15327,-47811.24722222,103,2424,395180,2.851410150527954,0.0001
11389.0419921875,775.27,1582968,667683.0,5.522671222686768,15348,-49548.09722222001,103,2428,395716,2.067699909210205,0.0001
10997.47265625,781.09,1585484,404239.3125,5.416608810424805,15373,-49505.89722222,103,2432,396345,2.640594482421875,0.0001
11410.0419921875,779.46,1589472,635467.625,5.2594804763793945,15413,-49489.59722222001,103,2436,397342,0.6841164827346802,0.0001
9922.8662109375,764.14,1590068,541635.75,5.251272201538086,15419,-49538.09722222001,103,2440,397491,1.9899802207946777,0.0001
12907.693359375,761.67,1590952,1195995.0,5.232118129730225,15428,-49513.39722222,103,2444,397712,2.2512006759643555,0.0001
10720.3046875,750.27,1594084,695929.25,5.142930030822754,15459,-51621.34722222001,103,2448,398495,1.1909618377685547,0.0001
10318.4521484375,741.96,1594968,603480.5625,5.1295013427734375,15467,-52650.05833333,103,2452,398716,0.8383274078369141,0.0001
8835.779296875,732.47,1597160,514030.875,5.12819766998291,15489,-53449.65833333001,103,2456,399264,-1.1830546855926514,0.0001
11337.111328125,754.63,1601160,711867.25,5.237023830413818,15529,-51571.45833333,103,2460,400264,-1.337936520576477,0.0001
11008.037109375,780.86,1605160,456041.25,5.240317344665527,15569,-48834.05833333,103,2464,401264,-0.363250732421875,0.0001
12182.328125,793.0,1609160,3433709.75,5.159080505371094,15609,-46955.65833333001,103,2468,402264,1.2454980611801147,0.0001
12830.693359375,785.91,1612472,1421742.75,5.061166286468506,15641,-48883.108333330005,103,2472,403092,0.6578330993652344,0.0001
10215.53125,780.45,1616472,389306.34375,4.962551593780518,15681,-48827.70833333,103,2476,404092,-0.8128918409347534,0.0001
10761.818359375,780.45,1620472,419499.0625,4.97420072555542,15720,-48659.90833333001,103,2480,405092,-0.5928499102592468,0.0001
11655.8984375,768.3,1622540,454940.5625,5.015605926513672,15740,-50662.95833333,103,2484,405609,-0.29151731729507446,0.0001
12200.2060546875,762.86,1624376,491051.78125,5.05063533782959,15759,-52820.133333330006,103,2488,406068,-0.995898425579071,0.0001
12173.9345703125,757.99,1627908,391506.0625,5.112020969390869,15793,-52771.43333333,103,2492,406951,-0.7069028615951538,0.0001
11396.408203125,761.02,1630540,596419.125,5.160400390625,15819,-52906.0,103,2496,407609,0.06033673882484436,0.0001
12737.1015625,747.07,1633580,501079.75,5.09397029876709,15849,-54871.7,103,2500,408369,-1.2680532932281494,0.0001
13226.45703125,736.12,1635972,420526.8125,5.139381408691406,15873,-56762.0,103,2504,408967,-0.8885014057159424,0.0001
11586.845703125,734.06,1637628,332775.46875,5.032308101654053,15889,-56629.925,103,2508,409381,1.701791763305664,0.0001
10648.0869140625,712.64,1640468,535503.75,4.971538066864014,15917,-59517.725,103,2512,410091,-0.25810903310775757,0.0001
12388.537109375,707.0,1643176,552706.375,4.895699501037598,15944,-60357.175,103,2516,410768,1.551056146621704,0.0001
14720.2861328125,703.83,1646192,10586426.0,4.836427211761475,15973,-61436.625,103,2520,411522,-0.7826286554336548,0.0001
10773.4619140625,691.15,1649048,857617.5,4.980393409729004,16002,-63409.625,103,2524,412236,-0.737585186958313,0.0001
12168.017578125,684.03,1651368,850452.625,4.96321964263916,16025,-62542.975,103,2528,412816,-0.4166502058506012,0.0001
10863.3271484375,669.38,1652576,1492013.875,4.966367721557617,16037,-64496.675,103,2532,413118,1.6174744367599487,0.0001
13834.96875,653.76,1654684,743462.875,4.99029016494751,16058,-66340.275,103,2536,413645,0.2885095775127411,0.0001
14887.140625,653.31,1656184,1296880.5,5.012336730957031,16072,-67335.675,103,2540,414020,0.056038469076156616,0.0001
13372.787109375,673.22,1659000,947977.5,4.996373653411865,16100,-66534.875,103,2544,414724,-0.49211764335632324,0.0001
16427.25,669.67,1660296,744446.125,5.020175457000732,16113,-65499.475,103,2548,415048,0.16875970363616943,0.0001
14085.9609375,664.26,1661712,2275085.0,5.060719966888428,16127,-67420.65,103,2552,415402,-2.895167112350464,0.0001
13644.384765625,662.27,1663776,1128996.0,5.192235469818115,16147,-67504.1,103,2556,415918,-0.5668922662734985,0.0001
14830.599609375,642.22,1665868,1453668.625,5.228542327880859,16168,-69292.1125,103,2560,416441,0.9254692196846008,0.0001
14042.41015625,620.65,1667644,930058.1875,5.23612117767334,16185,-71850.9125,103,2564,416885,-0.1693684458732605,0.0001
14197.6669921875,595.83,1668344,932713.0625,5.242051601409912,16192,-74496.7125,103,2568,417060,0.04373940825462341,0.0001
14924.517578125,575.52,1669460,973323.4375,5.25236177444458,16203,-75077.50416667,103,2572,417339,-1.8149685859680176,0.0001
16069.82421875,561.21,1671672,1459552.375,5.419868469238281,16225,-77616.87916667,103,2576,417892,-3.504472255706787,0.0001
16207.193359375,543.84,1674444,1192369.25,5.585912704467773,16252,-81610.57916667,103,2580,418585,-0.7421655058860779,0.0001
15454.580078125,526.3,1675228,7221819.0,5.614882946014404,16260,-83534.97916666999,103,2584,418781,-0.33198508620262146,0.0001
16639.95703125,522.88,1676784,1220575.375,5.699800968170166,16275,-82400.87916667,103,2588,419170,-2.0098485946655273,0.0001
14790.84765625,521.73,1679264,1522028.875,5.835526943206787,16300,-82389.37916667,103,2592,419790,-2.6190574169158936,0.0001
12468.37109375,505.99,1680236,1759525.25,5.902274131774902,16309,-84230.81666667,103,2596,420033,-2.562814235687256,0.0001
16248.412109375,490.69,1681936,3198988.5,6.02422571182251,16326,-85077.71666666999,103,2600,420458,-3.75533390045166,0.0001
14907.0576171875,476.7,1682732,22459288.0,6.073247909545898,16334,-86835.36666667,103,2604,420657,-3.236206531524658,0.0001
14896.51171875,458.75,1683280,8218472.0,6.113161087036133,16339,-88657.54166666999,103,2608,420794,-4.312124729156494,0.0001
15405.32421875,447.62,1683800,1063930.375,6.148818492889404,16345,-88546.24166667,103,2612,420924,-2.157721996307373,0.0001
14421.87890625,423.42,1684488,1192316.625,6.185389995574951,16351,-89408.19166667,103,2616,421096,-1.9494450092315674,0.0001
15086.49609375,393.44,1685300,1360533.25,6.231778621673584,16359,-91108.19166667,103,2620,421299,-1.9350931644439697,0.0001
15473.7060546875,383.47,1687164,1386743.125,6.336881160736084,16378,-92008.39166667,103,2624,421765,-2.84218430519104,0.0001
15804.658203125,393.31,1690712,1128863.875,6.523885726928711,16413,-91005.34166666999,103,2628,422652,-2.5261545181274414,0.0001
16289.07421875,401.37,1693488,1713605.875,6.6693243980407715,16440,-90086.04166666999,103,2632,423346,-1.8860055208206177,0.0001
14149.90625,413.39,1696484,4785345.0,6.8397932052612305,16470,-89206.34166666999,102,2636,424095,-3.0912952423095703,0.0001
14193.625,432.36,1699296,1914598.375,6.981436729431152,16498,-88281.26666667,102,2640,424798,-1.2522101402282715,0.0001
16472.0390625,442.86,1703296,1079062.375,7.179434299468994,16537,-87386.36666667,102,2644,425798,-1.1092904806137085,0.0001
17006.6484375,452.09,1706076,1654767.875,7.298461437225342,16565,-88149.09166666999,102,2648,426493,-2.2375662326812744,0.0001
16100.68359375,466.21,1709708,1362198.25,7.510667324066162,16600,-86203.86666667,102,2652,427401,-3.262732982635498,0.0001
14752.833984375,483.74,1711484,1272970.5,7.579387664794922,16617,-84132.64166667,102,2656,427845,-0.9621392488479614,0.0001
16469.9765625,497.5,1715432,1060698.625,7.606086254119873,16656,-84169.25416667,102,2660,428832,-0.9683219790458679,0.0001
15670.4033203125,505.06,1718688,987291.25,7.582337379455566,16689,-84470.05416667,102,2664,429646,-0.24906563758850098,0.0001
15687.279296875,513.06,1719800,739614.3125,7.554831504821777,16700,-83655.85416666999,102,2668,429924,2.6679258346557617,0.0001
16671.78515625,531.11,1722688,1588307.75,7.453938961029053,16729,-83153.9125,102,2672,430646,-0.6512143015861511,0.0001
16261.0625,552.12,1726688,836108.25,7.215574741363525,16768,-79782.6875,102,2676,431646,2.405245780944824,0.0001
16610.5078125,567.65,1730688,890361.75,6.878880023956299,16808,-76938.2875,102,2680,432646,2.570072650909424,0.0001
15242.509765625,584.67,1733952,773781.375,6.669416427612305,16840,-76007.6375,102,2684,433462,3.7373170852661133,0.0001
17281.298828125,606.06,1737952,445838.15625,6.389563083648682,16879,-73321.8375,102,2688,434462,2.6024062633514404,0.0001
15470.185546875,623.95,1741404,450955.0,6.140622138977051,16914,-71500.9375,102,2692,435325,3.3959062099456787,0.0001
17861.015625,637.53,1745088,711730.375,5.897125244140625,16950,-69737.9,102,2696,436246,2.8039238452911377,0.0001
17030.62890625,669.68,1749088,1694518.375,5.660113334655762,16990,-66059.8,102,2700,437246,4.407053470611572,0.0001
15411.82421875,694.62,1753088,388796.9375,5.5351433753967285,17029,-62411.85,102,2704,438246,2.4340333938598633,0.0001
17041.18359375,725.87,1756948,457833.9375,5.393998622894287,17067,-59719.1,102,2708,439211,1.8273359537124634,0.0001
15851.9365234375,754.51,1760948,184502.25,5.2025980949401855,17107,-57005.8,102,2712,440211,5.080113887786865,0.0001
14876.5029296875,780.86,1763444,338187.09375,5.04921293258667,17131,-55269.5,102,2716,440835,5.017889976501465,0.0001
15171.314453125,814.56,1767444,557989.3125,4.815577983856201,17171,-51606.9,102,2720,441835,4.930811882019043,0.0001
16110.32421875,839.86,1771444,191156.6875,4.610997200012207,17210,-48860.2,102,2724,442835,4.648327827453613,0.0001
15895.0703125,847.18,1775444,216625.0,4.432462692260742,17250,-48035.05,102,2728,443835,4.62506103515625,0.0001
14532.177734375,862.15,1779444,113900.359375,4.261259078979492,17289,-45185.05,102,2732,444835,5.612712860107422,0.0001
14525.3525390625,875.96,1783444,101920.9375,4.086716651916504,17329,-42323.45,102,2736,445835,5.673798561096191,0.0001
13451.794921875,884.55,1787444,179446.21875,3.9165518283843994,17368,-39524.525,102,2740,446835,6.7642035484313965,0.0001
14792.451171875,883.59,1791236,98767.4375,3.781984806060791,17406,-39514.925,102,2744,447783,5.316296577453613,0.0001
16598.869140625,891.12,1795236,299229.53125,3.661975383758545,17446,-36920.0,102,2748,448783,3.180532693862915,0.0001
15703.060546875,895.63,1798356,195936.640625,3.604248523712158,17476,-36176.35,102,2752,449563,4.239223480224609,0.0001
15232.537109375,878.92,1799812,190764.59375,3.5633625984191895,17491,-38357.825,102,2756,449927,3.6318180561065674,0.0001
15485.3203125,886.25,1803812,265943.1875,3.443824052810669,17530,-35643.7,102,2760,450927,3.953963279724121,0.0001
13195.375,900.26,1807812,246875.5625,3.337386131286621,17570,-32784.1,102,2764,451927,3.9728026390075684,0.0001
15216.4267578125,917.08,1811812,259367.15625,3.263206720352173,17609,-30952.5,102,2768,452927,2.3597617149353027,0.0001
16410.517578125,929.79,1815812,214978.71875,3.1797499656677246,17648,-28079.9,102,2772,453927,2.259169816970825,0.0001
13229.896484375,929.79,1819812,251362.046875,3.1314241886138916,17688,-28079.9,102,2776,454927,-0.5048705339431763,0.0001
15309.50390625,931.63,1823812,192366.546875,3.0903003215789795,17727,-27098.4,102,2780,455927,2.6449100971221924,0.0001
16013.8671875,932.04,1827568,110879.09375,2.9841196537017822,17764,-27203.45,102,2784,456866,3.9898791313171387,0.0001
15441.6484375,932.04,1831568,256700.59375,2.874931573867798,17804,-27203.45,102,2788,457866,2.3043570518493652,0.0001
17235.32421875,925.78,1834136,213518.84375,2.8297367095947266,17829,-28140.75,102,2792,458508,1.5156378746032715,0.0001
16857.58203125,933.64,1838136,109514.953125,2.746131181716919,17869,-27219.45,102,2796,459508,2.922520875930786,0.0001
14682.365234375,933.64,1842136,130120.828125,2.6448776721954346,17909,-27219.45,102,2800,460508,2.5500097274780273,0.0001
16040.208984375,933.64,1846136,282982.875,2.537532091140747,17948,-27219.45,102,2804,461508,3.589385509490967,0.0001
16373.2880859375,928.61,1849232,106746.9375,2.4644126892089844,17979,-27284.3,102,2808,462282,3.4483609199523926,0.0001
18233.25,925.68,1852892,972136.8125,2.3854098320007324,18015,-28254.9,102,2812,463197,1.6219372749328613,0.0001
15524.400390625,932.68,1856272,101294.875,2.360203504562378,18048,-27325.0,102,2816,464042,1.4345372915267944,0.0001
12494.123046875,909.76,1857356,328623.25,2.3480379581451416,18059,-31095.4,102,2820,464313,2.533879518508911,0.0001
14281.392578125,885.65,1860036,1382700.25,2.3627593517303467,18086,-33854.0,102,2824,464983,-5.054388999938965,0.0001
16732.83203125,875.7,1863668,475375.4375,2.4736578464508057,18122,-35643.8,102,2828,465891,-4.977246284484863,0.0001
16713.859375,863.04,1865004,304811.5625,2.508894205093384,18135,-37383.1375,102,2832,466225,-3.535033941268921,0.0001
16031.974609375,845.45,1868228,390989.3125,2.5791075229644775,18167,-39207.0375,102,2836,467031,-2.8538856506347656,0.0001
17219.72265625,820.62,1869336,484220.625,2.597533702850342,18178,-41958.4375,102,2840,467308,-2.5983774662017822,0.0001
14057.501953125,824.27,1873336,4061920.0,2.645181655883789,18218,-39995.1375,102,2844,468308,-1.4761154651641846,0.0001
16767.8515625,824.27,1877336,685849.5,2.7269816398620605,18257,-39995.1375,102,2848,469308,-3.309147834777832,0.0001
13604.19140625,827.71,1881336,636463.6875,2.820211172103882,18297,-39029.6375,102,2852,470308,-2.3801369667053223,0.0001
14774.537109375,851.92,1885336,660300.375,2.9177768230438232,18337,-35272.1375,102,2856,471308,-3.4892122745513916,0.0001
14649.603515625,843.06,1889264,597454.75,3.0186164379119873,18376,-36183.4375,102,2860,472290,-3.541550874710083,0.0001
16167.17578125,829.33,1892140,594043.25,3.0919389724731445,18404,-38045.9375,102,2864,473009,-4.180337905883789,0.0001
13665.6904296875,829.33,1896140,440563.59375,3.204421281814575,18444,-38045.9375,102,2868,474009,-4.395508766174316,0.0001
14025.806640625,829.33,1900140,461038.96875,3.319641351699829,18483,-38045.9375,102,2872,475009,-3.8443639278411865,0.0001
16208.99609375,829.33,1904140,18755572.0,3.468909978866577,18523,-38045.9375,102,2876,476009,-8.898432731628418,0.0001
15209.34375,829.33,1908140,433116.21875,3.6166625022888184,18563,-38045.9375,102,2880,477009,-3.9352526664733887,0.0001
15693.705078125,837.27,1910412,551679.5625,3.6600184440612793,18585,-36125.5375,102,2884,477577,-3.29587984085083,0.0001
15272.806640625,837.27,1914412,217411.0625,3.7152390480041504,18624,-36125.5375,102,2888,478577,-2.0229239463806152,0.0001
14657.7724609375,844.9,1918412,174892.75,3.7529566287994385,18664,-34202.0375,102,2892,479577,-0.4424365162849426,0.0001
16415.90234375,844.9,1922412,155726.234375,3.7567780017852783,18703,-34202.0375,102,2896,480577,0.20865842700004578,0.0001
15660.0771484375,844.9,1926412,124326.578125,3.7070095539093018,18743,-34202.0375,102,2900,481577,1.5239161252975464,0.0001
13870.513671875,842.58,1930412,137778.5625,3.629544973373413,18782,-35178.7375,102,2904,482577,2.811490535736084,0.0001
16379.4267578125,848.75,1934412,90115.5,3.519282102584839,18822,-34240.5375,102,2908,483577,3.740767002105713,0.0001
14969.306640625,856.28,1938412,332053.96875,3.382969379425049,18862,-32316.0375,102,2912,484577,1.3985087871551514,0.0001
14488.111328125,850.61,1941520,280830.375,3.31404972076416,18892,-32259.3375,102,2916,485354,2.908291816711426,0.0001
16321.525390625,862.87,1945520,98778.484375,3.224961042404175,18932,-30382.1375,102,2920,486354,3.211313247680664,0.0001
21363.71484375,887.37,1949520,3357980.0,3.1074612140655518,18972,-26627.5375,102,2924,487354,-0.6585264205932617,0.0001
18333.4453125,883.64,1951504,460509.03125,3.13962721824646,18991,-25700.8375,102,2928,487850,-2.34386944770813,0.0001
15146.7568359375,876.33,1952960,341376.3125,3.1865627765655518,19006,-27761.4,102,2932,488214,-5.632402420043945,0.0001
18172.67578125,893.92,1956960,204444.375,3.2369394302368164,19045,-25804.65,102,2936,489214,-0.22772574424743652,0.0001
14870.16015625,896.25,1958388,226431.71875,3.225257635116577,19059,-25827.95,102,2940,489571,1.1162889003753662,0.0001
17104.140625,861.11,1958948,20120412.0,3.2205545902252197,19064,-29476.15,102,2944,489711,0.07463696599006653,0.0001
15448.00390625,836.65,1962308,393283.625,3.192563533782959,19098,-32998.18333333,102,2948,490551,-2.0604116916656494,0.0001
22115.98828125,833.28,1964960,2179222.0,3.1940605640411377,19124,-33964.38333333,102,2952,491214,0.09088042378425598,0.0001
15562.1044921875,823.58,1967132,447492.625,3.2467057704925537,19145,-35867.18333333,102,2956,491757,-2.0317578315734863,0.0001
18253.484375,830.83,1971132,495833.5,3.320858955383301,19185,-36939.58333333,102,2960,492757,-2.851820707321167,0.0001
16586.611328125,828.24,1974120,9119321.0,3.3753466606140137,19215,-37913.58333333,102,2964,493504,-1.5870202779769897,0.0001
17312.33984375,813.55,1976688,416595.84375,3.4362905025482178,19240,-40443.19583333,102,2968,494146,-1.0870722532272339,0.0001
17830.908203125,808.2,1980364,490026.875,3.5057356357574463,19276,-41389.59583333,102,2972,495065,-1.3067718744277954,0.0001
17975.30078125,785.65,1981732,539224.875,3.535156726837158,19290,-44163.795833330005,102,2976,495407,-2.068652391433716,0.0001
18233.4375,762.31,1982468,20359380.0,3.5547571182250977,19297,-46827.295833330005,102,2980,495591,-2.3576436042785645,0.0001
17990.994140625,745.62,1985376,619653.5,3.6457269191741943,19326,-49549.545833330005,102,2984,496318,-2.6672239303588867,0.0001
16365.7841796875,723.47,1986200,576690.625,3.6779868602752686,19334,-52327.74583333,102,2988,496524,-2.0958659648895264,0.0001
18000.6796875,691.44,1986988,1095653.25,3.7078661918640137,19342,-56007.045833330005,102,2992,496721,-2.139770269393921,0.0001
17143.955078125,682.24,1990988,613259.6875,3.8899190425872803,19380,-57663.02361111,102,2996,497721,-4.036998271942139,0.0001
17853.021484375,674.46,1994732,1367903.25,4.09063196182251,19417,-60584.92361111,102,3000,498657,-5.936951637268066,0.0001
18576.78515625,669.13,1998492,961719.5,4.286755561828613,19455,-61531.52361111,102,3004,499597,-5.440522193908691,0.0001
19035.94921875,656.66,1999088,1215081.75,4.307675361633301,19461,-63406.62361111,102,3008,499746,-3.980332374572754,0.0001
18627.78125,622.5,1999996,6535277.0,4.336382865905762,19470,-67064.62361111,102,3012,499973,-4.2923173904418945,0.0001
