rollout/ep_len_mean,time/iterations,rollout/ep_rew_mean,time/time_elapsed,time/total_timesteps,time/fps,train/approx_kl,train/policy_gradient_loss,train/loss,train/clip_range,train/explained_variance,train/std,train/learning_rate,train/value_loss,train/entropy_loss,train/clip_fraction,train/n_updates
126.2,1,-98758.88888888335,17,8192,470,,,,,,,,,,,
157.25,2,-97168.5925,39,16384,415,0.0041315556,-0.002113701704365667,132083392.0,0.2,2.384185791015625e-06,1.001150131225586,0.0003,631460604.725,-8.517801842838526,0.01480712890625,10
175.78,3,-95477.7025,65,24576,377,0.0031981547,-0.0018368726185144623,119581136.0,0.2,-2.5033950805664062e-06,1.0010743141174316,0.0003,468953866.0109375,-8.521596911549569,0.00654296875,20
165.03,4,-96458.46416666999,90,32768,362,0.0047582155,-0.0025046672039025,232776608.0,0.2,-9.5367431640625e-07,1.0016766786575317,0.0003,514473440.965625,-8.522627487778664,0.017724609375,30
144.52,5,-96311.30833333998,113,40960,360,0.0043568183,-0.0024019173237320502,343920064.0,0.2,-1.1920928955078125e-07,1.0012431144714355,0.0003,535500991.4125,-8.522671946883202,0.01453857421875,40
141.04,6,-95653.1625,135,49152,361,0.004513159,-0.0037290049163857474,571069760.0,0.2,5.960464477539063e-08,1.001088261604309,0.0003,629094425.81875,-8.520324763655662,0.0241455078125,50
161.13,7,-94808.58749999001,157,57344,363,0.003483316,-0.0020564123478834517,261006080.0,0.2,0.0,0.9988236427307129,0.0003,606858633.61875,-8.513873413950204,0.0086669921875,60
183.94,8,-94784.12946969,181,65536,360,0.004088734,-0.0034988130748388356,209322016.0,0.2,0.0,0.9983428716659546,0.0003,402373734.2109375,-8.50364101678133,0.02626953125,70
178.01,9,-95737.77066016998,204,73728,359,0.0031662309,-0.0020647518467740156,127398032.0,0.2,-1.1920928955078125e-07,0.9963735938072205,0.0003,492646574.25625,-8.49818636700511,0.00560302734375,80
194.62,10,-95921.72809524,225,81920,363,0.004701728,-0.0037698508400353602,201918304.0,0.2,-1.1920928955078125e-07,0.9979619979858398,0.0003,481930808.16875,-8.496973351389169,0.02225341796875,90
204.34,11,-94517.3182759,246,90112,364,0.0037093437,-0.002436387735360768,175630336.0,0.2,0.0,0.9969768524169922,0.0003,366146609.390625,-8.499163454025984,0.01109619140625,100
211.91,12,-94590.29486318999,268,98304,365,0.0044565946,-0.003304924094118178,210787056.0,0.2,0.0,0.996330738067627,0.0003,438838436.6375,-8.492572484910488,0.024560546875,110
215.96,13,-95411.79904429,290,106496,366,0.0032831556,-0.0021529384226596448,238642736.0,0.2,0.0,0.9957675933837891,0.0003,416790846.2828125,-8.489554435759782,0.0097412109375,120
204.47,14,-95612.19803031,314,114688,364,0.004206384,-0.0023933056014357134,81955696.0,0.2,-1.1920928955078125e-07,0.994539737701416,0.0003,351165905.40625,-8.483673333376647,0.0171875,130
177.54,15,-95739.17484849,335,122880,366,0.0051242057,-0.0038796967037342256,388272128.0,0.2,5.960464477539063e-08,0.9967160224914551,0.0003,489544507.9625,-8.487793941795825,0.0299560546875,140
192.28,16,-93239.33376263,356,131072,367,0.004953269,-0.0035858020739397032,311576256.0,0.2,-1.1920928955078125e-07,0.9951638579368591,0.0003,481701869.225,-8.488347879052162,0.02615966796875,150
204.82,17,-93195.28881312002,378,139264,367,0.0046668015,-0.0030712513434991706,144045568.0,0.2,0.0,0.9937891960144043,0.0003,369884514.8140625,-8.479499067366124,0.02547607421875,160
206.61,18,-95903.19499999001,401,147456,366,0.005643406,-0.0038342931893566856,93377352.0,0.2,0.0,0.9932078123092651,0.0003,430751813.0171875,-8.474125109612942,0.03082275390625,170
199.87,19,-96064.71599927999,424,155648,366,0.004664437,-0.0036683843543869445,146924320.0,0.2,0.0,0.9942069053649902,0.0003,408762942.98125,-8.475636385381222,0.02293701171875,180
196.95,20,-96030.44099927999,448,163840,365,0.004692014,-0.0028397021029377355,322462432.0,0.2,0.0,0.9935569763183594,0.0003,430290783.7484375,-8.475980052351952,0.0163330078125,190
205.22,21,-96807.15416666999,471,172032,364,0.004065304,-0.0028538679936900733,177877456.0,0.2,0.0,0.9934212565422058,0.0003,425635802.021875,-8.475026199966669,0.01529541015625,200
231.18,22,-96953.3919697,493,180224,364,0.0039046374,-0.0027101620889879996,179314848.0,0.2,-2.384185791015625e-07,0.9952570796012878,0.0003,383548728.3390625,-8.480367924273015,0.01922607421875,210
258.85,23,-96195.56113637,515,188416,365,0.0050161253,-0.0024096269800793378,189543296.0,0.2,0.0,0.9896324872970581,0.0003,313899997.6826172,-8.466027490794659,0.0251953125,220
272.66,24,-95767.5595338,537,196608,366,0.0049500493,-0.0030473054059257263,104284416.0,0.2,0.0,0.9874700307846069,0.0003,290464496.3226563,-8.443379570543765,0.0261962890625,230
250.26,25,-95963.34256409999,559,204800,366,0.004729783,-0.0023008658383332657,214553056.0,0.2,-1.1920928955078125e-07,0.9904946684837341,0.0003,290944309.659375,-8.445885217934848,0.02073974609375,240
248.08,26,-95650.48034187,584,212992,364,0.0047946,-0.0038375182120944373,253545408.0,0.2,-1.1920928955078125e-07,0.991229236125946,0.0003,423527570.2,-8.45842848867178,0.02403564453125,250
232.81,27,-95572.92777778,609,221184,362,0.0047118017,-0.002618781287310412,64810656.0,0.2,1.1920928955078125e-07,0.989827573299408,0.0003,300605603.65546876,-8.458004853129387,0.05125732421875,260
246.7,28,-94713.45277777001,634,229376,361,0.004672125,-0.002747274958528578,219303104.0,0.2,0.0,0.9895358085632324,0.0003,384692867.08125,-8.450941324234009,0.02286376953125,270
253.63,29,-93864.96,659,237568,360,0.0050219726,-0.00392507756514533,121343144.0,0.2,0.0,0.9909082651138306,0.0003,302241174.0835937,-8.45587899684906,0.036474609375,280
235.82,30,-94233.05583332,681,245760,360,0.0047555845,-0.002883472090252326,85100080.0,0.2,0.0,0.9901942610740662,0.0003,341358554.5921875,-8.45563589259982,0.02469482421875,290
212.67,31,-96770.35583332,703,253952,361,0.0056737186,-0.0038619785289483845,260691776.0,0.2,0.0,0.9881877899169922,0.0003,412369280.140625,-8.44656990841031,0.031982421875,300
233.67,32,-97005.91249999002,728,262144,360,0.0037025446,-0.002812492206430761,155789984.0,0.2,-1.1920928955078125e-07,0.9874148368835449,0.0003,393999107.16875,-8.43815058171749,0.01981201171875,310
258.66,33,-96911.69810606001,754,270336,358,0.004776284,-0.002874821936711669,123964392.0,0.2,0.0,0.9857508540153503,0.0003,302924755.4429687,-8.430237720161676,0.0313232421875,320
265.28,34,-96250.67727273,782,278528,355,0.0060019176,-0.003964581700711278,163681328.0,0.2,1.1920928955078125e-07,0.985987663269043,0.0003,300417044.51484376,-8.42772456780076,0.0393798828125,330
254.58,35,-95858.00227273001,807,286720,354,0.004963333,-0.0034954456052219028,203270368.0,0.2,-2.384185791015625e-07,0.9831299185752869,0.0003,354280756.734375,-8.418319012224675,0.0333984375,340
243.89,36,-95374.025,832,294912,354,0.0045656823,-0.002727852026873734,207392896.0,0.2,1.1920928955078125e-07,0.9810692667961121,0.0003,318589832.7859375,-8.405413223057986,0.03302001953125,350
252.2,37,-94426.785,857,303104,353,0.006834567,-0.0026286575503036147,232150784.0,0.2,0.0,0.9811186790466309,0.0003,340105149.3300781,-8.397084963321685,0.0279296875,360
257.66,38,-94266.06349650999,881,311296,352,0.0049664425,-0.0033869332728500012,131934528.0,0.2,2.384185791015625e-07,0.9802796840667725,0.0003,341409881.0515625,-8.397393231838942,0.03387451171875,370
260.18,39,-91756.25227854999,907,319488,352,0.006553633,-0.0036109692649915815,268728864.0,0.2,0.0,0.9777988791465759,0.0003,310730281.3691406,-8.38700964152813,0.04990234375,380
254.58,40,-92393.06150931999,933,327680,351,0.00416849,-0.0026701958064222707,249797904.0,0.2,0.0,0.9804258346557617,0.0003,343823337.99921876,-8.38740203231573,0.05146484375,390
266.63,41,-93142.96634614002,959,335872,350,0.0040874626,-0.003045116740395315,70606280.0,0.2,0.0,0.9778337478637695,0.0003,341392342.38671875,-8.383457439392805,0.02769775390625,400
279.8,42,-93102.11634615,984,344064,349,0.0059633097,-0.0038999587486614473,114343440.0,0.2,0.0,0.9778079986572266,0.0003,226042484.71015626,-8.37736156284809,0.0620361328125,410
297.44,43,-95038.27339744,1008,352256,349,0.0044824053,-0.004000172784435563,117797248.0,0.2,0.0,0.9767910242080688,0.0003,299959698.734375,-8.373029010742902,0.03670654296875,420
313.11,44,-95722.61666667,1034,360448,348,0.0048654918,-0.0014822759389062413,106518160.0,0.2,0.0,0.9768971800804138,0.0003,258698360.13203126,-8.36794184744358,0.0243408203125,430
305.83,45,-95330.01,1059,368640,347,0.0051753903,-0.0032792200574476736,177875968.0,0.2,0.0,0.9743489027023315,0.0003,269019783.20390624,-8.361284851282836,0.03031005859375,440
297.84,46,-96718.585,1084,376832,347,0.005068752,-0.0037456795223988594,237300800.0,0.2,0.0,0.9740813970565796,0.0003,309791619.2234375,-8.352708753943443,0.0317138671875,450
290.69,47,-97789.88916666001,1110,385024,346,0.006028867,-0.0032364613827667197,113669920.0,0.2,0.0,0.97282874584198,0.0003,285400276.12460935,-8.348735357820988,0.0468017578125,460
305.77,48,-97665.31416666001,1137,393216,345,0.0047530625,-0.0033079716715292305,28969940.0,0.2,0.0,0.9725263118743896,0.0003,288073268.753125,-8.344320782274007,0.02977294921875,470
319.14,49,-97015.55833333,1163,401408,344,0.01867682,-0.0019133626519760583,109592384.0,0.2,0.0,0.9744669795036316,0.0003,206448404.5921875,-8.345593421906234,0.08975830078125,480
285.28,50,-95689.33333333001,1188,409600,344,0.011265049,-0.004688702214116347,267315536.0,0.2,0.0,0.9721722602844238,0.0003,265783095.45078126,-8.346764607727527,0.06353759765625,490
265.79,51,-93615.52222222001,1213,417792,344,0.0033690305,-0.0022247774228162597,102383552.0,0.2,-1.1920928955078125e-07,0.971220850944519,0.0003,429779981.4671875,-8.338593065738678,0.02177734375,500
249.85,52,-94532.58472222001,1238,425984,343,0.06891702,0.0018914020263764541,90493624.0,0.2,0.0,0.9744548797607422,0.0003,256578507.40195313,-8.346617895364762,0.1433837890625,510
256.94,53,-95303.84722222999,1263,434176,343,0.0072890758,-0.003973752696037991,87406752.0,0.2,2.384185791015625e-07,0.9739717245101929,0.0003,326086865.2363281,-8.353021667152642,0.04677734375,520
291.24,54,-94152.97638889999,1288,442368,343,0.0048200344,-0.003956561176892137,125740008.0,0.2,1.1920928955078125e-07,0.9725515246391296,0.0003,309311722.59375,-8.34645705446601,0.0372314453125,530
282.6,55,-95784.21250000998,1313,450560,342,0.0068404265,-0.003893475443328498,146881472.0,0.2,5.960464477539063e-08,0.9724944829940796,0.0003,256761022.6625,-8.341722292453051,0.06470947265625,540
311.43,56,-94366.86250000999,1338,458752,342,0.00718809,-0.0031209236236463766,86492536.0,0.2,0.0,0.9687961935997009,0.0003,256277340.90703124,-8.332094785571098,0.0542724609375,550
325.75,57,-93671.36666667,1363,466944,342,0.005198071,-0.002004303751164116,128790192.0,0.2,0.0,0.9679478406906128,0.0003,246080834.3609375,-8.316531738638878,0.03677978515625,560
336.63,58,-95901.175,1389,475136,342,0.0071489303,-0.0020795307922526264,76535136.0,0.2,-1.1920928955078125e-07,0.964746356010437,0.0003,226154274.15488282,-8.305343768745661,0.05718994140625,570
312.94,59,-95415.0,1413,483328,341,0.0061418405,-0.004855157960992074,194409888.0,0.2,1.1920928955078125e-07,0.9635350108146667,0.0003,266166664.69765624,-8.28875133395195,0.06195068359375,580
330.19,60,-93810.45,1439,491520,341,0.0050670383,-0.0024286946609208826,146986928.0,0.2,1.1920928955078125e-07,0.9619369506835938,0.0003,305919202.8765625,-8.28045916929841,0.03115234375,590
328.28,61,-94266.27916666999,1464,499712,341,0.021697734,0.004913250949175563,21707730.0,0.2,0.0,0.9606276750564575,0.0003,173502318.89926758,-8.273962848633527,0.2135498046875,600
317.2,62,-92341.5,1489,507904,340,0.0047550583,-0.0018800340541929473,83168784.0,0.2,-1.1920928955078125e-07,0.9603056907653809,0.0003,255299500.8078125,-8.267011124640703,0.0465576171875,610
338.23,63,-91978.82916667,1515,516096,340,0.0057025584,-0.0032923670354648494,136317664.0,0.2,5.960464477539063e-08,0.9575374126434326,0.0003,265051603.72265625,-8.25697517991066,0.06162109375,620
71.82,64,-100273.375,1540,524288,340,0.32448792,0.01408578747214051,70063136.0,0.2,-1.1920928955078125e-07,0.9525880813598633,0.0003,234941612.67167968,-8.235745592415332,0.15628662109375,630
82.09,65,-99745.4875,1566,532480,339,0.0029336796,-0.0029027141019469125,534732672.0,0.2,1.7881393432617188e-07,0.9524774551391602,0.0003,1140762479.225,-8.215437347441911,0.00684814453125,640
107.36,66,-99831.5875,1593,540672,339,0.0020790151,-0.0023976838994713033,413003840.0,0.2,0.0,0.9524723887443542,0.0003,857808081.475,-8.21489737853408,0.00675048828125,650
106.38,67,-100026.74583333,1620,548864,338,0.00409388,-0.003776928352453979,425103360.0,0.2,0.0,0.9527157545089722,0.0003,840951511.65,-8.215668642520905,0.02001953125,660
128.76,68,-99688.20088384,1646,557056,338,0.004273903,-0.0034720380841463338,328345376.0,0.2,1.1920928955078125e-07,0.9527589678764343,0.0003,698800622.74375,-8.216924191266298,0.025830078125,670
137.94,69,-99478.51477273,1671,565248,338,0.006026135,-0.003586903287214227,365657536.0,0.2,5.960464477539063e-08,0.9528586268424988,0.0003,608867550.7625,-8.217527235299348,0.0396728515625,680
162.3,70,-99236.29166666999,1696,573440,337,0.0046465434,-0.0035979833395686,209189792.0,0.2,0.0,0.9514713287353516,0.0003,610178309.6125,-8.2134211756289,0.0300537109375,690
193.93,71,-97257.3004762,1722,581632,337,0.006250918,-0.004898160132142948,125590600.0,0.2,0.0,0.9508093595504761,0.0003,407711916.203125,-8.206998899579048,0.05611572265625,700
221.16,72,-96766.82964286,1747,589824,337,0.0061716307,-0.003687563110361225,187503840.0,0.2,0.0,0.9520737528800964,0.0003,362854352.346875,-8.208850263804198,0.05068359375,710
228.64,73,-95867.9625,1772,598016,337,0.004659403,-0.003449246497621061,239570512.0,0.2,0.0,0.9494696855545044,0.0003,376533545.859375,-8.202915432304144,0.0388427734375,720
247.38,74,-95684.35,1796,606208,337,0.005631869,-0.0034533918602392077,104006208.0,0.2,-1.1920928955078125e-07,0.9513528347015381,0.0003,356416409.953125,-8.19983197003603,0.05152587890625,730
258.94,75,-95517.43750001,1822,614400,337,0.0058400673,-0.001553473203239264,80317168.0,0.2,0.0,0.9502147436141968,0.0003,261503281.1796875,-8.204221884161234,0.057568359375,740
296.68,76,-93654.28750001,1848,622592,336,0.0056391307,-0.002734370485632098,44286020.0,0.2,0.0,0.9488811492919922,0.0003,300256702.24296874,-8.193113892525435,0.0376708984375,750
259.54,77,-95813.28333334,1873,630784,336,0.03736096,0.008996313911484321,29841880.0,0.2,0.0,0.9459109306335449,0.0003,209373456.38671875,-8.180644817650318,0.2354736328125,760
271.56,78,-94927.37083333,1898,638976,336,0.0049596257,-0.003145034742919961,137768816.0,0.2,0.0,0.9457606077194214,0.0003,426525526.46875,-8.169548761844634,0.025244140625,770
292.25,79,-94649.12499999,1922,647168,336,0.04023782,-0.0019465271645458416,56668104.0,0.2,-1.1920928955078125e-07,0.943551778793335,0.0003,250570781.04414064,-8.16462064385414,0.0956298828125,780
273.87,80,-95196.9125,1948,655360,336,0.01629562,0.011231388305168366,86882928.0,0.2,0.0,0.9499349594116211,0.0003,192933242.31875,-8.179150060564279,0.34525146484375,790
291.5,81,-94695.67083333,1975,663552,335,0.004139076,-0.0019933059244067407,179667936.0,0.2,0.0,0.9505486488342285,0.0003,401500509.2,-8.196958357840776,0.011376953125,800
323.95,82,-94171.70416667,2000,671744,335,0.07978241,0.03803418027600856,71067432.0,0.2,0.0,0.9514905214309692,0.0003,211738332.503125,-8.204553632438182,0.45728759765625,810
308.4,83,-94839.6125,2025,679936,335,0.016899223,0.0004146919265622273,64912640.0,0.2,0.0,0.9520480036735535,0.0003,202022436.24941406,-8.208559469878674,0.11048583984375,820
331.35,84,-94065.32083333,2050,688128,335,0.020341057,0.0044582869377336465,189725104.0,0.2,0.0,0.9497170448303223,0.0003,224887916.2544922,-8.202216339856387,0.1522705078125,830
323.06,85,-93206.80833333998,2075,696320,335,0.007769566,-0.0031378509927890265,142830384.0,0.2,0.0,0.950211226940155,0.0003,282423442.3863281,-8.195413966476917,0.032861328125,840
297.35,86,-93155.37916667,2100,704512,335,0.007261834,-0.00016884260330698452,29858028.0,0.2,0.0,0.9479955434799194,0.0003,272217405.6910156,-8.190755612403155,0.11212158203125,850
295.35,87,-92998.37083333,2124,712704,335,0.0040106084,-0.0031192102855129634,178862640.0,0.2,-1.1920928955078125e-07,0.9472944140434265,0.0003,305810172.9421875,-8.179456519335508,0.02486572265625,860
260.05,88,-94989.15416666001,2150,720896,335,0.0068565505,0.002814596581447404,113053928.0,0.2,-1.1920928955078125e-07,0.9523162841796875,0.0003,262840022.08203125,-8.203519938886165,0.17349853515625,870
247.07,89,-95920.27083333001,2176,729088,334,0.0057651815,-0.0034002083288214636,204538912.0,0.2,0.0,0.9513825178146362,0.0003,390250410.85,-8.20690393820405,0.03128662109375,880
230.08,90,-95612.42083333,2204,737280,334,0.006066997,-0.004558156187704299,82755552.0,0.2,-1.1920928955078125e-07,0.9509987235069275,0.0003,358294662.9859375,-8.203931129723788,0.05296630859375,890
261.42,91,-93356.50416666002,2230,745472,334,0.0046819905,-0.003628013308843947,37486776.0,0.2,0.0,0.9492696523666382,0.0003,301565908.9765625,-8.195239843428135,0.0449951171875,900
305.32,92,-89676.39416666001,2256,753664,334,0.013027922,0.0013544335139158647,67267648.0,0.2,0.0,0.9443045854568481,0.0003,181219781.49804688,-8.170724953711034,0.191845703125,910
345.8,93,-88538.2825,2281,761856,333,0.025715725,0.02915881092703785,85465112.0,0.2,0.0,0.9467191696166992,0.0003,158737576.88544923,-8.17934303805232,0.4976318359375,920
387.63,94,-85425.645,2306,770048,333,0.018963363,0.004833912928006612,314379936.0,0.2,-1.1920928955078125e-07,0.9459065198898315,0.0003,181232593.8582031,-8.164805730432272,0.20208740234375,930
424.59,95,-83164.00333333999,2332,778240,333,0.04468635,0.024808083907555557,4180078.25,0.2,-1.1920928955078125e-07,0.9568737745285034,0.0003,101560820.32825927,-8.217806953936815,0.513623046875,940
87.58,96,-100064.5375,2360,786432,333,0.19525531,0.030272648867685346,220610592.0,0.2,0.0,0.9585480690002441,0.0003,200988099.95,-8.242723460495473,0.34761962890625,950
72.83,97,-100492.35,2386,794624,333,0.00025723415,-0.0006041227894456825,248755072.0,0.2,0.0,0.9585859179496765,0.0003,997086679.225,-8.246115294098853,0.00035400390625,960
87.29,98,-100098.79166666999,2411,802816,332,0.0008280035,-0.0012775232073181542,470533920.0,0.2,0.0,0.9586719274520874,0.0003,1188637577.425,-8.24647090509534,0.00074462890625,970
113.16,99,-99620.8125,2437,811008,332,0.0020428197,-0.002379872390883975,352954880.0,0.2,0.0,0.9589557647705078,0.0003,917878508.775,-8.247579314559697,0.00855712890625,980
116.1,100,-99673.75,2465,819200,332,0.002219528,-0.0015387251558422576,162738048.0,0.2,0.0,0.9589059352874756,0.0003,667629305.73125,-8.248627401143313,0.00926513671875,990
119.49,101,-100113.425,2493,827392,331,0.00451117,-0.0031027880089823157,325098880.0,0.2,0.0,0.9588416814804077,0.0003,671751725.1625,-8.248214685916901,0.01612548828125,1000
153.59,102,-99468.48333333,2519,835584,331,0.005028979,-0.004228575445449678,442447136.0,0.2,0.0,0.9585046768188477,0.0003,658342177.821875,-8.24675868228078,0.0241455078125,1010
193.97,103,-98016.38333333,2544,843776,331,0.006139121,-0.003226260388692026,177468272.0,0.2,1.1920928955078125e-07,0.9593138098716736,0.0003,394128089.7859375,-8.248522666096687,0.0484130859375,1020
254.15,104,-95581.37916666002,2569,851968,331,0.0052217324,-0.00397976752356044,148682752.0,0.2,0.0,0.9602159857749939,0.0003,328999259.25625,-8.252175462991,0.0460693359375,1030
305.52,105,-94198.27499999,2595,860160,331,0.04562044,0.012048074167250889,332731648.0,0.2,0.0,0.9624406695365906,0.0003,159317302.284375,-8.263885873556138,0.3689208984375,1040
336.57,106,-93286.84999999,2620,868352,331,0.013505723,0.0035612670624686872,218521248.0,0.2,0.0,0.9619474411010742,0.0003,160037097.40424806,-8.270220180600882,0.2056884765625,1050
366.92,107,-94429.24999999,2647,876544,331,0.006979047,-0.003320684776554117,104263376.0,0.2,0.0,0.9650401473045349,0.0003,238517300.771875,-8.2759107619524,0.03719482421875,1060
397.5,108,-93291.26249999,2672,884736,331,0.0057789953,-0.0028927076105901505,85788528.0,0.2,0.0,0.9629613161087036,0.0003,229402642.8095703,-8.282932285219431,0.04468994140625,1070
378.68,109,-94778.07083333,2697,892928,331,0.006570523,0.0002119211436365731,157281600.0,0.2,-1.1920928955078125e-07,0.960615336894989,0.0003,229773096.36083984,-8.269910018146039,0.14033203125,1080
338.5,110,-96560.775,2722,901120,331,0.029596787,0.0018533832298999187,72763328.0,0.2,0.0,0.9575316905975342,0.0003,179538169.27514648,-8.246682342141867,0.1865234375,1090
307.02,111,-96463.3,2748,909312,330,0.0068033,-0.0048269770653860174,39345292.0,0.2,0.0,0.9574066996574402,0.0003,317688293.5765625,-8.240347161889076,0.0543701171875,1100
301.41,112,-96943.8625,2773,917504,330,0.00796879,0.00022326168036670424,323849536.0,0.2,0.0,0.9576284885406494,0.0003,288173510.00507814,-8.24082622230053,0.062841796875,1110
316.2,113,-96365.4125,2801,925696,330,0.11762346,0.005320907425630139,53833304.0,0.2,0.0,0.9588362574577332,0.0003,238205401.4640625,-8.239557998627424,0.16380615234375,1120
346.78,114,-95665.5375,2828,933888,330,0.022209715,0.010320091628818773,41207200.0,0.2,5.960464477539063e-08,0.9584862589836121,0.0003,119009248.11271973,-8.234724234044553,0.34803466796875,1130
385.67,115,-94027.0375,2856,942080,329,0.008953631,0.001249954488230287,87163544.0,0.2,-1.1920928955078125e-07,0.9587339758872986,0.0003,198917916.5625,-8.244553224742413,0.162353515625,1140
360.62,116,-93811.1875,2881,950272,329,0.064536065,0.02770836158088059,17706786.0,0.2,0.0,0.9664103388786316,0.0003,157131713.03851318,-8.266296023875475,0.37237548828125,1150
286.57,117,-97355.525,2908,958464,329,0.002474294,-0.0022160177686600946,125455040.0,0.2,1.1920928955078125e-07,0.9663763046264648,0.0003,406380378.4789063,-8.291358859091996,0.00458984375,1160
241.26,118,-98718.375,2933,966656,329,0.003413217,-0.001954898508847691,139727472.0,0.2,0.0,0.9660362005233765,0.0003,305099101.38789064,-8.290371751785278,0.01629638671875,1170
264.15,119,-98060.2,2961,974848,329,0.004875832,-0.0012359423060843255,35090300.0,0.2,5.960464477539063e-08,0.9663344621658325,0.0003,294892929.5191406,-8.29056525528431,0.03289794921875,1180
295.72,120,-97763.85,2986,983040,329,0.0063439356,-0.0017860690684756264,298788672.0,0.2,-1.1920928955078125e-07,0.9657783508300781,0.0003,255964362.0703125,-8.290543618798257,0.0413818359375,1190
326.76,121,-96967.59583333001,3012,991232,329,0.0051662717,-0.0027017262997105717,179553552.0,0.2,0.0,0.9670881032943726,0.0003,244792336.99492186,-8.292701083421708,0.047216796875,1200
350.91,122,-93231.62083333,3037,999424,328,0.016873518,0.005777971533825621,156484784.0,0.2,0.0,0.9703964591026306,0.0003,177776840.56879884,-8.301572021096945,0.2339599609375,1210
356.55,123,-93676.72083333001,3062,1007616,328,0.02530303,0.007539473284850828,86384320.0,0.2,-1.1920928955078125e-07,0.9691596031188965,0.0003,176605934.73696288,-8.316741701960563,0.29990234375,1220
370.49,124,-93458.89583333001,3087,1015808,328,0.00556232,-0.0035571846849052234,82504128.0,0.2,-1.1920928955078125e-07,0.9686914682388306,0.0003,247547008.1417969,-8.309566955268384,0.0544189453125,1230
314.33,125,-93370.35,3113,1024000,328,0.022927215,0.0009392116735398304,179875440.0,0.2,-1.1920928955078125e-07,0.9658815264701843,0.0003,225665883.49277344,-8.29668246358633,0.12171630859375,1240
284.23,126,-96930.4375,3139,1032192,328,0.005211506,-0.0032430781866423786,190974864.0,0.2,-1.1920928955078125e-07,0.9674887657165527,0.0003,352821508.34375,-8.29692443460226,0.02720947265625,1250
255.74,127,-96331.5875,3164,1040384,328,0.0061638053,-0.003636020344129065,311717312.0,0.2,0.0,0.9678550958633423,0.0003,314365231.53125,-8.303465670347213,0.04056396484375,1260
297.63,128,-96379.3125,3189,1048576,328,0.0068252543,-0.0022345798832247967,155813488.0,0.2,-1.1920928955078125e-07,0.9689968824386597,0.0003,274869822.021875,-8.308562993258239,0.06279296875,1270
307.18,129,-95958.425,3214,1056768,328,0.014738285,0.004429833000904182,84567640.0,0.2,-1.1920928955078125e-07,0.9642213582992554,0.0003,205173864.93974608,-8.288496667146683,0.21658935546875,1280
323.72,130,-94979.1625,3239,1064960,328,0.029137898,0.002297034611547133,180270912.0,0.2,-1.1920928955078125e-07,0.9624723196029663,0.0003,206830407.44128418,-8.274320961534977,0.15072021484375,1290
340.4,131,-94971.0875,3264,1073152,328,0.0150672,0.0019902909400116185,131780240.0,0.2,0.0,0.9625996351242065,0.0003,214390674.90839845,-8.275766198337077,0.12315673828125,1300
353.53,132,-93694.6875,3290,1081344,328,0.006893299,-0.0024096946865029166,189380640.0,0.2,0.0,0.9620332717895508,0.0003,294978784.85234374,-8.270404230058194,0.04539794921875,1310
334.27,133,-94529.625,3315,1089536,328,0.117233396,0.026782853686017915,122640304.0,0.2,0.0,0.9714149832725525,0.0003,157666994.40810546,-8.27691018730402,0.46513671875,1320
313.88,134,-96485.2625,3341,1097728,328,0.004545322,-0.0019839970431348775,91518592.0,0.2,0.0,0.971373975276947,0.0003,285995784.3246094,-8.327311562746763,0.02281494140625,1330
322.94,135,-94972.2375,3366,1105920,328,0.010501362,-0.0016362558701075614,13846990.0,0.2,0.0,0.9717835187911987,0.0003,243892392.93027344,-8.329175695031882,0.0688232421875,1340
295.67,136,-96544.19583333,3391,1114112,328,0.0039539863,-0.0018782824277877807,180596480.0,0.2,0.0,0.9721605777740479,0.0003,274030520.7242187,-8.33411467820406,0.0283447265625,1350
315.68,137,-95721.17083333,3416,1122304,328,0.008199334,-0.0021577465209702495,89598520.0,0.2,-1.1920928955078125e-07,0.9747689962387085,0.0003,251317637.59414062,-8.341225738823415,0.07822265625,1360
332.15,138,-95171.90833333001,3442,1130496,328,0.0105126165,0.00025174673064611854,25903620.0,0.2,0.0,0.9758256673812866,0.0003,214457371.84023437,-8.345971479266883,0.115283203125,1370
355.39,139,-95700.88333333,3468,1138688,328,0.0096122455,0.0014758732591872103,41338284.0,0.2,-1.1920928955078125e-07,0.9763978719711304,0.0003,204835954.24921876,-8.357204504311085,0.13155517578125,1380
64.24,140,-100525.275,3494,1146880,328,0.5446615,0.06343235648419068,121697816.0,0.2,0.0,0.977625846862793,0.0003,177753325.52387697,-8.362315388768911,0.468017578125,1390
68.17,141,-100671.7,3520,1155072,328,0.00018048674,-0.0006103275667555863,658018752.0,0.2,1.7881393432617188e-07,0.977684736251831,0.0003,1080869363.05,-8.369892124831676,9.765625e-05,1400
83.24,142,-100599.45,3545,1163264,328,0.000486308,-0.0011529085379152094,533020416.0,0.2,0.0,0.9778181910514832,0.0003,1203249122.7,-8.370440855622292,0.00054931640625,1410
91.26,143,-100696.3,3574,1171456,327,0.0015645032,-0.0021262406215100784,512488224.0,0.2,0.0,0.9780454635620117,0.0003,939880944.325,-8.371544717252254,0.002099609375,1420
115.26,144,-101032.775,3599,1179648,327,0.0023941644,-0.002122091302589979,407197280.0,0.2,0.0,0.9783572554588318,0.0003,865414660.975,-8.373232183605433,0.0060546875,1430
123.74,145,-101117.575,3627,1187840,327,0.0044822115,-0.003057621535481303,272434368.0,0.2,0.0,0.9786385893821716,0.0003,652103984.4625,-8.375307289510966,0.013818359375,1440
148.33,146,-101026.875,3654,1196032,327,0.004617669,-0.002861901927826693,550517888.0,0.2,0.0,0.9784432649612427,0.0003,611898774.74375,-8.375776027143,0.01650390625,1450
195.59,147,-100891.175,3679,1204224,327,0.004949574,-0.002833346540137427,162136608.0,0.2,-1.1920928955078125e-07,0.9775609970092773,0.0003,486200588.7625,-8.372487878799438,0.0273681640625,1460
218.4,148,-100663.475,3705,1212416,327,0.0061960174,-0.003347865233808989,91125776.0,0.2,0.0,0.9761404991149902,0.0003,299395209.8265625,-8.365188800543546,0.0518798828125,1470
253.24,149,-100898.825,3732,1220608,327,0.0063573876,-0.004075687247677706,53235796.0,0.2,0.0,0.9758738875389099,0.0003,334466914.66796875,-8.359057967364787,0.05311279296875,1480
299.13,150,-99898.05,3757,1228800,327,0.008330953,-0.0028352162589726504,136801024.0,0.2,0.0,0.9777660369873047,0.0003,262036971.48945314,-8.363296196609735,0.0644775390625,1490
324.38,151,-99972.075,3782,1236992,326,0.01964306,0.006681497889076127,62326400.0,0.2,-1.1920928955078125e-07,0.9769415855407715,0.0003,185189673.6707031,-8.370135101675988,0.22529296875,1500
353.89,152,-100496.35,3810,1245184,326,0.05251371,0.02849690011498751,71978464.0,0.2,0.0,0.9820050001144409,0.0003,175271826.12529296,-8.384794224798679,0.4521728515625,1510
363.06,153,-98617.8,3840,1253376,326,0.0104648005,-0.0007619996307766996,142401856.0,0.2,0.0,0.9818913340568542,0.0003,262245307.4515625,-8.397624231129885,0.12459716796875,1520
405.97,154,-95312.275,3870,1261568,325,0.025980499,0.0006098864309024066,65662228.0,0.2,0.0,0.9850608110427856,0.0003,206811663.28408203,-8.39946420788765,0.13731689453125,1530
409.52,155,-93000.275,3897,1269760,325,0.041325986,0.030797021163016323,2148186.25,0.2,-1.1920928955078125e-07,0.9899762868881226,0.0003,87854508.54643555,-8.45062326490879,0.57838134765625,1540
352.93,156,-91582.65,3925,1277952,325,0.024940345,0.02734575602808036,30110454.0,0.2,5.960464477539063e-08,0.9895737171173096,0.0003,126657598.49987793,-8.447797498852015,0.4648681640625,1550
348.01,157,-88222.6,3950,1286144,325,0.002321437,-0.002243520519550657,89425776.0,0.2,1.0728836059570312e-06,0.9896707534790039,0.0003,425936148.35625,-8.445960350334644,0.0033447265625,1560
360.39,158,-87159.525,3977,1294336,325,0.009135644,-0.002470101594371954,90089272.0,0.2,4.172325134277344e-07,0.9884189367294312,0.0003,154387061.39438477,-8.440557654947042,0.08389892578125,1570
374.62,159,-87554.4,4004,1302528,325,0.0151955625,-0.0007647723457921529,9419483.0,0.2,0.0007172226905822754,0.9900345802307129,0.0003,68604869.27739258,-8.44037461206317,0.06575927734375,1580
410.55,160,-82609.425,4034,1310720,324,0.06339359,0.044902598808403124,23771588.0,0.2,-2.0265579223632812e-06,0.9963936805725098,0.0003,106202547.87106934,-8.48116801083088,0.6453125,1590
456.34,161,-78026.55,4060,1318912,324,0.00992313,0.0018250273646117422,2922816.5,0.2,5.960464477539063e-08,0.9967046976089478,0.0003,49234946.57687988,-8.490163990110158,0.165625,1600
517.1,162,-73819.75833333,4085,1327104,324,0.00043619226,-0.00044168323729536495,8559178.0,0.2,0.0006469488143920898,0.9966819286346436,0.0003,48672695.320336916,-8.490012693405152,0.0007568359375,1610
587.69,163,-68714.73333333,4112,1335296,324,0.0040444876,-0.0005517764471733244,48494960.0,0.2,0.00014340877532958984,0.9967163801193237,0.0003,49685073.412915036,-8.490221391618253,0.01458740234375,1620
648.85,164,-62922.233333330005,4139,1343488,324,0.035211064,0.012536722134973389,497698.96875,0.2,-1.6570091247558594e-05,0.9996839761734009,0.0003,78087152.52724609,-8.502488897740841,0.3460693359375,1630
690.41,165,-60378.483333330005,4165,1351680,324,0.023337273,0.02039042575452186,50068068.0,0.2,-1.1920928955078125e-07,1.0216608047485352,0.0003,48917176.7897583,-8.585150267928839,0.5322265625,1640
731.65,166,-57147.40833333001,4193,1359872,324,0.013909442,0.004823236166703282,27080320.0,0.2,1.7881393432617188e-07,1.0259102582931519,0.0003,50857927.62668457,-8.659078263491391,0.31199951171875,1650
729.74,167,-57243.95833333,4220,1368064,324,0.030305482,0.020438844190721284,23231782.0,0.2,0.0,1.033541202545166,0.0003,39061870.39437256,-8.69639150723815,0.5020263671875,1660
726.89,168,-55456.758333330006,4245,1376256,324,0.02252328,0.027764369046053616,31205276.0,0.2,1.1920928955078125e-07,1.036594271659851,0.0003,67803360.59680176,-8.71853905916214,0.4466552734375,1670
687.73,169,-63341.383333330006,4271,1384448,324,0.024283152,0.006697351215916569,24473622.0,0.2,9.5367431640625e-07,1.0426863431930542,0.0003,87545825.11459962,-8.740875171869993,0.25902099609375,1680
676.49,170,-63768.175,4296,1392640,324,0.013265697,-0.0004740142536320491,54403316.0,0.2,5.960464477539062e-07,1.0414128303527832,0.0003,141408213.70893556,-8.753830174356699,0.09261474609375,1690
666.9,171,-64735.5,4320,1400832,324,0.026112733,0.007182319198909682,6472789.5,0.2,2.980232238769531e-07,1.0424315929412842,0.0003,77638856.5534546,-8.757239407300949,0.31910400390625,1700
642.51,172,-65880.25,4345,1409024,324,0.012989873,-0.0018730133306235075,21187128.0,0.2,0.0009566545486450195,1.0416395664215088,0.0003,87921014.98039551,-8.756822211295367,0.10296630859375,1710
561.54,173,-75157.875,4371,1417216,324,0.043666016,0.016315323668095516,81198952.0,0.2,4.112720489501953e-06,1.0535699129104614,0.0003,87159742.54875489,-8.797942765802144,0.43739013671875,1720
518.91,174,-80028.3,4395,1425408,324,0.023485458,0.006490838894023909,93363752.0,0.2,3.5762786865234375e-07,1.052314281463623,0.0003,193472350.98457032,-8.819808261841535,0.2152099609375,1730
509.28,175,-78268.725,4420,1433600,324,0.018238487,0.007208567648558528,55562220.0,0.2,1.1920928955078125e-07,1.0552440881729126,0.0003,155221886.7589844,-8.831610490381717,0.2600830078125,1740
472.95,176,-81418.325,4444,1441792,324,0.09411221,0.013898194764624349,125056040.0,0.2,1.1920928955078125e-07,1.056125283241272,0.0003,155173908.8855957,-8.827554197609425,0.33896484375,1750
298.65,177,-94052.25,4469,1449984,324,0.27622065,0.023581626421946566,33863404.0,0.2,-1.1920928955078125e-07,1.0542218685150146,0.0003,153790030.74179688,-8.842505975812674,0.38748779296875,1760
221.44,178,-100497.7,4494,1458176,324,0.004187675,-0.004137114962577471,187076624.0,0.2,0.0,1.0543293952941895,0.0003,499864903.3125,-8.828683438897134,0.009521484375,1770
215.13,179,-102025.7,4520,1466368,324,0.002873871,-0.002379902944085188,166665024.0,0.2,0.0,1.053900957107544,0.0003,381635656.940625,-8.827721785753965,0.01202392578125,1780
234.76,180,-102222.0,4546,1474560,324,0.013733275,0.0018544812621257734,138404896.0,0.2,0.0,1.0537408590316772,0.0003,221133070.6109375,-8.82749837487936,0.1421630859375,1790
251.86,181,-101187.025,4571,1482752,324,0.008017293,-0.007035874975554179,163881648.0,0.2,1.7881393432617188e-07,1.0534305572509766,0.0003,373976629.1875,-8.824817207455634,0.06236572265625,1800
246.94,182,-99994.2,4596,1490944,324,0.007985292,-0.0022600469601457007,77151000.0,0.2,5.960464477539063e-08,1.0523216724395752,0.0003,268512034.26171875,-8.821069999784232,0.0904052734375,1810
268.56,183,-98928.15,4621,1499136,324,0.0076164114,-0.003348562842438696,181793392.0,0.2,0.0,1.0495460033416748,0.0003,287805926.7164062,-8.809597150981427,0.0619140625,1820
304.44,184,-99231.675,4646,1507328,324,0.00771178,-0.002991179192031268,99767688.0,0.2,0.0,1.0514079332351685,0.0003,268616796.76523435,-8.80711196810007,0.0751708984375,1830
281.04,185,-98980.05,4672,1515520,324,0.038785048,0.029866778945506666,16550264.0,0.2,0.0,1.0554397106170654,0.0003,172665173.17558593,-8.823465149104596,0.481103515625,1840
278.69,186,-99177.475,4698,1523712,324,0.006041629,-0.004164097445027437,243358640.0,0.2,0.0,1.056657075881958,0.0003,363681312.2953125,-8.840801449865102,0.04327392578125,1850
237.76,187,-101103.125,4725,1531904,324,0.005218096,-0.0030228543451812583,112199408.0,0.2,0.0,1.057372808456421,0.0003,315633423.88671875,-8.845921529084444,0.03837890625,1860
253.05,188,-102079.85,4750,1540096,324,0.006848581,-0.0021675572606909554,134723248.0,0.2,0.0,1.059240698814392,0.0003,303068936.0375,-8.854885242134333,0.03896484375,1870
280.44,189,-101116.875,4775,1548288,324,0.007021147,-0.0016449919414299075,61617108.0,0.2,1.1920928955078125e-07,1.0618618726730347,0.0003,275948870.50390625,-8.8649158783257,0.05753173828125,1880
313.35,190,-100859.125,4800,1556480,324,0.0045553762,0.0022953553998377174,150800384.0,0.2,-1.1920928955078125e-07,1.0623457431793213,0.0003,219831596.30898437,-8.875982122123242,0.10283203125,1890
339.47,191,-99865.375,4825,1564672,324,0.018393213,0.009133013190148632,60361020.0,0.2,0.0,1.0616940259933472,0.0003,191520940.4515625,-8.877238232642412,0.26409912109375,1900
349.06,192,-100191.95,4850,1572864,324,0.07732921,0.028666255497955716,166955552.0,0.2,0.0,1.0665757656097412,0.0003,181477437.98486328,-8.890943992882967,0.505517578125,1910
352.79,193,-101227.425,4875,1581056,324,0.0050343536,-0.004012072645855369,92094336.0,0.2,0.0,1.0661696195602417,0.0003,295337761.715625,-8.897755070030689,0.0368896484375,1920
384.99,194,-100776.975,4902,1589248,324,0.015050435,0.0008608713418652769,96273760.0,0.2,-1.1920928955078125e-07,1.0642540454864502,0.0003,209831285.10898438,-8.889792622625828,0.13369140625,1930
378.2,195,-100327.15,4927,1597440,324,0.034204625,0.01110679919802351,45894476.0,0.2,0.0,1.068508505821228,0.0003,133628763.73720703,-8.894868241250515,0.35941162109375,1940
350.08,196,-100806.4,4952,1605632,324,0.024725694,0.0022795090386352967,145329040.0,0.2,0.0,1.065529465675354,0.0003,190431825.45332032,-8.899324981868267,0.17171630859375,1950
388.28,197,-99958.275,4977,1613824,324,0.0067701414,-0.00606108650463284,101265080.0,0.2,5.960464477539063e-08,1.065419316291809,0.0003,276073781.70703125,-8.892656925320626,0.06658935546875,1960
400.9,198,-95822.475,5002,1622016,324,0.03298214,0.009175596152999788,127608160.0,0.2,1.1920928955078125e-07,1.0691808462142944,0.0003,162160181.65605468,-8.894595138728619,0.32060546875,1970
417.86,199,-91192.3,5027,1630208,324,0.027812116,0.008131517639412777,17228030.0,0.2,1.1920928955078125e-07,1.0711954832077026,0.0003,126228862.85336915,-8.91878204420209,0.28507080078125,1980
439.84,200,-89583.225,5052,1638400,324,0.024112191,0.010221129130513873,14982195.0,0.2,0.0,1.0792760848999023,0.0003,67859280.00075683,-8.964308469742537,0.40697021484375,1990
482.59,201,-85345.6,5076,1646592,324,0.008006033,-0.0008522449068550486,124610368.0,0.2,0.000718533992767334,1.079679250717163,0.0003,105182338.66918945,-8.969097680598498,0.0603515625,2000
512.71,202,-82824.75,5100,1654784,324,0.039199933,0.010525200978372595,7651977.0,0.2,4.0531158447265625e-06,1.084101915359497,0.0003,67670459.74057618,-8.992209558933974,0.41114501953125,2010
511.6,203,-79859.65,5126,1662976,324,0.017248437,0.000581321166100679,76549952.0,0.2,3.5762786865234375e-07,1.0842726230621338,0.0003,180897690.1765625,-8.995759370923043,0.12281494140625,2020
541.58,204,-79010.95,5151,1671168,324,0.023174975,0.007380070185899967,115337248.0,0.2,0.0,1.0802998542785645,0.0003,151999760.65683594,-8.98715695142746,0.22393798828125,2030
446.06,205,-86895.7625,5178,1679360,324,0.076101005,0.010116673284210264,49822328.0,0.2,-1.1920928955078125e-07,1.0889991521835327,0.0003,104767960.87016602,-8.99230441004038,0.2774658203125,2040
373.17,206,-90883.65,5205,1687552,324,0.0075773117,0.0011067816551076249,202906848.0,0.2,-1.1920928955078125e-07,1.089586615562439,0.0003,244010038.29414064,-9.024700157344341,0.11630859375,2050
391.19,207,-89183.75,5233,1695744,324,0.0058791814,-0.0031908201512123925,51406692.0,0.2,0.0,1.0897529125213623,0.0003,251678563.19140625,-9.025761430710554,0.0583740234375,2060
292.72,208,-95834.475,5258,1703936,324,0.12120831,0.015998597165889805,27284520.0,0.2,0.0,1.0895887613296509,0.0003,122736565.9984375,-9.033243223279715,0.3822265625,2070
299.62,209,-96832.6375,5285,1712128,323,0.0043461155,-0.0035616668083093828,272838848.0,0.2,0.0,1.0893967151641846,0.0003,377732532.2109375,-9.025728673487901,0.01929931640625,2080
298.23,210,-98616.8,5311,1720320,323,0.054898623,0.06450461603089934,108090640.0,0.2,0.0,1.0878357887268066,0.0003,233620909.88125,-9.016056413948537,0.6461669921875,2090
301.55,211,-97601.375,5336,1728512,323,0.005579243,-0.00268467554160452,82176480.0,0.2,0.0,1.0876747369766235,0.0003,245951173.68828124,-9.016384367644786,0.029443359375,2100
337.73,212,-97740.975,5363,1736704,323,0.06284257,0.023344840696518078,2607936.75,0.2,0.0,1.0924789905548096,0.0003,161214623.06230468,-9.028496232628822,0.41068115234375,2110
339.4,213,-98531.0,5388,1744896,323,0.00307425,0.0005735538536100649,100733104.0,0.2,0.0,1.0924444198608398,0.0003,261214658.38125,-9.041241849958897,0.032470703125,2120
355.61,214,-98715.075,5413,1753088,323,0.008315553,0.0021515753614949062,6136439.5,0.2,-1.1920928955078125e-07,1.0972020626068115,0.0003,206513361.75253907,-9.056151863932609,0.110498046875,2130
338.69,215,-100752.125,5440,1761280,323,0.016462257,0.006819707169779576,224515392.0,0.2,0.0,1.0975579023361206,0.0003,188708540.3935547,-9.066045718640089,0.2142578125,2140
333.34,216,-99337.3,5465,1769472,323,0.0040402226,-0.002222271470964188,388912160.0,0.2,0.0,1.0963159799575806,0.0003,263470976.2957031,-9.067216182500124,0.022509765625,2150
300.61,217,-96303.8625,5490,1777664,323,0.07634373,0.014560634027293417,40853400.0,0.2,0.0,1.0919183492660522,0.0003,208037410.28691405,-9.04642079025507,0.2365478515625,2160
303.7,218,-93702.85,5515,1785856,323,0.0030376096,-0.0013144707958417713,132749072.0,0.2,0.0,1.0923500061035156,0.0003,319018395.84296876,-9.038327531516552,0.011181640625,2170
276.18,219,-94197.375,5540,1794048,323,0.021261431,0.0037526394524320496,85837712.0,0.2,0.0,1.093684434890747,0.0003,150765018.63222656,-9.047756823152303,0.179443359375,2180
273.75,220,-93413.78035714,5566,1802240,323,0.00205147,-0.0004455520036572125,83559088.0,0.2,-1.1920928955078125e-07,1.0928336381912231,0.0003,318159793.590625,-9.045006549358368,0.00799560546875,2190
245.35,221,-95339.03035714,5591,1810432,323,0.0058766883,-0.0018721104734140681,214118368.0,0.2,0.0,1.0917236804962158,0.0003,293667821.1851562,-9.03922959268093,0.03587646484375,2200
264.34,222,-94226.88035714,5617,1818624,323,0.0042139697,-0.0009244645654689521,140493472.0,0.2,0.0,1.0887460708618164,0.0003,334628514.7007812,-9.027366963028907,0.0557373046875,2210
290.53,223,-96632.3625,5642,1826816,323,0.0327302,0.008734226382512134,85087224.0,0.2,0.0,1.0957586765289307,0.0003,186608901.48515624,-9.047433629631996,0.29793701171875,2220
307.17,224,-96530.05833333,5667,1835008,323,0.013128167,0.0014456102428084705,161491408.0,0.2,0.0,1.0959075689315796,0.0003,204845072.08359376,-9.060623825341462,0.1379638671875,2230
347.55,225,-94488.72083333001,5692,1843200,323,0.011103198,0.0036589560950233135,98186552.0,0.2,0.0,1.0974080562591553,0.0003,205558728.26542968,-9.071683399379253,0.21778564453125,2240
378.75,226,-91274.04583333,5717,1851392,323,0.014545991,0.015232199160891469,120039008.0,0.2,1.1920928955078125e-07,1.099952220916748,0.0003,177179314.77382812,-9.06910119727254,0.29898681640625,2250
114.88,227,-100148.10416666999,5742,1859584,323,0.10930445,0.04863009680921095,49375832.0,0.2,0.0,1.1166441440582275,0.0003,185856883.8359375,-9.133580430597068,0.56424560546875,2260
88.44,228,-100874.4,5767,1867776,323,0.0027039105,-0.001283592628169572,488337664.0,0.2,0.0,1.1168081760406494,0.0003,838773407.8,-9.171598465740681,0.01929931640625,2270
116.56,229,-98155.9,5792,1875968,323,0.0018213328,-0.0011442513587098802,398558624.0,0.2,0.0,1.1169590950012207,0.0003,854492510.75,-9.171959217637777,0.01259765625,2280
125.72,230,-96247.7,5817,1884160,323,0.0029464196,-0.0026999284538760547,372927552.0,0.2,0.0,1.1165666580200195,0.0003,545041021.58125,-9.171580953896045,0.0128173828125,2290
165.68,231,-96547.3,5842,1892352,323,0.0056580496,-0.0038268488431640437,307929056.0,0.2,0.0,1.116506814956665,0.0003,452486834.16875,-9.170306120067835,0.03284912109375,2300
183.0,232,-98720.3,5867,1900544,323,0.004147373,-0.0020917095334880287,436043968.0,0.2,-1.1920928955078125e-07,1.1167821884155273,0.0003,413091271.740625,-9.1708995513618,0.02005615234375,2310
191.92,233,-99777.825,5892,1908736,323,0.0050663366,-0.003167717015458038,98061392.0,0.2,0.0,1.1149617433547974,0.0003,297977254.2609375,-9.16677779108286,0.04290771484375,2320
242.6,234,-99165.225,5917,1916928,323,0.006470166,-0.005187799160194117,165389376.0,0.2,0.0,1.1139920949935913,0.0003,369238814.4125,-9.159548961371183,0.0654541015625,2330
268.48,235,-99311.075,5942,1925120,323,0.013942551,0.0005141050121892476,26219978.0,0.2,0.0,1.1099226474761963,0.0003,214232673.00888672,-9.151279137283563,0.12034912109375,2340
298.1,236,-100274.175,5967,1933312,323,0.006886637,0.0001669711469730828,119451248.0,0.2,0.0,1.1132159233093262,0.0003,232050079.72246093,-9.14784985780716,0.08319091796875,2350
331.6,237,-100181.65,5992,1941504,323,0.006302043,0.0003096401178481756,65582628.0,0.2,-1.1920928955078125e-07,1.1142381429672241,0.0003,245448654.6234375,-9.153977385908366,0.12974853515625,2360
341.79,238,-100487.0,6017,1949696,324,0.007681306,0.0015208868841000366,22463992.0,0.2,5.960464477539063e-08,1.114797830581665,0.0003,204369089.53203124,-9.157869774103165,0.149951171875,2370
308.24,239,-100734.65,6042,1957888,324,0.09414185,0.008208533823199105,39614372.0,0.2,0.0,1.1158748865127563,0.0003,167719436.4390625,-9.18207738250494,0.21820068359375,2380
340.85,240,-99157.425,6067,1966080,324,0.0047958517,-0.002529800478441757,278974304.0,0.2,1.1920928955078125e-07,1.1153340339660645,0.0003,353051918.178125,-9.163113506883382,0.0273193359375,2390
190.08,241,-98263.95,6095,1974272,323,0.3788444,0.0801477868189977,16836170.0,0.2,0.0,1.1249955892562866,0.0003,130706555.68813476,-9.189559329301119,0.6890625,2400
124.19,242,-99496.375,6121,1982464,323,0.0004468956,-0.0006510558934678557,280512960.0,0.2,0.0,1.1249632835388184,0.0003,682633159.5875,-9.213043104857206,0.0013427734375,2410
126.71,243,-99882.625,6146,1990656,323,0.001198354,-0.001200623533804901,302138528.0,0.2,0.0,1.1247470378875732,0.0003,591952731.06875,-9.212451057881117,0.002392578125,2420
145.7,244,-100144.1,6172,1998848,323,0.0025777807,-0.0025513226162729554,330846560.0,0.2,0.0,1.1250357627868652,0.0003,507089386.725,-9.212576779723168,0.00491943359375,2430
188.68,245,-100003.1,6196,2007040,323,0.0042031854,-0.0032590190377959514,270420064.0,0.2,0.0,1.125188946723938,0.0003,528068444.4625,-9.21381165459752,0.0081298828125,2440
