time/total_timesteps,train/ent_coef_loss,train/ent_coef,rollout/ep_rew_mean,time/episodes,train/learning_rate,train/critic_loss,time/fps,train/n_updates,time/time_elapsed,train/actor_loss,rollout/ep_len_mean
128,-0.012750690802931786,0.9990005493164062,-100315.0,4,0.001,286285376.0,463,6,0,-22.602035522460938,11.5
788,0.21683281660079956,0.963283360004425,-781919.41915975,8,0.001,300621984.0,147,171,5,-197.30259704589844,65.125
1196,0.14248697459697723,0.9832313656806946,-873001.3198814165,12,0.001,326382144.0,145,273,8,-632.8378295898438,80.25
1808,-0.669367253780365,1.0440709590911865,-879864.4852758751,16,0.001,246180384.0,141,426,12,-960.5834350585938,81.25
1892,-0.8672970533370972,1.0544544458389282,-790603.7269927,20,0.001,377204352.0,141,447,13,-940.9085693359375,72.2
2648,-3.054226875305176,1.1631100177764893,-1279853.7838632918,24,0.001,313199360.0,140,636,18,-999.6236572265625,93.125
2844,-3.190480947494507,1.1898506879806519,-1224152.3046289287,28,0.001,305130624.0,139,685,20,-972.1536254882812,90.71428571428571
3032,-3.412796974182129,1.2120108604431152,-1212137.3761869697,32,0.001,206402176.0,138,732,21,-874.158203125,88.57575757575758
3096,-3.8171629905700684,1.220807433128357,-1126854.8822847777,36,0.001,271751936.0,138,748,22,-804.4200439453125,83.38888888888889
5516,-18.328615188598633,1.6337220668792725,-1779520.187836475,40,0.001,198338304.0,141,1353,39,-974.26220703125,105.0
6840,-23.10070037841797,1.9130007028579712,-2602778.080874795,44,0.001,149891680.0,141,1684,48,359.2930908203125,137.1590909090909
7800,-21.522851943969727,2.107426881790161,-2816165.115330063,48,0.001,68382400.0,141,1924,55,659.689208984375,148.08333333333334
8148,-22.820133209228516,2.172628402709961,-2668947.305958231,52,0.001,117009792.0,141,2011,57,343.0845947265625,146.48076923076923
8316,-24.08089828491211,2.2047622203826904,-2489152.6855743215,56,0.001,76356912.0,140,2053,59,940.5894775390625,137.94642857142858
8400,-23.938892364501953,2.2210795879364014,-2329889.8398693665,60,0.001,45589544.0,139,2074,60,751.6502685546875,129.28333333333333
9348,-23.757328033447266,2.4040005207061768,-2475417.8843390625,64,0.001,49763864.0,139,2311,67,1512.4671630859375,141.453125
9504,-26.422775268554688,2.4350428581237793,-2346621.9508531326,68,0.001,23945462.0,139,2350,68,802.5831909179688,136.77941176470588
9924,-27.238189697265625,2.52496600151062,-2254817.6961371666,72,0.001,25139196.0,138,2455,71,1821.2486572265625,133.27777777777777
10192,-26.68752670288086,2.583118438720703,-2185050.7721590265,76,0.001,21559128.0,138,2522,73,2123.023681640625,132.30263157894737
10476,-27.4549560546875,2.646503448486328,-2086167.9028365873,80,0.001,28630528.0,138,2593,75,1440.586181640625,128.9875
10796,-25.907747268676758,2.714512348175049,-1993798.2279339875,84,0.001,24219572.0,137,2673,78,2192.908447265625,125.13095238095238
11164,-24.97791290283203,2.794086217880249,-1918852.3335074545,88,0.001,24204512.0,137,2765,81,2072.8115234375,123.63636363636364
11448,-25.949542999267578,2.8558502197265625,-1870863.3655589563,92,0.001,23802900.0,136,2836,83,1993.995361328125,122.71739130434783
11764,-27.057701110839844,2.923187494277954,-1801275.9140365415,96,0.001,53000720.0,136,2915,86,2923.236572265625,119.76041666666667
12052,-28.371356964111328,2.9871726036071777,-1751467.9606890297,100,0.001,83328672.0,136,2987,88,3479.26953125,118.42
12540,-28.105243682861328,3.1017775535583496,-1758502.7128572303,104,0.001,33230260.0,134,3109,93,3844.85595703125,122.36
12708,-28.43073272705078,3.141711950302124,-1704636.2709423199,108,0.001,21756732.0,134,3151,94,3108.09228515625,118.56
13252,-28.636051177978516,3.2731382846832275,-1674907.5279467702,112,0.001,14487408.0,133,3287,98,4275.98828125,118.8
13452,-30.61393165588379,3.323636293411255,-1643712.55835906,116,0.001,52259256.0,133,3337,100,3349.281005859375,116.46
13684,-32.86375427246094,3.3824875354766846,-1633068.8135455197,120,0.001,59441568.0,133,3395,102,3408.31982421875,117.43
14072,-31.510042190551758,3.486053466796875,-1520198.3522690404,124,0.001,35467524.0,133,3492,105,4276.2666015625,117.21
14476,-32.26858901977539,3.5962140560150146,-1489745.7234543704,128,0.001,69375776.0,133,3593,108,4773.6845703125,116.87
14756,-30.654861450195312,3.671530246734619,-1441121.22511586,132,0.001,55879488.0,133,3663,110,4683.927734375,115.72
15052,-30.904951095581055,3.7532176971435547,-1440454.92795055,136,0.001,32779676.0,133,3737,112,4144.09326171875,116.91
15188,-30.323230743408203,3.7898848056793213,-1144311.07823723,140,0.001,66646320.0,133,3771,113,4705.5634765625,107.92
15464,-30.84300422668457,3.866567850112915,-716605.2580218199,144,0.001,27254886.0,132,3840,116,4649.6953125,92.27
15976,-29.79010009765625,4.011317729949951,-514715.38210323994,148,0.001,15927434.0,132,3968,120,5624.955078125,83.49
16972,-28.233684539794922,4.284130096435547,-500194.5150305,152,0.001,40907848.0,133,4217,127,5818.56298828125,87.15
17448,-29.02063751220703,4.413599967956543,-501541.50804434,156,0.001,38690800.0,133,4336,130,5806.70751953125,90.69
17632,-29.143888473510742,4.462887763977051,-504079.0749716099,160,0.001,44561528.0,133,4382,132,7403.33837890625,92.95
17808,-28.783950805664062,4.5130791664123535,-326661.39103192,164,0.001,36701400.0,133,4426,133,6785.5732421875,86.19
17868,-29.42971420288086,4.530176639556885,-322030.77310612006,168,0.001,44708496.0,133,4441,134,6789.466796875,85.03
18248,-30.906984329223633,4.638566970825195,-298714.49296116,172,0.001,42909776.0,133,4536,137,5364.84375,84.19
18604,-28.95939826965332,4.74638557434082,-266451.81012578,176,0.001,23395760.0,132,4625,139,6984.2158203125,82.66
19008,-29.504718780517578,4.869041442871094,-264649.00450170005,180,0.001,27976756.0,132,4726,143,7789.4755859375,84.55
19160,-29.46377182006836,4.913668155670166,-270979.81844777,184,0.001,77072592.0,132,4764,144,7230.220703125,85.74
19540,-30.69415855407715,5.035360336303711,-260971.85812194005,188,0.001,67810968.0,132,4859,147,6344.052734375,84.44
19868,-30.05123519897461,5.142138481140137,-233119.09510366002,192,0.001,24620148.0,132,4941,149,7176.6201171875,82.78
20024,-29.82839584350586,5.193850040435791,-230237.99831807998,196,0.001,54270520.0,132,4980,151,7456.26611328125,84.76
20400,-30.324417114257812,5.3217597007751465,-215185.37894598,200,0.001,89907648.0,132,5074,154,6684.2978515625,83.79
20624,-32.831703186035156,5.395602703094482,-211687.21582363005,204,0.001,41726808.0,132,5130,155,7186.1484375,81.86
21020,-32.05253601074219,5.537116527557373,-212322.60500688,208,0.001,36034752.0,132,5229,158,7336.26708984375,84.14
21272,-30.94209861755371,5.628847599029541,-204605.56606168995,212,0.001,13723203.0,132,5292,160,8479.271484375,81.14
21492,-32.682861328125,5.712157726287842,-204397.58100521003,216,0.001,35894448.0,131,5347,163,8515.169921875,82.51
21848,-28.81658172607422,5.839714527130127,-207001.20928249002,220,0.001,50820044.0,131,5436,165,8304.306640625,84.3
22064,-30.47323226928711,5.9161224365234375,-176374.93881323002,224,0.001,67708320.0,131,5490,167,9275.484375,79.17
22304,-30.433719635009766,6.003445625305176,-175539.37869627,228,0.001,48583552.0,131,5550,169,8944.3984375,77.65
22540,-31.203601837158203,6.0927205085754395,-181302.17066436,232,0.001,32447268.0,131,5609,171,8650.1748046875,79.05
22756,-32.81547546386719,6.175235271453857,-179837.09600333002,236,0.001,82271552.0,131,5663,172,8191.48681640625,80.28
23016,-32.01289367675781,6.280674457550049,-174724.00650162,240,0.001,15470858.0,131,5728,175,8964.0458984375,78.61
23056,-32.3548583984375,6.295309066772461,-173020.34626671002,244,0.001,36115564.0,131,5738,175,9279.630859375,76.11
23084,-33.162086486816406,6.305095195770264,-173002.99591174,248,0.001,55545392.0,131,5745,175,9408.8759765625,75.15
23304,-30.369421005249023,6.397549152374268,-155558.06610109,252,0.001,16797618.0,131,5800,177,6951.33203125,68.58
23348,-29.81725311279297,6.411908149719238,-152669.14161908,256,0.001,44970712.0,131,5811,177,8848.896484375,64.69
23640,-31.816551208496094,6.532332420349121,-152154.8561507,260,0.001,45332928.0,131,5884,179,9666.794921875,64.01
23804,-31.975202560424805,6.596992015838623,-145369.09922267002,264,0.001,58858244.0,131,5925,181,8464.486328125,60.45
24040,-32.78826141357422,6.697556018829346,-145390.19748519998,268,0.001,118430112.0,131,5984,183,9155.353515625,60.67
24080,-32.182334899902344,6.7128167152404785,-145284.70701992998,272,0.001,40951104.0,131,5994,183,8656.21875,60.29
24276,-30.93111801147461,6.800107479095459,-146455.80297786,276,0.001,29954880.0,131,6043,185,9341.255859375,58.19
24460,-29.678068161010742,6.876125812530518,-145062.71353595998,280,0.001,76250960.0,131,6089,186,8494.23046875,56.22
24860,-30.80858612060547,7.0403151512146,-137835.09904549998,284,0.001,70269328.0,131,6189,189,9323.9501953125,56.24
25060,-30.336545944213867,7.126052379608154,-139697.20396006,288,0.001,112248776.0,130,6239,191,9301.376953125,55.83
25252,-30.52176284790039,7.208004474639893,-138822.15851181,292,0.001,84967000.0,130,6287,192,9741.10546875,54.37
25524,-29.658113479614258,7.328073978424072,-137834.97488805995,296,0.001,69056368.0,130,6355,195,9648.5771484375,52.29
25772,-29.45017433166504,7.431814193725586,-138380.78208204,300,0.001,49201656.0,130,6417,197,10731.3427734375,53.88
26288,-28.944246292114258,7.652342319488525,-136165.70535986003,304,0.001,62616912.0,130,6546,201,11291.736328125,55.46
26684,-27.759048461914062,7.817716121673584,-137765.81707637,308,0.001,66903160.0,130,6645,204,10189.576171875,55.56
26948,-28.188976287841797,7.9308390617370605,-139182.28048833,312,0.001,69171456.0,130,6711,206,10660.4326171875,58.19
27292,-27.90421485900879,8.079602241516113,-141424.40128633002,316,0.001,62006468.0,130,6797,209,10368.97265625,59.8
27604,-26.811153411865234,8.213788032531738,-139851.73056446997,320,0.001,28603048.0,129,6875,212,10755.90625,57.82
27728,-25.404022216796875,8.264525413513184,-139669.72564371998,324,0.001,20699700.0,129,6906,213,11086.73828125,58.0
28032,-27.121444702148438,8.395281791687012,-139407.28639594003,328,0.001,37008352.0,129,6982,215,10139.169921875,58.59
28512,-25.80939483642578,8.607996940612793,-131826.24197075,332,0.001,63286472.0,129,7102,219,11909.369140625,57.46
28976,-27.811948776245117,8.813125610351562,-134910.11633445,336,0.001,24760324.0,129,7218,223,9740.228515625,60.35
29284,-26.157258987426758,8.95974349975586,-135532.43600986002,340,0.001,49901740.0,129,7295,225,10991.921875,63.04
29540,-24.739238739013672,9.07675552368164,-135765.83742924,344,0.001,25868640.0,129,7359,227,11553.78125,64.94
29628,-24.512725830078125,9.120949745178223,-135392.23285087998,348,0.001,46398360.0,129,7381,228,10644.8837890625,65.81
29820,-26.26004981994629,9.211224555969238,-135433.67205865,352,0.001,50551780.0,129,7429,230,11981.7490234375,65.66
30048,-27.269790649414062,9.32168960571289,-135141.81938405999,356,0.001,22368608.0,129,7486,231,11594.818359375,66.56
30436,-27.088401794433594,9.513447761535645,-133719.97634269999,360,0.001,16147070.0,129,7583,234,11706.119140625,67.43
30848,-26.315906524658203,9.716654777526855,-133804.43115218,364,0.001,58973772.0,129,7686,237,11938.7978515625,66.48
31080,-27.80837631225586,9.840044021606445,-138742.86214960003,368,0.001,101239008.0,129,7744,239,11428.3330078125,70.83
31216,-27.69430923461914,9.909947395324707,-138406.66023063,372,0.001,53086040.0,129,7778,240,11667.970703125,70.73
31484,-25.7522029876709,10.053640365600586,-137170.00761815003,376,0.001,48680964.0,129,7845,242,11275.83203125,71.53
31732,-27.86554718017578,10.190903663635254,-137297.17805697003,380,0.001,88242352.0,129,7907,244,12077.548828125,72.31
31888,-28.255592346191406,10.278266906738281,-136938.46229226002,384,0.001,55476512.0,129,7946,246,12197.2421875,70.53
32304,-26.60231590270996,10.514796257019043,-136743.10283371998,388,0.001,114366160.0,129,8050,249,12622.8671875,71.45
32608,-26.44098663330078,10.681669235229492,-138754.11276524,392,0.001,72246288.0,129,8126,251,10370.44140625,73.73
32744,-29.12732696533203,10.755325317382812,-141588.17452174,396,0.001,40831140.0,129,8160,252,12905.888671875,74.74
33020,-27.511253356933594,10.918213844299316,-138515.44971601,400,0.001,81999592.0,129,8229,255,11914.861328125,72.36
33436,-27.029804229736328,11.168346405029297,-137391.89198603,404,0.001,49116504.0,129,8333,258,12382.8701171875,70.31
34440,-28.465972900390625,11.797823905944824,-136992.67622772002,408,0.001,125657664.0,129,8584,265,12615.0849609375,74.39
34716,-27.745452880859375,11.981803894042969,-142887.77778715,412,0.001,23832004.0,129,8653,267,12327.822265625,77.79
34924,-26.61480712890625,12.11693000793457,-140966.34757025997,416,0.001,42288180.0,129,8705,269,11875.2177734375,76.42
35484,-25.498374938964844,12.483780860900879,-140134.03779428,420,0.001,66435316.0,129,8845,273,13373.9609375,78.38
35852,-23.82508659362793,12.712613105773926,-139490.52165339998,424,0.001,56287488.0,129,8937,276,13876.6396484375,78.99
35972,-24.244461059570312,12.788268089294434,-142105.82614843,428,0.001,53464384.0,129,8967,277,13714.16796875,80.39
36236,-24.70040512084961,12.95439338684082,-141690.20421338003,432,0.001,125845952.0,129,9033,280,11949.619140625,79.94
36928,-22.799705505371094,13.391587257385254,-139217.40795658002,436,0.001,70950592.0,129,9206,285,11967.431640625,77.23
37284,-23.787628173828125,13.618267059326172,-138535.37117831002,440,0.001,19736560.0,129,9295,287,12323.345703125,77.41
37600,-22.442834854125977,13.818283081054688,-162557.43863907002,444,0.001,57349120.0,129,9374,290,12270.7265625,79.02
38012,-23.081069946289062,14.076458930969238,-165675.83441880002,448,0.001,56617688.0,129,9477,293,12014.0693359375,83.52
38380,-23.442922592163086,14.325667381286621,-165537.36401397001,452,0.001,15794494.0,129,9569,296,13155.2783203125,84.71
38804,-23.706241607666016,14.611790657043457,-165278.31208821005,456,0.001,42629840.0,129,9675,299,13672.380859375,86.39
39264,-23.04340171813965,14.93925952911377,-165046.35433689004,460,0.001,65129192.0,129,9790,303,14033.873046875,85.81
39564,-24.811908721923828,15.15528678894043,-165848.56485709,464,0.001,70610624.0,129,9865,305,13135.2734375,89.17
40340,-21.702796936035156,15.723489761352539,-163458.38310634,468,0.001,87741216.0,129,10059,311,14038.697265625,86.84
41184,-21.684673309326172,16.370033264160156,-168927.35823646002,472,0.001,32504408.0,129,10270,317,13426.962890625,93.19
41840,-21.866947174072266,16.87790298461914,-174291.54952536002,476,0.001,49839512.0,129,10434,322,12650.388671875,100.18
42316,-21.59966278076172,17.264968872070312,-172743.90928958997,480,0.001,78500512.0,129,10553,325,12362.8203125,100.12
42812,-20.442787170410156,17.646404266357422,-178776.28118814997,484,0.001,41874208.0,129,10677,329,13550.427734375,107.95
43116,-18.695621490478516,17.8841609954834,-178042.60722830996,488,0.001,19214260.0,129,10753,332,13172.8134765625,108.79
43320,-18.31382942199707,18.028120040893555,-177175.38523343002,492,0.001,18054764.0,129,10804,333,11684.4013671875,108.22
43616,-17.44436264038086,18.2353515625,-175789.716243,496,0.001,79586392.0,129,10878,336,15345.5576171875,108.54
43948,-19.358625411987305,18.493968963623047,-175743.24085355,500,0.001,30403732.0,129,10961,338,13654.99609375,108.87
44320,-18.001699447631836,18.802900314331055,-176835.15581834002,504,0.001,16241210.0,129,11054,341,13118.08984375,110.64
44504,-19.37879180908203,18.949846267700195,-174947.24907829,508,0.001,56179312.0,129,11100,343,12350.15234375,106.44
44772,-19.616947174072266,19.186601638793945,-167231.40216898,512,0.001,35601416.0,129,11167,345,14248.265625,99.96
44928,-18.321456909179688,19.318710327148438,-167796.43921303,516,0.001,60623696.0,129,11206,346,13777.85546875,100.31
45104,-19.392004013061523,19.457805633544922,-164860.87045043,520,0.001,21425168.0,129,11250,347,13623.1640625,97.71
45700,-18.080982208251953,19.95391082763672,-166365.76043541997,524,0.001,66482224.0,129,11399,352,12905.71875,98.52
45916,-19.614261627197266,20.1404972076416,-165730.01288293,528,0.001,29199698.0,129,11453,353,13831.236328125,97.53
46240,-20.881826400756836,20.43111801147461,-164615.97437560998,532,0.001,60431836.0,129,11534,356,13206.255859375,96.96
46772,-20.076717376708984,20.92054557800293,-167528.91710298,536,0.001,53977656.0,129,11667,360,12442.5751953125,96.17
47104,-19.158666610717773,21.25170135498047,-153544.66741083,540,0.001,32909526.0,129,11750,363,13918.8515625,98.24
47384,-20.929168701171875,21.52619171142578,-154712.46502434998,544,0.001,56165464.0,129,11820,365,13137.3388671875,99.8
47768,-18.287511825561523,21.894668579101562,-151717.5424513,548,0.001,84135936.0,129,11916,368,14624.8359375,95.58
47920,-18.6201114654541,22.043842315673828,-152317.28931748,552,0.001,25972628.0,129,11954,369,14767.8984375,94.56
48104,-16.90265655517578,22.21247673034668,-152640.09770197,556,0.001,85760592.0,129,12000,371,13756.65625,92.06
48204,-15.92945384979248,22.30846405029297,-153275.48491275002,560,0.001,54213424.0,129,12025,371,13291.146484375,92.12
48596,-16.462549209594727,22.641319274902344,-152398.90469606,564,0.001,34692144.0,129,12123,375,14004.1201171875,90.09
49088,-13.911565780639648,23.075828552246094,-152230.14229297,568,0.001,25710428.0,129,12246,379,15950.8681640625,90.68
49424,-16.99672508239746,23.386518478393555,-147043.16785414002,572,0.001,75475456.0,129,12330,381,14827.23828125,85.97
49648,-15.434355735778809,23.608701705932617,-140910.21826144998,576,0.001,64842540.0,129,12386,383,14528.37890625,78.54
50104,-16.31637954711914,24.048757553100586,-152590.07518398997,580,0.001,20175640.0,129,12500,386,14606.486328125,80.4
50340,-15.190668106079102,24.280414581298828,-146654.69524303998,584,0.001,65729728.0,129,12559,388,14273.83984375,74.8
50716,-17.092182159423828,24.636964797973633,-156824.81340595,588,0.001,45591316.0,129,12653,391,14794.892578125,75.64
51076,-15.811681747436523,25.020732879638672,-156062.90514580003,592,0.001,41332436.0,129,12743,394,14514.109375,76.26
51440,-18.6020565032959,25.413959503173828,-154379.61821626002,596,0.001,41967032.0,129,12834,397,15043.904296875,74.22
51804,-16.64544677734375,25.84233283996582,-154748.61430817,600,0.001,21338604.0,129,12925,400,16964.09765625,75.87
52104,-14.037670135498047,26.184215545654297,-153579.74786456,604,0.001,100914680.0,129,13000,402,14424.427734375,74.39
52424,-15.95708179473877,26.53074836730957,-153055.02209153998,608,0.001,38889968.0,129,13080,404,15078.9287109375,73.08
52960,-14.831192016601562,27.137298583984375,-155511.01288308,612,0.001,35743572.0,129,13214,409,15364.0205078125,80.76
53404,-16.574420928955078,27.643762588500977,-154644.79666336,616,0.001,74300080.0,129,13325,412,17489.927734375,79.25
54004,-16.13205337524414,28.331212997436523,-158556.47564953,620,0.001,92646352.0,129,13475,416,14429.8154296875,86.31
54568,-16.490055084228516,29.012935638427734,-161278.25166466,624,0.001,52615560.0,129,13616,421,15878.818359375,87.64
55224,-11.548587799072266,29.735130310058594,-159944.39391872,628,0.001,43366232.0,129,13780,426,17073.982421875,92.81
55692,-11.798172950744629,30.24951934814453,-161627.04776774,632,0.001,33008376.0,129,13897,429,16023.607421875,95.76
56452,-13.554730415344238,31.121490478515625,-157950.00036422999,636,0.001,34543552.0,129,14087,435,16584.6484375,96.55
56904,-11.764978408813477,31.644325256347656,-149910.52407725,640,0.001,58503680.0,129,14200,438,15387.666015625,98.06
57648,-12.467178344726562,32.556480407714844,-148817.42886687,644,0.001,62564608.0,129,14386,443,16766.5546875,98.18
57968,-12.590482711791992,32.932220458984375,-149968.93725328997,648,0.001,19373384.0,129,14466,446,16514.890625,101.4
59272,-11.864073753356934,34.47148895263672,-155300.40058744,652,0.001,37464152.0,129,14792,456,18054.228515625,110.05
59716,-9.548210144042969,34.992759704589844,-156521.64785419003,656,0.001,49630712.0,130,14903,459,14549.43359375,116.03
60060,-8.987348556518555,35.39667892456055,-153638.00764064,660,0.001,37996424.0,130,14989,461,15725.3828125,118.84
60324,-9.438427925109863,35.685611724853516,-152266.03096419,664,0.001,113743040.0,130,15055,463,18964.76953125,118.76
60656,-11.8807954788208,36.05424499511719,-150996.80054427998,668,0.001,57646340.0,130,15138,466,15345.396484375,118.08
61240,-8.037103652954102,36.786598205566406,-152565.40087861998,672,0.001,68941440.0,130,15284,470,13729.119140625,119.12
61480,-9.354839324951172,37.07508087158203,-152435.59390659997,676,0.001,21753594.0,130,15344,472,17279.73046875,119.35
61744,-10.192802429199219,37.408016204833984,-142921.67748611,680,0.001,107078496.0,130,15410,474,18260.828125,117.79
62380,-11.235308647155762,38.237728118896484,-143154.51818855002,684,0.001,24948892.0,129,15569,479,17239.90234375,118.93
62940,-12.079582214355469,38.999977111816406,-132489.02678335,688,0.001,59513528.0,130,15709,484,16455.04296875,122.59
63320,-10.036224365234375,39.513160705566406,-132777.70911846,692,0.001,79934736.0,130,15804,486,17177.14453125,121.69
63792,-7.17881441116333,40.08648681640625,-133193.70553714002,696,0.001,45278376.0,130,15922,490,19388.09765625,126.21
64056,-7.446343421936035,40.37238693237305,-133345.12157691002,700,0.001,24174022.0,130,15988,492,16712.0703125,125.83
64360,-9.43887710571289,40.71500015258789,-133434.31970668,704,0.001,22503300.0,130,16064,494,18092.22265625,125.65
65228,-7.611878395080566,41.76630783081055,-134840.53749101,708,0.001,41051816.0,130,16281,501,20150.33984375,129.15
65452,-8.032159805297852,42.00105667114258,-134900.98818861,712,0.001,71035568.0,130,16337,502,15661.64453125,127.46
65752,-8.106728553771973,42.346160888671875,-136741.39362193,716,0.001,87149880.0,130,16412,505,18247.22265625,127.82
66032,-10.271953582763672,42.70711135864258,-133561.58488291,720,0.001,31311702.0,130,16482,507,17479.216796875,121.7
66144,-9.77188491821289,42.890899658203125,-129075.72626296998,724,0.001,36230680.0,130,16510,508,17734.423828125,118.78
66308,-9.441092491149902,43.13405227661133,-128929.11807687,728,0.001,49471924.0,130,16551,509,17064.3125,112.79
67404,-4.9134111404418945,44.400047302246094,-128097.34629151999,732,0.001,36544612.0,130,16825,517,15619.67578125,114.91
68464,-4.200683116912842,45.49071502685547,-132652.69590308997,736,0.001,35086880.0,130,17090,524,18599.1484375,120.76
68948,-5.697362899780273,45.9605712890625,-131533.46438058,740,0.001,26527842.0,130,17211,528,16060.4765625,117.32
69460,-6.443626403808594,46.49282455444336,-132428.40189012,744,0.001,14555553.0,130,17339,532,17189.83984375,121.15
69928,-6.013086795806885,47.04695129394531,-132423.83050436,748,0.001,15419958.0,130,17456,535,16144.216796875,120.86
70192,-4.6443095207214355,47.3312873840332,-126146.61695376998,752,0.001,64707580.0,130,17522,537,15562.611328125,112.37
70440,-4.155561923980713,47.53147888183594,-124744.76469401002,756,0.001,46497960.0,130,17584,539,18116.23046875,109.44
70884,-3.591059446334839,47.95072555541992,-126600.82410703998,760,0.001,71029824.0,130,17695,543,19804.0703125,107.69
71312,-4.572536945343018,48.41812515258789,-129571.27536869001,764,0.001,69216968.0,130,17802,546,19011.203125,109.11
71668,-7.180977821350098,48.82046127319336,-128056.24742546,768,0.001,116639792.0,130,17891,549,17692.8203125,108.18
71992,-2.22831392288208,49.16239547729492,-125985.00766252,772,0.001,43864420.0,130,17972,551,19830.078125,106.72
72272,-4.580109596252441,49.3944091796875,-126050.88903236999,776,0.001,43504448.0,130,18042,554,16288.015625,107.86
72956,-4.876401901245117,50.133262634277344,-125523.06061580998,780,0.001,45500400.0,130,18213,559,21272.853515625,110.96
73280,-5.816207408905029,50.52369689941406,-124956.18914188,784,0.001,24644640.0,130,18294,561,21952.83203125,112.51
73460,-5.145504474639893,50.75037384033203,-124753.30919181001,788,0.001,59700348.0,130,18339,563,17110.69140625,105.16
73540,-4.645095348358154,50.852840423583984,-124336.91281905999,792,0.001,21686078.0,130,18359,563,18706.02734375,103.78
73712,-3.410308361053467,51.03605651855469,-124004.81551763999,796,0.001,41529408.0,130,18402,565,19308.61328125,98.43
73784,-4.876315593719482,51.10172653198242,-122906.41077894,800,0.001,99863872.0,130,18420,565,19898.833984375,96.04
73832,-3.1784605979919434,51.14727783203125,-122655.79930824,804,0.001,53946688.0,130,18432,566,19145.16796875,92.61
73880,-3.827057123184204,51.19208908081055,-121191.22750372,808,0.001,46222536.0,130,18444,566,17914.708984375,89.01
74120,-2.716383218765259,51.411460876464844,-118864.46311217001,812,0.001,43960720.0,130,18504,568,19240.9296875,84.3
74788,-3.916356086730957,51.92936325073242,-125687.56753377,816,0.001,110369464.0,130,18671,573,19075.4765625,91.11
75064,-3.4402294158935547,52.14234161376953,-126830.80722485996,820,0.001,60177260.0,130,18740,575,20454.87890625,91.24
75368,-3.2603626251220703,52.38545227050781,-128553.85588187998,824,0.001,26013252.0,130,18816,577,19350.30078125,91.28
75688,-5.899609565734863,52.71269607543945,-128204.99149568999,828,0.001,73147312.0,130,18896,580,19545.765625,91.33
76036,-4.541817665100098,53.15740203857422,-127967.76910371002,832,0.001,27628570.0,130,18983,583,22077.705078125,90.1
76664,-4.059439182281494,53.5709228515625,-126330.63641399,836,0.001,55701948.0,130,19140,587,19661.2421875,85.42
77292,-0.9611466526985168,54.002708435058594,-127994.33637230001,840,0.001,30340852.0,130,19297,592,19407.638671875,84.77
77376,-0.7360387444496155,54.031890869140625,-126687.94047964,844,0.001,44639580.0,130,19318,592,19383.703125,80.26
77480,-1.8568081855773926,54.064144134521484,-125185.76135069,848,0.001,41317968.0,130,19344,593,20263.05859375,75.86
77612,-1.7648074626922607,54.12110900878906,-125992.10389632,852,0.001,107903344.0,130,19377,594,22932.40625,76.11
77968,-3.5409631729125977,54.32172775268555,-125791.17494554998,856,0.001,26077420.0,130,19466,597,19546.6484375,74.72
78584,-0.5625742077827454,54.56635665893555,-126391.87663836,860,0.001,29995944.0,130,19620,601,21544.166015625,75.19
79276,-0.8955317139625549,54.67458724975586,-125379.07463613,864,0.001,13681373.0,130,19793,606,21350.060546875,78.23
79556,-1.8012577295303345,54.818817138671875,-125361.44945505001,868,0.001,76481824.0,130,19863,608,21469.65234375,77.08
79844,0.8902793526649475,54.96822738647461,-126464.66895236999,872,0.001,23474620.0,130,19935,611,17285.603515625,80.85
80780,-2.310030460357666,55.46432113647461,-128973.45554110002,876,0.001,70226816.0,130,20169,617,22645.94140625,85.4
81256,-2.2648701667785645,55.79728317260742,-128271.38334201001,880,0.001,38924576.0,130,20288,621,21347.34375,83.55
81496,-2.9518637657165527,55.963260650634766,-128753.20704640003,884,0.001,30634416.0,130,20348,623,22734.73828125,81.7
81700,-4.172853946685791,56.17315673828125,-128955.00704640002,888,0.001,34008928.0,130,20399,624,20255.99609375,81.7
81848,-1.9586806297302246,56.326229095458984,-131505.64056700002,892,0.001,27528484.0,130,20436,625,21430.857421875,84.29
81964,-2.933600425720215,56.43575668334961,-131519.45104182,896,0.001,30979828.0,130,20465,626,21421.923828125,84.9
82072,0.2524546682834625,56.53174591064453,-131450.63623084,900,0.001,73722008.0,130,20492,627,21514.05859375,85.21
82220,-2.9076242446899414,56.64008331298828,-131469.53623084002,904,0.001,89418880.0,130,20529,628,21299.375,85.78
82980,0.17118880152702332,57.082279205322266,-131522.30553015,908,0.001,89409088.0,130,20719,634,19183.03125,90.18
83436,-0.6090633869171143,57.09370803833008,-130894.98295877002,912,0.001,53078264.0,130,20833,638,22615.98046875,90.1
83764,0.886589765548706,57.11524963378906,-122778.18170083001,916,0.001,45264964.0,130,20915,640,19975.5625,86.7
84192,-0.9349940419197083,57.1036491394043,-120504.65216874998,920,0.001,86239840.0,130,21022,643,19664.2890625,89.56
84816,0.21741801500320435,57.243995666503906,-118601.69036501001,924,0.001,25577908.0,130,21178,648,23104.787109375,92.05
85160,-1.9892396926879883,57.336273193359375,-118688.53463923001,928,0.001,34151364.0,130,21264,650,23733.072265625,96.43
85704,0.11287200450897217,57.45363235473633,-118185.95698135998,932,0.001,57788380.0,130,21400,655,20507.2421875,94.13
86228,0.6696327924728394,57.3431396484375,-117124.93377217997,936,0.001,34775528.0,130,21531,659,22741.564453125,96.17
86416,1.476621150970459,57.36586380004883,-114826.71329013,940,0.001,29189310.0,130,21578,660,23430.77734375,94.17
86776,2.1892623901367188,57.31203079223633,-114672.37907659,944,0.001,83744880.0,130,21668,663,21539.1171875,93.61
87096,0.8122706413269043,57.098365783691406,-115637.43583382998,948,0.001,40921264.0,130,21748,665,21316.201171875,96.85
87456,0.7391142249107361,56.909400939941406,-114923.08230399,952,0.001,25212768.0,130,21838,668,20970.025390625,96.9
88036,1.239477276802063,56.82606887817383,-115405.40821485998,956,0.001,41269736.0,130,21983,672,21900.30859375,99.9
88516,0.36086729168891907,56.71770477294922,-114631.32320524,960,0.001,99984144.0,130,22103,676,20758.99609375,100.76
89148,0.5507634878158569,56.74884033203125,-113869.92592776999,964,0.001,59201440.0,130,22261,680,20951.826171875,98.84
89432,0.6350359916687012,56.75666427612305,-115358.36881126002,968,0.001,53822244.0,130,22332,683,20696.015625,102.42
89656,0.5756269693374634,56.70231628417969,-114195.06745452002,972,0.001,47000592.0,130,22388,684,21146.224609375,98.81
90600,1.0146024227142334,56.630550384521484,-117374.40919340002,976,0.001,66197724.0,130,22624,693,22839.333984375,97.01
91176,0.5190244317054749,56.38096618652344,-119733.51898404,980,0.001,38656660.0,130,22768,697,23406.10546875,99.64
91772,1.2008291482925415,56.02077102661133,-118702.12794206,984,0.001,76780544.0,130,22917,701,22189.96484375,102.14
92676,-0.43156158924102783,55.51747512817383,-118259.80160985999,988,0.001,24585112.0,130,23143,708,22873.234375,108.68
93420,2.1354568004608154,54.915016174316406,-115389.71247580998,992,0.001,29246584.0,130,23329,713,22849.19140625,113.93
94016,-0.9473099708557129,54.2547721862793,-115357.78112896997,996,0.001,55226232.0,130,23478,718,20609.81640625,115.88
94760,0.1936292201280594,54.07875061035156,-118190.00700538002,1000,0.001,70429360.0,130,23664,724,23834.67578125,120.86
96200,-0.7684485912322998,53.63031768798828,-118028.02130416,1004,0.001,50138144.0,131,24024,734,22919.591796875,126.08
96736,-0.20614421367645264,53.612396240234375,-122772.89865535998,1008,0.001,67175384.0,131,24158,738,22457.32421875,135.63
97192,0.16185039281845093,53.49814224243164,-122971.00383798,1012,0.001,30164016.0,131,24272,741,23510.796875,135.74
97368,-0.9420313835144043,53.5086669921875,-123111.90196491999,1016,0.001,48354784.0,131,24316,742,23205.2734375,139.13
97448,0.4836961030960083,53.5049934387207,-122924.82567158999,1020,0.001,52208368.0,131,24336,743,23710.447265625,135.35
98008,1.5820815563201904,53.38652420043945,-122602.71228968,1024,0.001,22756410.0,131,24476,747,23393.56640625,132.36
98744,1.6975805759429932,52.55611038208008,-121948.52004909999,1028,0.001,15226836.0,131,24660,752,21747.6484375,133.11
99224,0.4105067849159241,52.296287536621094,-121476.01669683002,1032,0.001,33229168.0,131,24780,756,23619.2265625,135.91
99472,1.6887938976287842,52.26487350463867,-119414.57116385998,1036,0.001,12616970.0,131,24842,758,23318.19921875,133.2
100080,1.1118708848953247,51.7115592956543,-118726.33430340001,1040,0.001,31499004.0,131,24994,762,23511.49609375,133.78
100720,1.0876721143722534,51.3695182800293,-118342.67900804002,1044,0.001,34604692.0,131,25154,767,22436.66015625,137.36
102752,0.5606323480606079,50.12786102294922,-118837.42970514,1048,0.001,32716640.0,131,25662,781,24762.69921875,141.21
103472,0.6121718883514404,49.858036041259766,-119073.65626485,1052,0.001,52528672.0,131,25842,787,23179.20703125,149.54
104420,0.2655562460422516,48.80748748779297,-119235.89462299999,1056,0.001,20025316.0,131,26079,794,21262.77734375,155.41
104712,0.6644394397735596,48.67755889892578,-119366.4487771,1060,0.001,42409384.0,131,26152,796,23187.890625,160.33
105032,1.4539985656738281,48.466609954833984,-118463.43807677999,1064,0.001,45014712.0,131,26232,798,19712.98828125,156.37
105592,0.3952617347240448,47.9606819152832,-116961.62342079997,1068,0.001,108418080.0,131,26372,803,25975.52734375,160.71
106500,0.5401564836502075,46.89352798461914,-117071.62748432,1072,0.001,45210824.0,131,26599,809,23136.21484375,163.89
107884,0.24753597378730774,45.91324234008789,-111191.02985921002,1076,0.001,16595356.0,131,26945,819,23861.98046875,165.52
108472,0.31158339977264404,45.76517868041992,-108818.68262599001,1080,0.001,14098296.0,131,27092,824,21375.443359375,164.86
108992,-0.5537547469139099,45.73170471191406,-108804.94838717,1084,0.001,15740585.0,131,27222,828,21992.08984375,164.83
109932,0.530680239200592,45.709720611572266,-108110.78743805,1088,0.001,12043409.0,131,27457,834,22671.640625,169.1
112016,-0.3895741105079651,45.97754669189453,-108350.30748994001,1092,0.001,51945976.0,131,27978,849,23993.474609375,178.78
113816,2.112281084060669,45.92127990722656,-109201.26525171,1096,0.001,24030100.0,132,28428,861,22403.734375,190.57
114396,1.6528749465942383,45.09921646118164,-106623.42527107002,1100,0.001,24692236.0,132,28573,866,22408.91015625,200.18
115788,-0.24427518248558044,46.14305114746094,-109961.70412790001,1104,0.001,15662288.0,132,28921,876,20779.337890625,201.28
116440,0.23116075992584229,46.15436935424805,-105877.99370147,1108,0.001,11183856.0,132,29084,881,24168.04296875,197.93
117448,-1.5011180639266968,45.975257873535156,-109425.76024774999,1112,0.001,52197492.0,132,29336,888,21435.529296875,205.42
117844,0.7561092376708984,46.039512634277344,-109647.92522166,1116,0.001,16824884.0,132,29435,891,19685.296875,202.6
119148,-0.6665869951248169,45.79517364501953,-109834.77744574001,1120,0.001,33657700.0,132,29761,900,23700.421875,211.12
119404,-0.4468845725059509,46.035430908203125,-110456.02099126001,1124,0.001,42190544.0,132,29825,902,20840.4765625,216.71
120808,0.6911183595657349,45.23098373413086,-110549.58377409,1128,0.001,39761152.0,132,30176,912,20291.578125,216.51
121184,0.6656445264816284,45.30301284790039,-112806.49018344,1132,0.001,58707144.0,132,30270,915,22061.76953125,217.27
121676,-0.5072934031486511,45.28951644897461,-112492.81691849999,1136,0.001,27070264.0,132,30393,919,22092.69921875,215.81
121872,-0.8022609353065491,45.36495590209961,-112487.91428432,1140,0.001,14052918.0,132,30442,920,22522.3828125,214.79
122180,1.2161259651184082,45.39741897583008,-116118.6237479,1144,0.001,67056784.0,132,30519,923,21910.3125,217.21
122564,0.9059916138648987,45.20488739013672,-114284.23717423002,1148,0.001,62829240.0,132,30615,926,23442.794921875,212.0
123164,-2.3100924491882324,44.75477981567383,-114054.39855552,1152,0.001,44715096.0,132,30765,930,20489.0,205.24
124728,1.6611547470092773,44.27487564086914,-113777.48102625,1156,0.001,25416568.0,132,31156,941,20190.724609375,208.55
125408,1.2487566471099854,43.528316497802734,-113852.36302632,1160,0.001,33663008.0,132,31326,946,21199.703125,202.82
126720,0.37626132369041443,41.26178741455078,-115390.67485658001,1164,0.001,30666806.0,132,31654,955,20059.357421875,208.65
127468,1.0977177619934082,40.48945999145508,-117208.4446636,1168,0.001,49477192.0,132,31841,960,20546.546875,213.75
128312,-0.21889564394950867,40.6185188293457,-118845.38473690001,1172,0.001,52601496.0,132,32052,967,18554.921875,216.32
129896,0.5627315044403076,42.020626068115234,-119434.47994476998,1176,0.001,36931752.0,132,32448,978,19378.4453125,224.68
130936,-0.966343879699707,42.743228912353516,-119530.13102199002,1180,0.001,39317684.0,132,32708,985,19943.572265625,228.56
131848,0.840753436088562,43.17100143432617,-120139.34047299,1184,0.001,39782304.0,132,32936,992,22072.83203125,235.64
133940,-0.9203490018844604,40.13111114501953,-121631.73148549,1188,0.001,53436592.0,133,33459,1006,19019.01171875,235.82
134500,-0.8513190746307373,41.20309066772461,-122121.95178572,1192,0.001,40901408.0,133,33599,1011,18924.392578125,224.95
135508,-1.651116967201233,43.24210739135742,-123249.53062149002,1196,0.001,25349220.0,133,33851,1018,16837.265625,222.91
135796,1.3574581146240234,43.35768508911133,-122988.91974466,1200,0.001,46708696.0,133,33923,1020,18946.34375,214.2
136052,0.398482084274292,43.14366912841797,-119609.80610263,1204,0.001,13125816.0,133,33987,1022,17847.517578125,208.29
136440,-0.22520172595977783,43.027732849121094,-118678.80143096001,1208,0.001,20391450.0,133,34084,1025,17022.11328125,201.6
136812,-1.1352299451828003,43.100345611572266,-114898.86817189,1212,0.001,27403464.0,132,34177,1028,19179.46875,195.74
137208,1.9952844381332397,42.904911041259766,-114171.31610958998,1216,0.001,68369264.0,132,34276,1031,18243.44921875,193.76
137392,0.13479089736938477,42.437828063964844,-113320.70001089998,1220,0.001,30468868.0,132,34322,1033,20585.8515625,185.82
137748,0.7278249263763428,41.56932830810547,-113263.96228086,1224,0.001,124393712.0,132,34411,1036,20248.26953125,182.58
138072,0.2985017001628876,41.133026123046875,-113307.42199197001,1228,0.001,40812252.0,132,34492,1038,21203.84765625,177.96
138528,1.1905784606933594,40.84831237792969,-111219.1401949,1232,0.001,18762530.0,132,34606,1042,19647.82421875,173.93
139740,0.10114148259162903,41.95167541503906,-114272.73110876999,1236,0.001,47034992.0,132,34909,1051,20975.87890625,179.4
140424,1.0777926445007324,41.72023010253906,-114500.73191616999,1240,0.001,11701742.0,132,35080,1056,22075.439453125,184.22
141624,-1.009301781654358,40.96719741821289,-110825.88333138,1244,0.001,88200832.0,133,35380,1064,22323.880859375,181.07
143284,-0.375994473695755,41.76165771484375,-112750.29651897002,1248,0.001,83487568.0,133,35795,1076,21430.23828125,194.77
144492,2.357835292816162,40.55703353881836,-110252.04899069,1252,0.001,25239632.0,133,36097,1084,16346.8046875,204.8
145392,-0.8023383021354675,40.042606353759766,-110365.83280054998,1256,0.001,35483320.0,133,36322,1091,19490.951171875,202.88
146484,-0.46790313720703125,42.242408752441406,-109466.46134960999,1260,0.001,49415592.0,133,36595,1099,21266.583984375,213.27
148184,0.9002567529678345,42.45893859863281,-125472.93320948,1264,0.001,19558092.0,133,37020,1111,20057.478515625,223.35
148416,-0.3123461902141571,42.61328125,-124072.98814657,1268,0.001,36404636.0,133,37078,1112,17812.03515625,209.73
149320,1.2916195392608643,41.458316802978516,-122492.10805591001,1272,0.001,27097282.0,133,37304,1119,20146.03125,209.2
150108,-1.7688043117523193,42.009788513183594,-121897.90992529999,1276,0.001,87889248.0,133,37501,1125,16527.259765625,197.85
150540,0.5312985181808472,42.15110778808594,-122299.10802659,1280,0.001,17608088.0,133,37609,1128,16515.03125,196.7
151200,1.2330451011657715,41.184478759765625,-122421.51321520003,1284,0.001,28208496.0,133,37774,1133,18404.46484375,193.05
152224,-0.3492678999900818,39.74113845825195,-121753.66746805003,1288,0.001,17441240.0,133,38030,1140,19811.58203125,185.03
153068,0.8563390374183655,38.405357360839844,-121525.64870772,1292,0.001,38163036.0,133,38241,1147,17406.521484375,182.98
153384,0.3456866145133972,37.4833869934082,-119589.65842486,1296,0.001,29533804.0,133,38320,1149,18117.90625,178.0
153768,-0.46650218963623047,37.30927658081055,-119566.36405048,1300,0.001,9300438.0,133,38416,1152,18998.08984375,172.72
154500,0.3645756244659424,36.319671630859375,-119678.59300784,1304,0.001,40191896.0,133,38599,1157,17003.474609375,177.54
155344,-0.2882636487483978,37.68232345581055,-120008.33317278,1308,0.001,40864944.0,133,38810,1163,19542.203125,186.53
156208,0.45776063203811646,37.869876861572266,-130065.46341067998,1312,0.001,7765131.0,133,39026,1170,18808.9921875,190.33
157388,-2.1618740558624268,38.03950119018555,-129987.7698895,1316,0.001,15547765.0,133,39321,1178,18094.65625,200.19
159032,0.617027759552002,37.59096908569336,-127822.97644075,1320,0.001,58892592.0,133,39732,1190,18185.51953125,206.36
162192,-0.958605170249939,36.29072570800781,-126133.92630523,1324,0.001,61053568.0,133,40522,1212,17789.48046875,228.2
162992,0.8471807837486267,34.93568420410156,-126280.50279024002,1328,0.001,8624760.0,133,40722,1218,16829.720703125,241.06
163180,1.037922739982605,34.52368927001953,-125156.69102986,1332,0.001,115295312.0,133,40769,1219,17241.908203125,250.22
163632,-2.997537136077881,35.526023864746094,-121978.39930591,1336,0.001,25051008.0,133,40882,1223,16177.798828125,244.97
166904,0.7244604229927063,35.18291091918945,-121010.96769591,1340,0.001,108968848.0,133,41700,1245,15442.2080078125,248.23
167732,-0.7250381708145142,34.6929817199707,-120216.73382238999,1344,0.001,12056082.0,133,41907,1251,16161.4931640625,275.53
169592,0.9492682814598083,36.72294998168945,-118754.85576110003,1348,0.001,10371673.0,134,42372,1264,14354.7919921875,269.12
172176,-0.7117043137550354,37.38596725463867,-125514.70065703003,1352,0.001,106588760.0,134,43018,1282,14553.037109375,276.6
173048,-2.9777426719665527,37.19472122192383,-125143.29275164,1356,0.001,31264560.0,134,43236,1288,15829.91015625,278.87
174340,-0.4948180317878723,39.975215911865234,-125632.06876972003,1360,0.001,9004060.0,134,43559,1299,15312.021484375,274.59
175560,0.8451656103134155,37.16370391845703,-111765.62169919001,1364,0.001,56112772.0,134,43864,1307,14600.3828125,275.23
177828,0.7320346832275391,36.057838439941406,-120286.79967210002,1368,0.001,57744216.0,134,44431,1323,15430.36328125,287.21
178120,1.7093169689178467,35.08381652832031,-120729.73010681002,1372,0.001,33880708.0,134,44504,1325,13132.453125,291.17
179024,-2.203937292098999,34.83970260620117,-120812.79818330999,1376,0.001,50457128.0,134,44730,1332,14114.685546875,291.0
179928,-0.4486950933933258,35.65336990356445,-120284.99080846,1380,0.001,47956144.0,134,44956,1338,15966.3720703125,293.71
182156,-1.6700137853622437,36.04974365234375,-119956.457708,1384,0.001,33565588.0,134,45513,1354,14279.935546875,300.35
183680,0.7298476099967957,37.18598556518555,-120411.24107907999,1388,0.001,48157888.0,134,45894,1365,13565.873046875,309.13
185880,0.8147900700569153,35.48499298095703,-119686.93233742,1392,0.001,33863928.0,134,46444,1380,14154.8017578125,324.6
187680,-1.3681288957595825,35.551353454589844,-128398.08206005002,1396,0.001,46916576.0,134,46894,1393,11795.515625,342.25
189440,0.08133912086486816,36.23268127441406,-126302.58180926001,1400,0.001,38803128.0,134,47334,1405,15126.353515625,356.04
191048,0.5862522125244141,37.55424880981445,-125968.85420123002,1404,0.001,7754385.0,134,47736,1417,11461.9150390625,360.11
191556,-0.31019580364227295,37.31800842285156,-124829.71028696997,1408,0.001,9827598.0,134,47863,1421,10721.01953125,361.02
194504,0.5157515406608582,35.41282653808594,-117132.05873152,1412,0.001,10874780.0,134,48600,1441,12914.51171875,367.61
195100,-1.3425184488296509,36.16317367553711,-117527.99654635,1416,0.001,70519200.0,134,48749,1446,13758.583984375,365.52
195628,2.1167044639587402,36.64081954956055,-118967.05720400998,1420,0.001,12187636.0,134,48881,1450,10971.6962890625,367.82
199052,0.30198007822036743,35.697933197021484,-117323.69383036997,1424,0.001,32220164.0,135,49737,1474,15226.1123046875,367.27
199676,-0.5101441144943237,35.077510833740234,-116308.51984565,1428,0.001,10377839.0,135,49893,1478,10380.873046875,368.84
201408,0.27205508947372437,35.33725357055664,-117174.62671817999,1432,0.001,9720054.0,135,50326,1490,11556.92578125,372.02
202844,-0.3082836866378784,32.794822692871094,-117333.62042821999,1436,0.001,51360608.0,135,50685,1501,9115.052734375,388.19
205516,-0.7857487201690674,34.352630615234375,-128278.67527523,1440,0.001,11025032.0,135,51353,1520,10778.30859375,389.23
206332,0.22066649794578552,35.85829162597656,-128627.54875178999,1444,0.001,44400224.0,135,51557,1525,8545.2216796875,382.57
210332,1.0355165004730225,36.02362060546875,-128310.14642515,1448,0.001,58416204.0,135,52557,1553,9594.6044921875,407.1
212168,0.26333341002464294,35.46251678466797,-124818.04381652002,1452,0.001,84756416.0,135,53016,1566,8145.54052734375,402.08
214164,1.052769422531128,34.42042922973633,-123942.71464528,1456,0.001,11285106.0,135,53515,1580,9739.8828125,392.07
216292,-0.4266621768474579,36.299007415771484,-130580.98493566,1460,0.001,63211984.0,135,54047,1595,8850.9619140625,415.48
217940,-0.049179255962371826,37.81935119628906,-126790.24913993,1464,0.001,57079712.0,135,54459,1606,7280.2431640625,413.97
220748,-0.9158968329429626,35.42396926879883,-116740.66284114,1468,0.001,59675824.0,135,55161,1626,6858.86083984375,432.97
222332,0.6745606660842896,34.92390060424805,-115739.48600841999,1472,0.001,14557278.0,135,55557,1637,8558.58984375,438.74
223188,-0.8029893636703491,33.642086029052734,-116124.72593421997,1476,0.001,62439596.0,135,55771,1643,7783.033203125,442.49
224724,-0.8016073703765869,33.6185188293457,-115557.70292661,1480,0.001,64909880.0,135,56155,1654,7237.15966796875,448.5
228284,-0.4821966290473938,35.22594451904297,-117192.89433919,1484,0.001,25856560.0,135,57045,1679,7839.52294921875,460.83
231148,0.3992407023906708,32.297542572021484,-115176.26696708999,1488,0.001,67348096.0,136,57761,1699,7149.423828125,475.46
233896,0.720394492149353,34.94279861450195,-111946.49055476999,1492,0.001,15537113.0,136,58448,1718,6761.49609375,486.19
236868,-0.27305397391319275,32.16878128051758,-103016.97653888002,1496,0.001,9307502.0,136,59191,1738,9400.6103515625,487.76
240196,-0.8073099255561829,36.58589553833008,-103516.16558703002,1500,0.001,6882545.0,136,60023,1762,6137.4765625,503.19
243208,-1.1166458129882812,34.623966217041016,-104834.75947821999,1504,0.001,22465884.0,136,60776,1783,5561.177734375,523.29
245124,-0.14760172367095947,34.96086502075195,-104222.74669292002,1508,0.001,48691448.0,136,61255,1796,6444.330078125,529.33
248028,-0.12360572814941406,32.58974838256836,-105349.74115401,1512,0.001,14968887.0,136,61981,1816,4779.55419921875,551.19
249524,0.41906315088272095,34.59584045410156,-105415.31656045,1516,0.001,69419272.0,136,62355,1827,6338.677734375,546.03
252028,0.21153058111667633,33.308841705322266,-107286.79754101,1520,0.001,16023924.0,136,62981,1845,7822.8955078125,562.18
254164,-0.14786317944526672,32.94562530517578,-109258.66875925001,1524,0.001,52457224.0,136,63515,1860,5232.9619140625,561.49
256512,-0.6052687764167786,33.43124771118164,-108867.68445864003,1528,0.001,39150616.0,136,64102,1877,6828.3330078125,569.37
258232,-0.28337252140045166,33.01651382446289,-107183.27107224001,1532,0.001,8964578.0,136,64532,1889,7773.7109375,563.03
262232,0.400814414024353,31.832138061523438,-106172.64859673001,1536,0.001,54449720.0,136,65532,1917,4416.166015625,577.93
263000,-0.5005735158920288,31.46143913269043,-96017.27342711002,1540,0.001,14017878.0,136,65724,1923,3731.1953125,575.62
265380,-0.9023616909980774,32.68267059326172,-99344.19453076001,1544,0.001,28636706.0,136,66319,1940,6830.53369140625,576.21
267492,0.8501505255699158,32.301753997802734,-108206.56616346998,1548,0.001,15845143.0,136,66847,1955,6439.89453125,569.95
269776,-0.5958666801452637,34.44858932495117,-109919.89709142997,1552,0.001,10584112.0,136,67418,1972,6325.4599609375,574.92
271364,-0.35606127977371216,32.72686767578125,-109324.89047222001,1556,0.001,32875332.0,136,67815,1984,4004.42431640625,589.03
275364,0.02895599603652954,32.0521125793457,-104044.79337328002,1560,0.001,37492724.0,136,68815,2013,2147.02392578125,584.91
279364,2.0609652996063232,32.0505485534668,-101848.98514,1564,0.001,5747044.5,136,69815,2041,5004.54296875,608.21
280748,-0.8191143870353699,29.999494552612305,-102085.09271985,1568,0.001,11130425.0,136,70161,2051,3596.02197265625,604.41
284088,1.188002586364746,30.620849609375,-101936.66180955,1572,0.001,45986640.0,136,70996,2075,6469.11181640625,607.12
286488,1.0348680019378662,31.650671005249023,-98588.38656306,1576,0.001,19053296.0,136,71596,2092,3371.6337890625,625.89
289372,-0.24373111128807068,30.387916564941406,-98586.94630019,1580,0.001,17429868.0,136,72317,2112,5882.07666015625,635.88
292380,0.1565810739994049,32.462440490722656,-134077.59371617,1584,0.001,49931728.0,137,73069,2134,2879.291748046875,642.55
295372,-0.37756121158599854,30.249778747558594,-153943.00636603002,1588,0.001,8682804.0,137,73817,2155,2540.07275390625,641.46
296704,1.0847285985946655,31.566762924194336,-157249.89692420003,1592,0.001,16264762.0,137,74150,2164,1293.73095703125,635.02
297908,0.9043123126029968,28.116239547729492,-157012.7711062,1596,0.001,41184832.0,137,74451,2173,2461.8125,614.29
299288,0.4854917526245117,31.728370666503906,-158075.19099821,1600,0.001,9934658.0,137,74796,2184,929.93212890625,596.81
301128,0.45874032378196716,31.349933624267578,-156702.13957019002,1604,0.001,8553020.0,136,75256,2198,2158.00439453125,590.58
304336,1.3013052940368652,30.961597442626953,-156540.81546920998,1608,0.001,35921000.0,136,76058,2221,2247.96826171875,590.41
306700,-0.2536722421646118,31.433351516723633,-150446.55912365,1612,0.001,8769092.0,137,76649,2238,4084.997802734375,579.8
309304,1.0374197959899902,30.49190330505371,-146045.86361357,1616,0.001,8925648.0,137,77300,2256,1427.239990234375,594.38
312284,1.1097195148468018,29.504138946533203,-150561.41400747,1620,0.001,70784352.0,137,78045,2276,1679.201904296875,600.77
316284,-0.8158640265464783,27.968046188354492,-152672.70817777002,1624,0.001,8069887.5,137,79045,2302,905.8844604492188,614.85
319720,-1.408029317855835,29.455150604248047,-152055.71377366,1628,0.001,7958778.0,137,79904,2324,495.2684020996094,629.4
321664,0.6345149874687195,26.89569854736328,-163596.62520964,1632,0.001,74754656.0,137,80390,2337,-900.774658203125,644.63
325452,0.13953018188476562,28.283489227294922,-164673.55648228002,1636,0.001,27097936.0,137,81337,2362,-2916.77490234375,639.86
327208,0.22424578666687012,29.602811813354492,-163595.59661644002,1640,0.001,8142827.0,137,81776,2374,1495.26318359375,661.15
331208,-0.9493336081504822,28.3347110748291,-161808.48076395004,1644,0.001,15723216.0,137,82776,2400,-2240.531005859375,673.58
333972,-0.22089818120002747,28.58880615234375,-153540.41807808998,1648,0.001,52010232.0,138,83467,2418,-1624.081298828125,665.11
335992,0.4818345308303833,25.889835357666016,-148748.39959078,1652,0.001,19913376.0,138,83972,2432,637.6630249023438,664.94
338068,-0.1710960865020752,26.290157318115234,-149518.66189875,1656,0.001,5725904.0,138,84491,2445,-1809.2646484375,658.86
341088,0.3284335434436798,26.33987808227539,-147539.20444225,1660,0.001,19314306.0,138,85246,2465,-6485.4755859375,664.65
342380,-1.296682596206665,26.506000518798828,-149439.73858833997,1664,0.001,54131076.0,138,85569,2474,-923.983642578125,638.52
344556,0.533449649810791,28.690929412841797,-162246.38786346,1668,0.001,22298300.0,138,86113,2489,-1662.6036376953125,630.48
348100,0.073293037712574,28.274333953857422,-172658.18496098006,1672,0.001,66806600.0,138,86999,2512,-1462.3983154296875,642.94
350900,1.887028694152832,29.072824478149414,-189325.79177318004,1676,0.001,7300669.0,138,87699,2531,-3158.221435546875,649.55
351316,-0.7936865091323853,28.628692626953125,-189044.03558205,1680,0.001,46952532.0,138,87803,2534,-4272.22265625,622.64
355316,-1.0266327857971191,27.66744613647461,-150592.55072684004,1684,0.001,9397628.0,138,88803,2560,-899.8729248046875,628.19
357664,-0.2339191734790802,27.22003746032715,-130892.99492677998,1688,0.001,31770466.0,138,89390,2576,-2328.056396484375,626.48
359156,-0.8325121402740479,26.61890411376953,-137853.35804704,1692,0.001,54840440.0,138,89763,2586,-2148.50927734375,622.63
361804,-1.2143440246582031,29.15768051147461,-135871.62453076997,1696,0.001,41611688.0,138,90425,2603,-1881.808837890625,628.57
364432,-1.6639864444732666,29.227266311645508,-136535.39939103997,1700,0.001,13954643.0,139,91082,2620,-3742.19287109375,641.35
366084,1.2894443273544312,29.243507385253906,-144680.11899711998,1704,0.001,58547776.0,139,91495,2631,-3060.18603515625,649.57
369928,-0.7006914615631104,26.213293075561523,-148620.61350732,1708,0.001,14064800.0,139,92456,2657,-1757.1043701171875,657.35
372752,-0.35488438606262207,27.693527221679688,-153271.31232957996,1712,0.001,36903524.0,139,93162,2675,-2209.6552734375,659.49
373596,0.2638329267501831,27.458053588867188,-157622.55589520998,1716,0.001,51129812.0,139,93373,2681,-941.6376953125,656.33
374540,-0.21715962886810303,27.643373489379883,-157284.61269418,1720,0.001,8087630.0,139,93609,2688,-4977.23095703125,635.8
378540,-0.8663194179534912,28.501901626586914,-169951.04257976,1724,0.001,44020192.0,139,94609,2714,-4787.5009765625,629.05
382060,-0.20743773877620697,31.065380096435547,-181936.89568370997,1728,0.001,30529428.0,139,95489,2737,-4446.18505859375,617.72
386028,-1.7230224609375,29.678377151489258,-184870.57919666,1732,0.001,6924275.0,139,96481,2763,-4152.013671875,622.53
386916,-0.3985844850540161,30.739187240600586,-183827.03362058,1736,0.001,41558968.0,139,96703,2769,-5216.6650390625,625.08
388232,2.736783027648926,30.437753677368164,-188211.54990429,1740,0.001,35036304.0,139,97032,2778,-643.5525512695312,605.69
391480,0.2413785457611084,29.824115753173828,-206632.15002791,1744,0.001,48007100.0,139,97844,2799,-2341.327880859375,595.02
393932,1.2176003456115723,30.406057357788086,-237821.04419981997,1748,0.001,44213072.0,139,98457,2815,-549.9302368164062,604.79
397588,-0.9602233171463013,28.94002342224121,-244119.26854204,1752,0.001,43128848.0,140,99371,2839,-2481.4794921875,610.43
401048,2.628885507583618,27.89113998413086,-259848.92528409004,1756,0.001,49636976.0,140,100236,2863,-5279.74609375,630.58
405048,0.8066142797470093,23.41020965576172,-261603.6002893,1760,0.001,6139789.5,140,101236,2892,-1352.0745849609375,629.15
406856,2.486236810684204,23.15333366394043,-259090.80644552998,1764,0.001,7099581.0,140,101688,2904,-4084.44287109375,647.2
408332,0.3529902696609497,22.69550895690918,-246256.92379380998,1768,0.001,5835850.0,140,102057,2915,-2894.76416015625,636.53
412332,-0.07178235054016113,23.512176513671875,-233459.38902053997,1772,0.001,28151710.0,140,103057,2944,-2462.7265625,638.61
413400,-0.9975861310958862,23.980175018310547,-215872.13794030997,1776,0.001,5384936.0,140,103324,2952,-806.4964599609375,631.87
414996,0.6349775195121765,22.99390983581543,-215841.40175484002,1780,0.001,17504264.0,140,103723,2964,-1851.173828125,642.21
417280,-0.4295458495616913,23.448266983032227,-215346.07528872002,1784,0.001,15605073.0,139,104294,2980,-3899.5517578125,621.38
420088,-0.32678428292274475,24.346254348754883,-215756.64483452003,1788,0.001,4509997.0,139,104996,3001,-5067.73486328125,627.16
423472,1.0798557996749878,23.5699462890625,-232270.64897417006,1792,0.001,10939168.0,139,105842,3025,-3616.416015625,628.29
425544,-0.14188967645168304,24.221433639526367,-233959.17096303002,1796,0.001,26468306.0,139,106360,3040,-2835.051025390625,642.66
428968,0.7997932434082031,24.80254554748535,-232519.68172556,1800,0.001,58415088.0,139,107216,3064,-3072.9052734375,650.62
431964,0.9841409921646118,23.855037689208984,-225038.26539819,1804,0.001,61252744.0,139,107965,3086,-3014.0556640625,648.54
432052,-0.7066178917884827,23.7742862701416,-222909.54894977997,1808,0.001,10998301.0,139,107987,3087,-2462.995361328125,620.97
432128,0.2725563645362854,23.771520614624023,-220971.41738057,1812,0.001,2739985.75,139,108006,3087,-5249.810546875,594.0
432204,-0.9577094316482544,23.75498390197754,-220865.81358771,1816,0.001,41020832.0,139,108025,3088,-3444.532958984375,577.17
433348,1.6772912740707397,23.099573135375977,-215778.49565635007,1820,0.001,22876860.0,139,108311,3097,-5313.650390625,585.68
435932,-0.10984745621681213,24.202285766601562,-202235.91350922003,1824,0.001,5963476.5,139,108957,3116,-4443.7783203125,563.51
437312,-0.4561324417591095,24.099531173706055,-191796.20062847,1828,0.001,5648764.0,139,109302,3126,-4595.72802734375,548.26
439680,0.054896771907806396,24.137245178222656,-185690.38174396,1832,0.001,21517350.0,139,109894,3144,-3096.581787109375,546.63
441412,-0.872630774974823,24.582210540771484,-191721.32175819,1836,0.001,16172547.0,139,110327,3156,-4008.918212890625,543.04
441620,-0.9128515720367432,24.67487907409668,-188702.11689146998,1840,0.001,6252039.0,139,110379,3158,-3945.222412109375,535.08
445400,-0.4785737097263336,24.775577545166016,-189310.74236846,1844,0.001,12809888.0,139,111324,3185,-6153.359375,533.61
448160,-1.499709963798523,24.640941619873047,-165334.5166113,1848,0.001,16259942.0,139,112014,3205,-1999.2353515625,532.24
450384,-1.2505143880844116,24.569355010986328,-185800.98933001,1852,0.001,29315800.0,139,112570,3221,-2983.256103515625,525.11
452836,0.24503064155578613,23.221031188964844,-225269.12620919,1856,0.001,8274559.0,139,113183,3239,-3244.16796875,516.95
454180,0.615545928478241,23.617935180664062,-246125.81425253,1860,0.001,16339454.0,139,113519,3249,-1376.8341064453125,507.29
456472,0.36787253618240356,22.443553924560547,-249338.05413833994,1864,0.001,44078336.0,139,114092,3265,-4050.41357421875,493.44
458220,0.9747552275657654,22.110246658325195,-246641.13306236002,1868,0.001,45158792.0,139,114529,3278,-4566.79833984375,505.34
461184,0.5259919166564941,22.213895797729492,-262214.03910731,1872,0.001,3582874.0,139,115270,3300,-3500.826171875,483.49
465184,0.14901816844940186,23.907493591308594,-264848.94088509004,1876,0.001,30621442.0,139,116270,3329,-4882.34765625,497.19
465796,-0.05971142649650574,23.44329833984375,-266074.79070219997,1880,0.001,4611238.0,139,116423,3333,-4274.4794921875,512.31
467552,-1.506467580795288,23.869522094726562,-267681.40859495,1884,0.001,39624444.0,139,116862,3346,-5013.3173828125,497.53
471196,-2.4326136112213135,22.81277847290039,-267145.55785845,1888,0.001,4651075.0,139,117773,3372,-3012.458251953125,506.39
472504,-0.6139757633209229,25.41839027404785,-242376.65984412993,1892,0.001,5869290.0,139,118100,3382,-3833.35498046875,505.77
474888,-0.7514141798019409,23.61455726623535,-243331.08426572,1896,0.001,8653860.0,139,118696,3399,-4767.7216796875,486.31
476308,0.435242235660553,23.70839500427246,-247029.32957613998,1900,0.001,25006568.0,139,119051,3409,-4721.0361328125,475.62
478312,-0.4512447416782379,23.654434204101562,-244022.85210033998,1904,0.001,4378810.0,139,119552,3424,-5066.900390625,466.12
482312,1.209414005279541,24.457178115844727,-244013.74506405,1908,0.001,4418751.5,139,120552,3453,-5783.16552734375,497.86
484160,-0.453823447227478,24.82451820373535,-242820.72272465003,1912,0.001,10002012.0,139,121014,3466,-2951.877197265625,523.5
486876,1.167097806930542,24.091630935668945,-241592.44828125005,1916,0.001,32369122.0,139,121693,3486,-5378.3896484375,548.58
487496,-0.29301679134368896,23.58177947998047,-241143.36053983003,1920,0.001,6019394.0,139,121848,3491,-3967.30908203125,540.41
487852,-1.912623405456543,23.849992752075195,-240717.72949088004,1924,0.001,51608676.0,139,121937,3494,-6327.27734375,531.98
489376,0.1853853464126587,25.953683853149414,-246327.85533072002,1928,0.001,3232652.0,139,122318,3505,-8327.193359375,527.22
490700,0.9810569286346436,24.393753051757812,-238557.35892621998,1932,0.001,12511332.0,139,122649,3515,-6047.8955078125,520.84
491820,0.40059104561805725,22.700716018676758,-233938.66279098002,1936,0.001,5823331.0,139,122929,3523,-7507.08984375,502.65
494704,-0.10210481286048889,24.42288589477539,-233585.74285436,1940,0.001,39747108.0,139,123650,3544,-3513.53173828125,520.47
495868,1.1609995365142822,21.096391677856445,-212429.42676213998,1944,0.001,13397799.0,139,123941,3553,-7736.2314453125,516.76
498340,-0.3038674592971802,22.218555450439453,-202822.79676542,1948,0.001,5334621.0,139,124559,3571,-6361.6357421875,499.79
500140,0.35101592540740967,23.04169273376465,-204155.09731734998,1952,0.001,7131506.5,139,125009,3584,-5521.41796875,509.8
503336,-1.1502701044082642,24.696157455444336,-150613.9879904,1956,0.001,6979571.0,139,125808,3607,-7841.28759765625,502.4
506540,0.4067889153957367,21.990331649780273,-127433.04465600001,1960,0.001,4824671.0,139,126609,3630,-5829.34375,514.17
507816,0.8984742164611816,22.352365493774414,-129056.87736244999,1964,0.001,23311484.0,139,126928,3639,-4756.46240234375,523.79
510660,-0.022900179028511047,24.46881866455078,-134804.48831938,1968,0.001,10445908.0,139,127639,3660,-3918.001953125,529.48
514124,-0.8075714111328125,21.956523895263672,-128143.52664288001,1972,0.001,5922476.0,139,128505,3685,-5527.958984375,539.8
518124,0.47859781980514526,22.58717155456543,-139321.05471738,1976,0.001,64204000.0,139,129505,3714,-7544.19287109375,533.9
520348,-0.24354010820388794,23.81842803955078,-137103.12403095,1980,0.001,6468481.0,139,130061,3730,-8025.43994140625,529.82
522360,0.5655438899993896,25.05994415283203,-138345.70948346003,1984,0.001,20103210.0,139,130564,3745,-7439.9189453125,555.61
524260,-0.07739068567752838,22.19719886779785,-140407.78753342,1988,0.001,5544368.0,139,131039,3759,-6709.2392578125,539.62
527748,-1.0106194019317627,20.966232299804688,-163332.09663356002,1992,0.001,27672390.0,139,131911,3784,-8251.125,541.58
531576,0.08338858187198639,25.266630172729492,-161473.55955945002,1996,0.001,7469545.0,139,132868,3811,-6611.27099609375,564.1
533364,0.2798048257827759,23.00772476196289,-161394.37874652003,2000,0.001,66360824.0,139,133315,3824,-9553.5341796875,574.97
536640,1.110874891281128,23.7836971282959,-161340.53478856,2004,0.001,19164632.0,139,134134,3847,-7824.9453125,574.87
538864,-0.9431076049804688,22.804609298706055,-162009.58198935003,2008,0.001,36968688.0,139,134690,3864,-8771.173828125,576.91
542296,0.23800699412822723,23.525890350341797,-168575.14024173,2012,0.001,5179941.5,139,135548,3888,-7959.875,571.26
544640,0.704407811164856,22.848644256591797,-168120.00242668999,2016,0.001,4161274.0,139,136134,3905,-7886.2373046875,579.93
547120,0.26862579584121704,24.041166305541992,-169400.95312703002,2020,0.001,3931837.0,139,136754,3923,-6810.5009765625,591.32
549168,-1.3901796340942383,22.612703323364258,-168805.50203124003,2024,0.001,4628087.0,139,137266,3938,-8050.9462890625,600.85
549744,1.6238000392913818,22.538143157958984,-163462.42891549005,2028,0.001,4760036.0,139,137410,3942,-5338.5263671875,604.43
553172,0.007733136415481567,24.537275314331055,-178101.96284236002,2032,0.001,36412924.0,139,138267,3967,-11088.896484375,618.57
555356,-1.2248148918151855,22.58133888244629,-176083.23129238997,2036,0.001,56232648.0,139,138813,3983,-6809.0341796875,635.91
559060,-1.1568838357925415,23.5516300201416,-175069.10795813001,2040,0.001,6265088.0,139,139739,4009,-6593.6533203125,637.06
560320,-0.685028076171875,23.560428619384766,-174343.59203206003,2044,0.001,49771420.0,139,140054,4019,-7901.767578125,641.45
564320,1.262005090713501,23.222043991088867,-176129.68802649007,2048,0.001,3192271.0,139,141054,4047,-9170.7578125,658.46
568320,-1.1723123788833618,21.822202682495117,-151241.78374084,2052,0.001,4460471.5,139,142054,4076,-7475.56689453125,668.42
569612,0.3873910903930664,23.58226776123047,-148802.43903484,2056,0.001,53352916.0,139,142377,4086,-7056.466796875,671.51
573612,0.708510160446167,21.982929229736328,-153361.35190752,2060,0.001,6468980.0,139,143377,4115,-8557.810546875,675.64
575196,1.1574976444244385,23.86849021911621,-152163.88480804,2064,0.001,43941008.0,139,143773,4126,-9502.27734375,663.32
579196,-0.5879031419754028,24.399215698242188,-157852.22094386996,2068,0.001,4559065.0,139,144773,4155,-8769.01171875,673.78
582668,-0.03457731008529663,21.35148811340332,-148337.81107806,2072,0.001,65513244.0,139,145641,4180,-6904.806640625,684.14
586668,-0.6136986017227173,22.36456871032715,-136377.89801066,2076,0.001,5845042.0,139,146641,4209,-10831.1826171875,690.04
588604,0.10746408998966217,22.176921844482422,-135044.79571498002,2080,0.001,8889689.0,139,147125,4223,-8904.73046875,694.82
591160,-0.7602232098579407,22.96126937866211,-147857.38666277,2084,0.001,28685200.0,139,147764,4241,-7689.1591796875,674.54
593552,0.5159721374511719,23.673017501831055,-149665.9393062,2088,0.001,33006110.0,139,148362,4259,-10704.583984375,679.0
596224,0.45605921745300293,23.712278366088867,-126823.86300446998,2092,0.001,23467204.0,139,149030,4278,-9388.9208984375,681.42
598120,1.2702617645263672,21.030290603637695,-129569.46788428997,2096,0.001,5448056.5,139,149504,4292,-6209.7685546875,677.39
599360,0.18780720233917236,21.484722137451172,-126307.69018276999,2100,0.001,39934444.0,139,149814,4301,-8416.40234375,660.44
601428,0.7498071789741516,21.482284545898438,-120779.9850241,2104,0.001,53988680.0,139,150331,4316,-7775.32470703125,652.67
605428,-0.81633061170578,19.84941864013672,-116742.28089413,2108,0.001,62440840.0,139,151331,4345,-8518.5361328125,654.95
607028,-1.2322092056274414,23.133865356445312,-112672.95223185,2112,0.001,52367304.0,139,151731,4357,-8343.392578125,659.02
610952,0.031349241733551025,19.960708618164062,-120927.04849806998,2116,0.001,46051408.0,139,152712,4385,-8657.78125,661.13
614952,0.010226607322692871,19.84480094909668,-120047.29149894002,2120,0.001,15313339.0,139,153712,4414,-11939.7470703125,675.48
618736,-1.8657329082489014,22.709501266479492,-117994.59599944,2124,0.001,17762376.0,139,154658,4441,-9454.5791015625,700.42
622736,-0.31773921847343445,22.6324405670166,-116583.99414275998,2128,0.001,49287320.0,139,155658,4470,-9554.66015625,729.59
624584,-1.8116542100906372,22.038183212280273,-100332.04698227,2132,0.001,12062838.0,139,156120,4484,-10397.8857421875,715.74
627312,0.04631718993186951,21.76375961303711,-112510.83923042,2136,0.001,3226966.5,139,156802,4503,-8193.125,722.4
631312,0.9147058725357056,22.206348419189453,-194624.03822037,2140,0.001,21186484.0,139,157802,4532,-8223.9033203125,739.2
634512,-1.9596668481826782,23.8409481048584,-194782.88716318,2144,0.001,14443580.0,139,158602,4555,-7899.77978515625,734.58
636292,-0.28844571113586426,22.214975357055664,-190934.11644634002,2148,0.001,63522124.0,139,159047,4568,-12364.625,728.18
640292,0.5320014357566833,20.467254638671875,-192154.27877848,2152,0.001,32797394.0,139,160047,4596,-9961.7978515625,725.07
642376,-1.032239556312561,19.70699119567871,-190941.36491595,2156,0.001,3845895.5,139,160568,4611,-9578.595703125,725.09
645376,0.7190600633621216,20.618207931518555,-187194.36134558998,2160,0.001,5323391.0,139,161318,4633,-10303.537109375,712.74
648000,-0.9158880114555359,21.16471290588379,-183754.51046749,2164,0.001,7287813.5,139,161974,4652,-7292.951171875,728.99
651480,-1.5342557430267334,20.597444534301758,-176321.32222365,2168,0.001,10652910.0,139,162844,4677,-10051.134765625,718.53
653420,-0.7273923754692078,21.815799713134766,-176316.05194399,2172,0.001,16322679.0,139,163329,4692,-8896.904296875,712.77
655852,-0.6437361240386963,19.657766342163086,-171627.99795643002,2176,0.001,4881952.5,139,163937,4709,-8171.9990234375,694.16
658728,1.0857529640197754,21.816469192504883,-171723.85171053003,2180,0.001,6303627.0,139,164656,4730,-9648.3330078125,695.68
660168,-0.3775167465209961,21.936969757080078,-155840.35325331,2184,0.001,5720063.0,139,165016,4741,-9502.30859375,704.19
664020,-0.732429563999176,21.079973220825195,-150056.5913699,2188,0.001,16342914.0,139,165979,4768,-7789.5166015625,708.78
667852,0.07924461364746094,20.008934020996094,-156415.73238759,2192,0.001,7117517.0,139,166937,4796,-9993.453125,720.24
671520,0.2866494953632355,19.609182357788086,-156512.12585799,2196,0.001,3921313.25,139,167854,4822,-8898.873046875,730.38
675520,-0.3622424602508545,17.83833885192871,-158423.78626247,2200,0.001,5285285.5,139,168854,4851,-10437.9169921875,752.86
679176,0.4316116273403168,20.35920524597168,-165666.08534972998,2204,0.001,26347020.0,139,169768,4878,-9647.1796875,778.01
682564,0.41526710987091064,21.670455932617188,-166063.70496049,2208,0.001,30306750.0,139,170615,4902,-9605.0625,773.18
686564,-0.6221623420715332,23.1536865234375,-215639.77756905995,2212,0.001,4027941.25,139,171615,4932,-9272.7275390625,788.73
687952,-0.11422210931777954,20.60886001586914,-218463.33877693,2216,0.001,49180224.0,139,171962,4942,-9239.443359375,775.77
690952,1.3208229541778564,21.88641357421875,-219131.69124093003,2220,0.001,21122042.0,139,172712,4964,-9283.845703125,753.6
694816,0.2827461063861847,21.064727783203125,-243451.71952039993,2224,0.001,5333045.0,139,173678,4992,-9470.349609375,757.0
698816,0.8365131616592407,21.36244773864746,-246418.02944785997,2228,0.001,58357056.0,139,174678,5021,-11445.388671875,754.1
700968,0.3270009160041809,19.36835289001465,-249415.28756309993,2232,0.001,4115484.5,139,175216,5037,-11030.2255859375,763.4
703524,0.6859713792800903,19.865942001342773,-239679.06483673997,2236,0.001,9348890.0,139,175855,5055,-11279.326171875,753.63
706944,0.3090496063232422,19.69054412841797,-159254.57878513998,2240,0.001,16509746.0,139,176710,5080,-11561.9052734375,742.49
708200,0.05306921899318695,19.154296875,-160100.20352555998,2244,0.001,21191196.0,139,177024,5089,-11133.220703125,745.96
711524,-0.21267327666282654,18.132596969604492,-171739.21342537002,2248,0.001,4872618.0,139,177855,5113,-10640.76953125,749.72
715524,-0.779974102973938,22.610219955444336,-167742.06729315003,2252,0.001,27705920.0,139,178855,5142,-8962.140625,752.83
718592,-0.5141022801399231,20.857851028442383,-171035.39147307005,2256,0.001,43540472.0,139,179622,5164,-9947.939453125,765.45
722592,-0.19273263216018677,19.54987335205078,-176241.42569854998,2260,0.001,81942096.0,139,180622,5193,-10662.080078125,777.97
726592,-0.1025407612323761,18.0163631439209,-182913.88337808996,2264,0.001,12606618.0,139,181622,5221,-10302.5185546875,777.19
729320,-0.16159996390342712,20.745742797851562,-190098.04379319,2268,0.001,12713169.0,139,182304,5241,-11174.3212890625,786.82
732860,0.2594158351421356,17.311826705932617,-194103.81550303998,2272,0.001,2417284.25,139,183189,5266,-11786.3251953125,787.33
735356,-1.5313477516174316,17.67998504638672,-208197.32989828996,2276,0.001,89846896.0,139,183813,5284,-8469.685546875,797.33
739356,0.43322867155075073,18.892648696899414,-204839.3702939,2280,0.001,4465621.5,139,184813,5313,-8828.5146484375,793.86
741852,-0.29636049270629883,20.58000373840332,-209790.45974512998,2284,0.001,8725910.0,139,185437,5331,-10578.734375,807.93
745308,0.19984009861946106,19.745542526245117,-212956.82070398997,2288,0.001,3695509.0,139,186301,5356,-9734.3564453125,810.44
749308,-0.3126178979873657,19.927942276000977,-207278.25139966,2292,0.001,4838320.5,139,187301,5385,-9558.1142578125,812.55
752240,0.6116213798522949,19.598073959350586,-208974.87500677002,2296,0.001,3697012.0,139,188034,5406,-9974.8740234375,808.28
755288,0.6267145872116089,19.968891143798828,-204572.90785659,2300,0.001,3876811.25,139,188796,5428,-9438.65234375,794.81
759288,-0.6338032484054565,21.334915161132812,-208043.2956576,2304,0.001,4190740.0,139,189796,5457,-10560.716796875,796.92
761928,1.2905875444412231,18.313732147216797,-209016.03727508002,2308,0.001,13926012.0,139,190456,5476,-13642.736328125,797.47
765300,0.006749391555786133,21.063434600830078,-175624.51224009003,2312,0.001,20890784.0,139,191299,5500,-11288.4599609375,787.43
766976,-0.895977795124054,20.97591781616211,-180076.3941532,2316,0.001,4044528.5,139,191718,5512,-11926.296875,790.34
770796,-1.8814942836761475,21.859342575073242,-179611.25470457,2320,0.001,5640191.5,139,192673,5540,-10339.6708984375,805.99
774652,-0.3164994716644287,20.143352508544922,-162202.00945573,2324,0.001,3653861.0,139,193637,5568,-10474.5439453125,805.82
778120,0.6284850835800171,20.171947479248047,-181459.46483903995,2328,0.001,4468770.5,139,194504,5593,-10593.962890625,803.71
778848,0.8410559892654419,19.987863540649414,-174279.78812625995,2332,0.001,6571873.0,139,194686,5599,-9594.7060546875,789.12
782408,0.12209056317806244,21.854270935058594,-179243.37995146,2336,0.001,3825313.5,139,195576,5624,-9799.701171875,783.73
786408,0.35486510396003723,19.374412536621094,-181768.97396468997,2340,0.001,6798971.5,139,196576,5653,-9821.529296875,794.87
790408,-0.06043317914009094,17.18437957763672,-181340.46368589002,2344,0.001,51877068.0,139,197576,5682,-8305.26171875,809.06
794408,-0.3931467831134796,18.860942840576172,-186845.85068051,2348,0.001,6172376.0,139,198576,5711,-10136.2666015625,823.62
797376,0.629147469997406,19.6552677154541,-189627.42083405997,2352,0.001,5042347.5,139,199318,5732,-11863.630859375,819.21
799460,-0.5822716951370239,19.506643295288086,-188813.14296882,2356,0.001,4468334.0,139,199839,5747,-10947.3095703125,809.06
802392,0.9442821741104126,18.753875732421875,-191216.80724463,2360,0.001,4283646.0,139,200572,5768,-9512.9521484375,792.54
806392,0.45509421825408936,18.315763473510742,-190738.40238321002,2364,0.001,3517984.0,139,201572,5797,-10224.431640625,801.7
809260,-0.20161202549934387,17.979198455810547,-204060.62737004002,2368,0.001,48119096.0,139,202289,5817,-10242.712890625,800.14
812984,-0.3186621069908142,18.109357833862305,-202979.47194237995,2372,0.001,5152203.0,139,203220,5844,-10792.103515625,799.77
814568,-1.1580448150634766,17.873491287231445,-194457.6829873,2376,0.001,4307420.0,139,203616,5856,-12379.83984375,791.65
817384,-0.3888206481933594,19.5184268951416,-209053.87210120997,2380,0.001,10042832.0,139,204320,5876,-8159.5302734375,793.46
819860,-0.008661597967147827,19.23274803161621,-203068.6945578,2384,0.001,31857848.0,139,204939,5894,-10560.201171875,788.23
823332,-0.10515834391117096,19.405052185058594,-217998.65279250004,2388,0.001,5152315.0,139,205807,5919,-11432.5380859375,783.17
826860,0.423843652009964,19.112045288085938,-233550.90377536003,2392,0.001,9207464.0,139,206689,5945,-13205.3984375,781.99
830360,-1.0408910512924194,20.09470558166504,-255500.34140139996,2396,0.001,4294877.5,139,207564,5970,-10595.232421875,776.64
833688,2.4668238162994385,23.61658477783203,-268087.17751137,2400,0.001,5700572.5,139,208396,5994,-10737.478515625,781.15
835144,1.4151114225387573,19.447385787963867,-264847.58928272,2404,0.001,17886176.0,139,208760,6004,-9031.052734375,770.94
839144,-1.2704335451126099,19.612306594848633,-272195.37052056997,2408,0.001,5678510.5,139,209760,6033,-7743.31982421875,778.45
843144,-0.9238091707229614,19.784486770629883,-253224.05336409996,2412,0.001,39381992.0,139,210760,6062,-10469.943359375,775.84
847144,0.9290356636047363,16.66546058654785,-266483.80552948004,2416,0.001,3606237.0,139,211760,6092,-11537.7109375,788.61
850740,1.2327992916107178,19.10425567626953,-267265.83799522003,2420,0.001,18227868.0,139,212659,6118,-10312.7412109375,788.32
852596,0.16312623023986816,20.43670082092285,-266141.8266196799,2424,0.001,4910588.0,139,213123,6131,-12956.953125,779.36
855696,-0.4769623875617981,17.78679084777832,-256161.86520083004,2428,0.001,3182687.0,139,213898,6154,-11799.2822265625,777.15
858740,1.555638074874878,20.185693740844727,-261614.12780591004,2432,0.001,3491956.0,139,214659,6176,-10629.978515625,794.68
862740,-0.22587549686431885,19.392953872680664,-254806.18426697,2436,0.001,3699106.0,139,215659,6205,-9756.462890625,806.46
864452,0.37593674659729004,20.63572883605957,-253525.30915964005,2440,0.001,16761614.0,139,216087,6218,-11052.126953125,787.23
867928,-1.7892475128173828,18.576541900634766,-252697.72148610002,2444,0.001,2911559.5,139,216956,6243,-11355.25390625,780.97
871236,0.21028415858745575,17.36265754699707,-235203.40214919005,2448,0.001,2660018.0,139,217783,6267,-10441.31640625,767.24
874664,0.07219384610652924,16.213520050048828,-231857.36438331005,2452,0.001,3385820.75,139,218640,6292,-10931.435546875,763.32
878664,-0.9325494766235352,17.451059341430664,-230111.77630878,2456,0.001,47789656.0,139,219640,6321,-10725.359375,780.13
881576,0.640541672706604,16.537446975708008,-223033.09680667004,2460,0.001,3258442.0,139,220368,6342,-10642.8857421875,792.44
885576,-0.06183621287345886,16.71996307373047,-220751.22643210003,2464,0.001,4804626.0,139,221368,6370,-11756.3037109375,778.16
889576,0.625424861907959,16.25250816345215,-210869.76606353003,2468,0.001,4613324.5,139,222368,6399,-10774.994140625,782.9
891064,0.12844476103782654,15.645511627197266,-211183.89169736003,2472,0.001,25721310.0,139,222740,6410,-12206.07421875,788.68
895064,-2.0189049243927,17.45882797241211,-218273.45787273,2476,0.001,5377360.5,138,223740,6439,-9579.3466796875,805.41
899064,-1.9987964630126953,18.31195068359375,-226816.55991908,2480,0.001,4218013.5,138,224740,6468,-12896.806640625,816.55
903064,-1.3080692291259766,19.239587783813477,-228690.86697871002,2484,0.001,4626344.0,138,225740,6497,-13019.630859375,829.3
905664,-0.25271791219711304,18.491464614868164,-212935.12477938,2488,0.001,11430562.0,138,226390,6516,-10871.205078125,825.11
908720,-0.2996600270271301,18.12555694580078,-194212.574602,2492,0.001,3714565.75,138,227154,6538,-12272.3759765625,820.03
912720,0.6630940437316895,15.669316291809082,-167974.39836371999,2496,0.001,3860164.5,138,228154,6567,-10632.486328125,833.92
916508,-0.17582598328590393,18.48580551147461,-160112.6922793,2500,0.001,2599846.5,138,229101,6594,-11444.623046875,835.47
920388,-0.3449913263320923,18.55209732055664,-164011.04404069998,2504,0.001,4048078.0,138,230071,6622,-13706.220703125,844.98
923008,-0.006432533264160156,18.260631561279297,-167007.99274979002,2508,0.001,2863501.5,138,230726,6641,-11609.853515625,837.07
926468,0.15346592664718628,17.06268310546875,-168675.16073155002,2512,0.001,2791353.75,138,231591,6666,-12218.767578125,843.19
930260,1.3437633514404297,17.723142623901367,-150878.03119267,2516,0.001,5475759.0,138,232539,6694,-11863.7001953125,841.4
934260,-0.3224163353443146,15.455458641052246,-161375.86761344,2520,0.001,3539797.5,138,233539,6723,-12813.1005859375,848.68
935684,0.010692089796066284,16.352783203125,-176086.24194853,2524,0.001,42560332.0,138,233895,6733,-10508.716796875,836.76
939684,-0.49111366271972656,15.27942943572998,-168357.53153545,2528,0.001,4898184.0,138,234895,6763,-9630.412109375,842.89
940960,-0.5917767882347107,15.777377128601074,-179347.77190243997,2532,0.001,3162774.5,138,235214,6772,-12319.162109375,822.58
941360,-0.9645653963088989,16.060317993164062,-180343.79372084996,2536,0.001,3583921.0,138,235314,6775,-11611.1953125,799.05
943404,-1.1443963050842285,19.27259635925293,-178162.82749263002,2540,0.001,4455714.0,138,235825,6790,-9486.2783203125,786.69
945676,1.0576499700546265,18.475278854370117,-180671.34638196003,2544,0.001,4126117.5,138,236393,6806,-11345.89453125,785.74
949676,-0.002881169319152832,18.098093032836914,-209062.69661660003,2548,0.001,16237126.0,138,237393,6835,-10216.85546875,791.6
953676,-0.3584222197532654,17.25935935974121,-216025.01013656997,2552,0.001,7291936.0,138,238393,6864,-11268.720703125,799.93
957308,-0.3105655312538147,16.33944320678711,-217593.73831628996,2556,0.001,6368493.0,138,239301,6891,-11056.2998046875,787.51
959468,0.12557896971702576,15.536038398742676,-249589.91733938002,2560,0.001,38321888.0,138,239841,6907,-11731.126953125,779.45
959872,0.5269850492477417,15.185574531555176,-249789.12780028,2564,0.001,3388780.5,138,239942,6910,-10925.958984375,764.54
963872,0.8984942436218262,16.76031494140625,-238280.26644701,2568,0.001,59744672.0,138,240942,6939,-11320.482421875,754.79
967872,-0.7117291688919067,15.899251937866211,-243794.11620149002,2572,0.001,3946984.5,138,241942,6968,-11678.234375,761.07
971872,1.156118631362915,17.8729190826416,-269974.20348379,2576,0.001,4617023.0,138,242942,6997,-11984.0234375,758.88
975872,-0.7007522583007812,16.01162338256836,-252922.17724852997,2580,0.001,16155291.0,138,243942,7026,-11836.751953125,755.72
979872,0.5869272947311401,17.358243942260742,-294371.73337673006,2584,0.001,6599963.5,138,244942,7055,-10319.76171875,754.78
981780,-0.2304634153842926,14.64532470703125,-290851.71103131,2588,0.001,3454562.25,138,245419,7069,-11766.6064453125,762.87
985780,0.9557477831840515,16.579748153686523,-297223.24258692,2592,0.001,8119244.0,138,246419,7097,-11365.216796875,761.72
989780,1.3661408424377441,18.5202579498291,-297447.2132519901,2596,0.001,12441041.0,138,247419,7126,-12574.822265625,761.72
993780,1.5811855792999268,17.04367446899414,-297586.97368297004,2600,0.001,5296056.5,138,248419,7155,-13055.6376953125,769.13
995476,-1.64889395236969,15.615836143493652,-313028.83923881,2604,0.001,4928619.0,138,248843,7168,-11676.79296875,758.29
999064,0.4882446527481079,16.182594299316406,-308535.57696902007,2608,0.001,5715279.0,138,249740,7194,-12929.4384765625,754.63
