time/episodes,train/actor_loss,train/critic_loss,rollout/ep_rew_mean,train/learning_rate,time/time_elapsed,train/n_updates,rollout/ep_len_mean,time/fps,time/total_timesteps,train/ent_coef_loss,train/ent_coef
4,28.092182159423828,1873.25048828125,-165115.22553975,0.0003,1,56,24.75,215,328,-0.12136663496494293,0.9917870759963989
8,9705.650390625,3142.474365234375,-1523311.2691975,0.0003,8,319,151.5,158,1380,-0.7336792945861816,0.9223792552947998
12,17084.998046875,3401.232177734375,-1454116.7602506669,0.0003,11,435,120.66666666666667,154,1844,-0.47801896929740906,0.9053382873535156
16,52071.515625,4189.08544921875,-2765302.163444625,0.0003,22,831,160.375,155,3428,0.5872703790664673,0.9267109036445618
20,103704.8125,4580.078125,-4783368.667161549,0.0003,33,1295,221.65,156,5284,-0.02211994305253029,1.0061824321746826
24,223520.9375,4353.48291015625,-8904497.089191042,0.0003,59,2295,351.375,156,9284,-1.6082439422607422,1.3357691764831543
28,314228.75,4208.732421875,-10100577.788971964,0.0003,78,3062,390.07142857142856,157,12352,-9.327269554138184,1.8878499269485474
32,358745.4375,4586.39404296875,-11018514.193294156,0.0003,89,3475,418.0,156,14004,-10.631794929504395,2.1231133937835693
36,411393.0,5220.48388671875,-10342636.842762223,0.0003,97,3792,392.1111111111111,156,15272,-12.869255065917969,2.348466396331787
40,426783.46875,4215.22021484375,-10365497.9868903,0.0003,104,4062,389.925,156,16352,-12.946449279785156,2.5638816356658936
44,490802.0625,4470.7451171875,-11328174.502458181,0.0003,119,4653,424.04545454545456,156,18716,-10.722976684570312,2.958653688430786
48,551603.75,4537.02685546875,-11603546.390419168,0.0003,139,5446,435.3125,157,21888,-16.396047592163086,3.644077777862549
52,583331.4375,4275.212890625,-10816669.221896347,0.0003,139,5482,405.8269230769231,157,22032,-18.150300979614258,3.6915369033813477
56,572249.0,5291.01904296875,-10127319.834633857,0.0003,141,5529,380.10714285714283,157,22220,-18.204259872436523,3.7546563148498535
60,601508.125,5410.3603515625,-10319105.329402266,0.0003,155,6076,387.93333333333334,156,24408,-15.477924346923828,4.391429424285889
64,628333.5,5221.09033203125,-9741517.965064626,0.0003,158,6180,366.875,156,24824,-14.50030517578125,4.513669490814209
68,623217.625,4426.2734375,-9179493.144175824,0.0003,159,6210,345.8529411764706,156,24944,-13.6966552734375,4.5457282066345215
72,706453.4375,5096.55810546875,-9602626.148564722,0.0003,178,6979,360.4583333333333,156,28020,-16.308727264404297,5.564141750335693
76,724172.5625,5609.06201171875,-9940795.524623489,0.0003,180,7033,370.67105263157896,156,28236,-14.928462982177734,5.64777946472168
80,765507.625,4401.28125,-9814750.670655012,0.0003,196,7656,367.25,156,30728,-14.314496994018555,6.519317626953125
84,786900.25,4491.6650390625,-9889207.274983762,0.0003,205,8023,371.45238095238096,156,32196,-7.883481979370117,7.092843055725098
88,853850.375,4736.373046875,-10250565.973697148,0.0003,223,8790,389.14772727272725,157,35264,-14.112892150878906,8.28907585144043
92,882738.4375,4847.48681640625,-10388600.582072316,0.0003,237,9347,397.79347826086956,158,37492,-9.712459564208984,9.29377555847168
96,891954.375,4880.1298828125,-10148230.451921614,0.0003,244,9629,391.4375,157,38620,-20.691360473632812,10.210564613342285
100,917628.375,6648.7138671875,-10110856.31014587,0.0003,250,9863,392.08,157,39556,-22.38328742980957,11.20100212097168
104,968040.5625,5479.8662109375,-10641681.767337691,0.0003,268,10614,411.02,158,42560,-16.26485824584961,14.436490058898926
108,975374.625,5630.05517578125,-10867571.310512118,0.0003,275,10888,412.7,158,43656,-15.925668716430664,15.489190101623535
112,1001004.6875,5945.3916015625,-11042341.38306472,0.0003,286,11313,424.03,158,45356,-13.244941711425781,17.26764488220215
116,1041410.1875,8644.3427734375,-11337462.127831139,0.0003,300,11872,438.91,158,47592,-15.414468765258789,19.852766036987305
120,1087234.75,6613.95947265625,-11573066.191169651,0.0003,324,12872,451.71,158,51592,-13.185420989990234,25.226530075073242
124,1122451.375,8170.53076171875,-10989561.4017187,0.0003,329,13084,435.43,158,52440,-14.434907913208008,26.498790740966797
128,1145431.375,7194.458984375,-10624621.896801258,0.0003,342,13616,426.98,159,54568,-10.834671020507812,29.759096145629883
132,1157987.0,7869.392578125,-10350613.38450862,0.0003,359,14315,423.42,159,57364,-11.698426246643066,34.88405990600586
136,1198455.625,9894.0283203125,-10672750.61972662,0.0003,371,14772,439.55,159,59192,-7.623653411865234,38.605411529541016
140,1227885.625,7140.34619140625,-10501727.817180848,0.0003,373,14866,437.16,159,59568,-8.415587425231934,39.347450256347656
144,1212552.625,7320.9794921875,-9709554.02896711,0.0003,374,14903,409.0,159,59716,-7.4669189453125,39.63994216918945
148,1245519.5,8396.4560546875,-9328317.94264751,0.0003,389,15525,394.13,159,62204,-5.301937103271484,44.9349479675293
152,1295040.5,8287.796875,-10100253.411938839,0.0003,401,15986,420.75,159,64048,-1.9360358715057373,47.434471130371094
156,1322739.375,8131.9150390625,-10908615.633812958,0.0003,420,16785,450.94,159,67244,-0.43774962425231934,48.66082763671875
160,1361439.625,15471.0771484375,-10898619.444354469,0.0003,431,17246,450.92,160,69088,6.078826904296875,47.022647857666016
164,1384033.25,12046.462890625,-11695209.031172149,0.0003,450,18036,479.4,160,72248,-2.39306902885437,44.29960632324219
168,1387340.0,9581.74609375,-11962101.786011018,0.0003,457,18303,490.9,160,73316,-3.531261444091797,45.972625732421875
172,1405558.75,12341.8798828125,-11379017.040935365,0.0003,460,18426,472.57,160,73808,-4.591466903686523,47.146053314208984
176,1420025.5,9350.53515625,-10868971.173989791,0.0003,462,18490,458.15,160,74064,-2.8848893642425537,47.85209655761719
180,1409629.625,16275.810546875,-10975722.670104062,0.0003,481,19265,461.8,160,77164,0.6550841927528381,55.2163200378418
184,1414112.0,10757.43359375,-11026536.166958801,0.0003,485,19414,463.52,160,77760,-1.2262934446334839,55.884220123291016
188,1413434.125,10289.1171875,-10318120.77634155,0.0003,485,19436,433.81,160,77848,-2.4514803886413574,56.11720275878906
192,1422618.375,18355.955078125,-9835365.518669872,0.0003,487,19519,414.05,160,78180,-3.363231658935547,57.254615783691406
196,1437077.75,10346.9326171875,-9696778.77350815,0.0003,496,19835,407.4,160,79444,-2.430177688598633,60.358497619628906
200,1447423.5,13599.734375,-9492543.81624838,0.0003,505,20162,401.33,159,80752,-0.6255610585212708,63.5296630859375
204,1453135.5,11483.8427734375,-9271912.46548151,0.0003,515,20560,393.06,159,82344,0.5772656798362732,69.05046081542969
208,1461108.0,14653.8837890625,-9501678.21543131,0.0003,522,20848,400.5,159,83496,-2.645376205444336,72.54412078857422
212,1457162.125,13088.3310546875,-9648288.615796577,0.0003,533,21295,401.42,159,85284,-3.486027240753174,80.76412963867188
216,1479218.25,17159.65234375,-9241004.600525819,0.0003,540,21564,384.4,159,86360,-1.7293908596038818,84.6282958984375
220,1506879.25,13532.3984375,-9063301.40572781,0.0003,558,22295,379.19,159,89284,-0.5527791380882263,96.26587677001953
224,1482656.75,18627.6875,-8748219.223841298,0.0003,562,22447,369.7,159,89892,-1.3497742414474487,97.92798614501953
228,1517064.25,15299.6162109375,-8663161.14256001,0.0003,573,22891,365.51,159,91668,-1.7970807552337646,104.29714965820312
232,1493231.75,15780.1484375,-8450595.412991641,0.0003,580,23169,355.2,159,92780,-1.813509464263916,106.68223571777344
236,1507777.125,14538.5576171875,-8461796.45312276,0.0003,592,23608,358.4,159,94536,1.6913225650787354,110.44349670410156
240,1550868.375,14019.0751953125,-8743421.199233748,0.0003,611,24403,366.73,159,97716,1.0864166021347046,122.56856536865234
244,1548908.75,17285.185546875,-9372714.76177061,0.0003,635,25367,394.91,159,101572,-0.3408745229244232,137.1439971923828
248,1589659.5,16583.318359375,-10007211.43090683,0.0003,659,26367,427.41,160,105572,-1.9260344505310059,146.47657775878906
252,1623144.0,14648.9462890625,-10099729.47593329,0.0003,683,27367,438.71,160,109572,2.726942777633667,149.49923706054688
256,1655247.0,16720.328125,-10294754.62918287,0.0003,708,28367,446.69,160,113572,-1.7597050666809082,150.0963134765625
260,1595991.25,16294.0546875,-10331107.09611205,0.0003,713,28554,448.34,160,114320,0.22512179613113403,151.5826416015625
264,1651523.25,17747.990234375,-9994370.465959068,0.0003,733,29367,439.17,160,117572,0.6792284250259399,154.76698303222656
268,1646249.25,16237.6259765625,-10474660.542102559,0.0003,741,29686,458.81,160,118848,-2.810689687728882,151.60484313964844
272,1658550.875,17858.35546875,-11239657.808197081,0.0003,765,30686,492.79,160,122848,2.625697374343872,157.900634765625
276,1654829.0,21461.4140625,-11773244.09629625,0.0003,788,31626,515.43,160,126608,-2.1443843841552734,155.72474670410156
280,1639140.0,18085.97265625,-12226394.108908542,0.0003,812,32626,539.69,160,130608,-0.17869879305362701,164.7951202392578
284,1694724.25,18228.365234375,-12571254.778757809,0.0003,837,33626,559.75,160,134608,2.2865166664123535,168.96975708007812
288,1719290.5,25034.734375,-13321809.670398062,0.0003,859,34559,589.37,160,138340,0.5341787338256836,162.29637145996094
292,1752416.5,16236.509765625,-14125761.316323953,0.0003,884,35559,625.61,160,142340,2.3456645011901855,158.83432006835938
296,1813579.0,17059.509765625,-14719055.053482044,0.0003,908,36559,652.73,161,146340,2.4225475788116455,156.23057556152344
300,1780247.5,20436.884765625,-15008392.129719783,0.0003,911,36659,663.5,161,146740,0.181418776512146,156.01089477539062
304,1723388.75,23755.72265625,-15056052.714863062,0.0003,930,37433,668.97,161,149836,-1.2330338954925537,147.83546447753906
308,1771520.375,19569.427734375,-14841642.62342067,0.0003,933,37582,667.6,161,150432,-2.4668776988983154,147.80381774902344
312,1788146.25,18121.81640625,-14900914.75878649,0.0003,956,38529,673.86,161,154220,1.0546646118164062,134.6872100830078
316,1693307.25,18295.615234375,-15075157.19820045,0.0003,958,38576,684.6,161,154408,-4.432652473449707,134.69998168945312
320,1783132.0,20723.123046875,-14729525.590618381,0.0003,964,38827,671.04,161,155412,0.5642986297607422,130.2248077392578
324,1750901.0,16312.921875,-14492647.49408981,0.0003,969,39001,661.06,161,156108,3.0466055870056152,129.60809326171875
328,1737749.75,18065.2890625,-14267368.124184702,0.0003,974,39179,650.59,160,156820,0.34669429063796997,127.32381439208984
332,1779946.25,15557.419921875,-14077509.022860873,0.0003,980,39404,642.17,160,157720,2.311979055404663,127.02867126464844
336,1786537.5,15197.4990234375,-13709695.023575371,0.0003,984,39544,626.84,160,158280,1.3806066513061523,125.7922134399414
340,1776197.375,18002.501953125,-13322929.63729475,0.0003,985,39593,616.73,160,158476,1.959505558013916,125.2796859741211
344,1689423.875,15928.5146484375,-12653485.344048962,0.0003,988,39693,587.1,160,158876,-3.2990882396698,125.03601837158203
348,1732174.375,15280.6123046875,-11849373.44688053,0.0003,991,39815,550.04,160,159364,-0.003123044967651367,125.2163314819336
352,1778541.125,16375.2314453125,-11081658.339495812,0.0003,994,39924,520.95,160,159800,-0.3064305782318115,124.59588623046875
356,1719948.5,19027.775390625,-10133006.57604036,0.0003,995,39975,487.14,160,160004,0.9203329086303711,124.2695541381836
360,1752589.75,18066.234375,-9604420.590363171,0.0003,997,40046,467.34,160,160288,-4.441107749938965,123.34230041503906
364,1719280.0,16380.12890625,-9162571.574822053,0.0003,1002,40226,450.28,160,161008,-2.2071354389190674,123.3870620727539
368,1724241.25,14988.2646484375,-8507476.063223092,0.0003,1014,40695,424.1,160,162884,-4.690887451171875,126.14588165283203
372,1748026.0,15379.69921875,-8154615.510032769,0.0003,1027,41224,409.09,160,165000,-1.53173828125,133.63427734375
376,1733778.625,19374.154296875,-7986771.75393406,0.0003,1031,41387,396.51,160,165652,0.0502619743347168,135.87237548828125
380,1690221.625,15218.0703125,-7206717.441046929,0.0003,1032,41413,360.37,160,165756,2.2803447246551514,135.47573852539062
384,1758559.25,14862.1259765625,-6364757.858511198,0.0003,1034,41464,321.36,160,165960,1.184488296508789,135.5219268798828
388,1786714.875,15067.8017578125,-5406683.49150868,0.0003,1035,41498,284.31,160,166096,3.555062770843506,135.5830078125
392,1772396.75,15362.3486328125,-4799277.30025383,0.0003,1035,41529,255.09,160,166220,3.1790013313293457,135.12855529785156
396,1749165.75,17635.498046875,-4188823.53798659,0.0003,1039,41675,227.31,160,166804,-0.8586996793746948,133.11151123046875
400,1753483.0,19453.28125,-3783639.2261262,0.0003,1045,41872,210.08,160,167592,0.28848564624786377,134.32923889160156
404,1745547.0,19674.546875,-3487445.3527294695,0.0003,1046,41901,199.23,160,167708,-1.2700626850128174,134.5196075439453
408,1711795.75,15733.78515625,-3138256.03417784,0.0003,1048,41988,181.63,160,168056,-2.6894893646240234,134.92735290527344
412,1760076.75,15685.291015625,-2721282.8477947004,0.0003,1051,42083,162.95,160,168436,-0.08815693855285645,135.1000213623047
416,1728329.625,14418.3447265625,-2777000.67591644,0.0003,1070,42872,162.57,160,171592,-0.2913069725036621,134.24484252929688
420,1740146.25,14338.4052734375,-2952468.36794546,0.0003,1077,43175,172.29,160,172804,0.7098582983016968,135.88333129882812
424,1709457.0,17459.919921875,-3664855.307907469,0.0003,1099,44083,198.28,160,176436,-1.046126127243042,146.4567413330078
428,1747643.625,18241.982421875,-4062479.7547752396,0.0003,1110,44516,217.36,160,178168,3.3409218788146973,146.00927734375
432,1759886.25,14050.623046875,-4286072.735771391,0.0003,1123,45065,226.19,160,180364,2.9869470596313477,142.70413208007812
436,1710801.5,13578.515625,-4916306.55552709,0.0003,1135,45561,245.31,160,182348,-0.913683295249939,141.56185913085938
440,1734370.75,13192.240234375,-4825910.47900288,0.0003,1142,45846,237.52,160,183488,2.22290301322937,140.64305114746094
444,1671318.375,13396.75,-5443984.3782425,0.0003,1149,46117,258.24,160,184572,-0.37090808153152466,142.0644989013672
448,1728012.0,13172.4423828125,-5477490.03112239,0.0003,1152,46244,259.08,160,185080,1.3023641109466553,141.3107147216797
452,1705060.75,13653.5390625,-5675230.28268393,0.0003,1157,46411,261.54,160,185748,-0.417667031288147,142.1824188232422
456,1708316.25,17343.453125,-5697821.7849794,0.0003,1160,46505,261.95,160,186124,0.31695905327796936,141.39854431152344
460,1702579.0,15894.14453125,-5758739.672145331,0.0003,1163,46627,264.76,160,186612,1.8105148077011108,140.2637176513672
464,1705172.5,17384.158203125,-5821056.68463994,0.0003,1169,46855,267.1,160,187524,1.793177604675293,139.9610595703125
468,1691702.75,16070.5986328125,-5891376.70956326,0.0003,1174,47058,270.48,160,188336,1.3184417486190796,142.10745239257812
472,1659148.0,15183.05078125,-6038192.162961739,0.0003,1200,48058,277.6,160,192336,-0.18994557857513428,145.01976013183594
476,1650855.375,18030.8203125,-6164836.65408413,0.0003,1222,49008,290.69,160,196136,0.2241012156009674,139.18711853027344
480,1621703.25,14454.0771484375,-6655974.291443829,0.0003,1235,49541,316.0,160,198268,-0.9223619699478149,137.6394805908203
484,1599379.75,15628.623046875,-7239530.186912321,0.0003,1250,50142,346.69,160,200672,-1.0599130392074585,138.2773895263672
488,1602495.875,14217.126953125,-7649669.55308995,0.0003,1271,51022,370.86,160,204192,-1.3654632568359375,135.68234252929688
492,1595800.25,17255.19140625,-7864015.62888152,0.0003,1285,51574,385.79,160,206400,2.9628376960754395,138.10928344726562
496,1610557.75,13433.3779296875,-8174942.56787907,0.0003,1296,52055,407.25,160,208324,-2.6049957275390625,141.0610809326172
500,1609765.25,14678.7412109375,-8331489.40874125,0.0003,1301,52257,419.57,160,209132,0.3765101432800293,142.5001983642578
504,1640289.75,13683.6298828125,-8340702.68899625,0.0003,1307,52478,421.4,160,210016,-2.7399370670318604,145.37266540527344
508,1587588.625,15025.384765625,-8427304.05800636,0.0003,1317,52852,430.09,160,211512,-1.8334367275238037,149.84738159179688
512,1600344.5,14080.8740234375,-8584310.358375398,0.0003,1325,53186,445.29,160,212848,2.166829824447632,149.44898986816406
516,1606525.875,15912.255859375,-8306501.27006793,0.0003,1334,53531,436.9,160,214228,-1.7645015716552734,150.3092498779297
520,1578913.5,13073.728515625,-8058345.60909591,0.0003,1341,53837,429.89,160,215452,0.7648754119873047,151.04000854492188
524,1588083.5,16523.56640625,-7473552.22504724,0.0003,1354,54361,416.6,160,217548,-2.4603753089904785,148.68856811523438
528,1559664.375,14893.7294921875,-7529903.86640742,0.0003,1378,55361,432.84,160,221548,-1.8092275857925415,149.58102416992188
532,1516518.125,13435.1708984375,-7720084.201010039,0.0003,1398,56188,456.58,160,224856,0.02955394983291626,147.02870178222656
536,1493894.75,14094.9970703125,-7175809.168393619,0.0003,1410,56685,445.81,160,226844,-0.41616228222846985,146.97640991210938
540,1532230.0,13151.830078125,-7409157.94119983,0.0003,1427,57396,467.16,160,229688,1.204043984413147,145.11300659179688
544,1533275.875,13626.9560546875,-7023616.626731981,0.0003,1431,57555,463.6,160,230324,2.24090838432312,144.84768676757812
548,1468390.5,14369.1494140625,-6995603.569165101,0.0003,1434,57654,464.07,160,230720,5.310723781585693,144.21241760253906
552,1522259.0,15825.87890625,-6692372.98249043,0.0003,1437,57755,455.56,160,231124,0.35665255784988403,143.99588012695312
556,1514176.75,12679.34765625,-6629220.69711489,0.0003,1441,57929,455.41,160,231820,-3.219273090362549,143.78134155273438
560,1525689.125,16189.7763671875,-6671788.369733601,0.0003,1448,58208,461.94,160,232936,1.1616051197052002,143.56663513183594
564,1515766.125,13933.337890625,-6561250.11992301,0.0003,1450,58273,456.89,160,233196,0.8004236221313477,143.97076416015625
568,1509534.25,18232.08984375,-6448807.409233559,0.0003,1454,58430,454.25,160,233824,0.24803578853607178,143.65675354003906
572,1515090.25,13048.2197265625,-5887515.506326178,0.0003,1460,58672,431.2,160,234792,-0.3500123918056488,143.53945922851562
576,1504782.75,13404.7548828125,-5315028.8419603,0.0003,1461,58711,405.51,160,234948,-0.0015592575073242188,142.87802124023438
580,1454061.875,15704.1494140625,-4757934.22080307,0.0003,1463,58776,377.7,160,235208,0.9122591018676758,142.01058959960938
584,1504038.75,14059.703125,-4227709.67097424,0.0003,1468,58963,352.32,160,235956,0.638410747051239,141.20523071289062
588,1469074.875,14537.34375,-3831199.0213420093,0.0003,1470,59021,330.89,160,236188,0.24021941423416138,141.32716369628906
592,1491756.5,14196.6181640625,-3616418.7833872503,0.0003,1471,59065,315.77,160,236364,0.02532649040222168,140.96559143066406
596,1513414.25,14382.369140625,-3289815.747085341,0.0003,1473,59144,293.41,160,236680,1.4359413385391235,140.80343627929688
600,1500483.875,15472.1708984375,-3111439.76334667,0.0003,1476,59257,280.29,160,237132,-1.111431360244751,140.22232055664062
604,1509143.25,14514.162109375,-3116611.4044823204,0.0003,1479,59375,280.15,160,237604,0.3158268332481384,139.8618621826172
608,1478392.0,18957.130859375,-3042811.6011910904,0.0003,1481,59441,272.57,160,237868,-1.3277167081832886,139.7579345703125
612,1445556.125,13547.609375,-2899577.29549939,0.0003,1483,59525,258.35,160,238204,-0.5731439590454102,139.41249084472656
616,1451640.75,15024.318359375,-2812439.6599236596,0.0003,1486,59632,249.72,160,238632,-1.0197527408599854,139.3006591796875
620,1478412.5,14282.779296875,-2692850.2513853894,0.0003,1489,59741,238.07,160,239068,0.5803525447845459,138.43341064453125
624,1437590.25,14858.3447265625,-2632789.5916349394,0.0003,1496,60001,231.58,160,240108,2.740703821182251,137.0883026123047
628,1490497.875,14544.4775390625,-2225671.2051922297,0.0003,1503,60252,200.72,160,241112,-0.38579124212265015,134.8331298828125
632,1481355.25,17443.884765625,-1913688.4382226202,0.0003,1515,60730,175.99,160,243024,-0.2962820529937744,132.21817016601562
636,1523964.125,13333.767578125,-1921052.919763,0.0003,1520,60953,177.7,160,243916,-0.7814909219741821,130.11692810058594
640,1479205.0,15495.349609375,-1744446.5943835797,0.0003,1529,61308,160.58,160,245336,2.4371607303619385,129.42283630371094
644,1484030.75,15304.4892578125,-1540515.42307814,0.0003,1535,61511,146.01,160,246148,-0.6494388580322266,127.13883972167969
648,1500336.75,17326.609375,-1684954.81449632,0.0003,1539,61665,154.44,160,246764,1.2196539640426636,125.71288299560547
652,1496294.125,13437.8525390625,-1714769.8736814098,0.0003,1543,61840,156.1,160,247464,0.395050048828125,124.61734771728516
656,1479927.5,14257.94140625,-1851356.7493021102,0.0003,1551,62126,163.08,160,248608,1.4444819688796997,123.17085266113281
660,1461712.75,15245.0888671875,-2130392.5064574797,0.0003,1570,62911,174.39,160,251748,1.810119390487671,121.7499771118164
664,1479884.5,13176.6650390625,-2445476.5086823003,0.0003,1577,63153,194.21,160,252716,-0.08925235271453857,121.7785415649414
668,1439193.25,15792.6435546875,-2423662.6950006904,0.0003,1582,63352,191.76,160,253512,1.5805437564849854,121.73267364501953
672,1474009.25,13987.173828125,-2839032.4972889503,0.0003,1599,64036,211.9,160,256248,-0.809074342250824,123.2051010131836
676,1474155.625,15475.4404296875,-2820121.3795300303,0.0003,1602,64165,209.99,160,256764,-0.507996678352356,123.40364837646484
680,1476471.75,14663.2177734375,-2944545.22504046,0.0003,1607,64373,220.66,160,257596,-0.7014161944389343,123.65162658691406
684,1474536.0,16029.625,-2934455.8382986696,0.0003,1612,64533,219.71,160,258236,-0.9131825566291809,122.72294616699219
688,1488308.0,16189.4697265625,-3111223.7968777595,0.0003,1625,65036,227.57,160,260248,0.4896332025527954,125.44880676269531
692,1480129.375,12848.28515625,-3137606.2756092,0.0003,1628,65173,230.01,160,260796,-2.8235349655151367,124.92720031738281
696,1461921.75,14690.115234375,-3148277.7023720597,0.0003,1631,65295,231.08,160,261284,-1.6190149784088135,124.98660278320312
700,1479011.5,12338.130859375,-3498974.192632119,0.0003,1635,65453,248.85,160,261916,3.0618703365325928,124.52147674560547
704,1450960.25,16916.783203125,-3453910.38971065,0.0003,1639,65594,244.73,160,262480,-1.4959831237792969,124.55335998535156
708,1484880.25,15676.3828125,-3475416.8184469794,0.0003,1647,65892,246.65,160,263672,1.6396088600158691,124.66197967529297
712,1471085.375,14886.796875,-3774789.84140567,0.0003,1657,66269,265.68,159,265180,-1.2646030187606812,123.82061004638672
716,1445394.5,14333.849609375,-3826125.5006863098,0.0003,1659,66353,270.2,159,265516,1.2189658880233765,123.75456237792969
720,1462781.5,15671.783203125,-3834728.93404019,0.0003,1665,66571,270.86,159,266388,4.124047756195068,122.39726257324219
724,1427644.25,15647.71484375,-3787688.7584861494,0.0003,1669,66703,266.12,159,266916,-2.6636528968811035,121.10484313964844
728,1467914.75,16240.673828125,-3756635.383464839,0.0003,1670,66760,263.37,159,267144,0.9849359393119812,121.20552825927734
732,1441805.375,15515.91015625,-3735424.7070642007,0.0003,1673,66864,260.86,159,267560,-0.008757829666137695,121.66001892089844
736,1438499.25,14379.0595703125,-3501666.0538930506,0.0003,1675,66961,242.14,159,267948,-2.073918581008911,122.7361831665039
740,1467412.75,12885.3408203125,-3422565.0861470504,0.0003,1677,67010,238.64,159,268144,-0.5246503353118896,123.09610748291016
744,1474599.25,14538.560546875,-3404381.3820463996,0.0003,1679,67085,237.0,159,268444,0.0012683272361755371,122.8507080078125
748,1444257.0,13432.5546875,-3256025.9859426506,0.0003,1682,67190,228.28,159,268864,0.9000136852264404,123.0021743774414
752,1476968.75,13857.0546875,-3211268.35360918,0.0003,1685,67309,225.23,159,269340,-1.4285192489624023,123.96121215820312
756,1482510.5,19034.359375,-3081988.09366921,0.0003,1689,67467,219.5,159,269972,-2.170015335083008,123.67250061035156
760,1464061.625,16451.62890625,-2715822.5300811003,0.0003,1691,67540,201.04,159,270264,1.8044133186340332,123.51586151123047
764,1444274.5,17954.0390625,-2406847.7635498703,0.0003,1692,67592,181.79,159,270472,1.1253063678741455,123.14906311035156
768,1479249.25,12545.86328125,-2385876.00637063,0.0003,1693,67623,179.86,159,270596,-0.8257458209991455,122.93280792236328
772,1438328.875,16296.8798828125,-1897034.6131393497,0.0003,1695,67705,152.3,159,270924,0.5284010171890259,122.47046661376953
776,1435995.75,13193.1171875,-1884196.10685172,0.0003,1698,67811,151.49,159,271348,-4.837457656860352,122.19374084472656
780,1455699.875,13354.9931640625,-1769977.7457822997,0.0003,1701,67909,141.76,159,271740,-0.6329017877578735,122.63216400146484
784,1487401.75,15209.0390625,-1793243.6333171101,0.0003,1704,68010,144.37,159,272144,0.5333731770515442,122.54833984375
788,1505428.0,12760.2236328125,-1575522.3450178,0.0003,1705,68069,132.51,159,272380,0.4449174404144287,122.6332778930664
792,1480072.0,15494.830078125,-1578606.5454103097,0.0003,1707,68137,133.13,159,272652,0.2832467555999756,122.68755340576172
796,1446608.75,14101.732421875,-1576071.88425547,0.0003,1710,68240,132.86,159,273064,-2.007033109664917,122.72752380371094
800,1455880.75,16472.662109375,-1232169.0722878198,0.0003,1713,68350,115.79,159,273504,-5.837238311767578,123.7900390625
804,1437875.75,13315.5029296875,-1212232.8997828101,0.0003,1715,68456,114.06,159,273928,2.7041127681732178,124.30914306640625
808,1477103.75,18391.451171875,-1201615.2562747402,0.0003,1718,68551,113.32,159,274308,0.48402273654937744,124.32657623291016
812,1475943.75,20207.662109375,-939731.04051011,0.0003,1719,68601,97.39,159,274508,0.9923611879348755,124.24028015136719
816,1479523.0,15256.1953125,-883245.1895336199,0.0003,1721,68669,92.29,159,274780,-3.50504994392395,124.00768280029297
820,1462319.25,12918.7607421875,-873313.2062880999,0.0003,1724,68772,91.74,159,275192,-2.116131067276001,124.94971466064453
824,1461977.125,13382.275390625,-837318.50037949,0.0003,1727,68877,89.3,159,275612,3.52219295501709,125.29026794433594
828,1442988.375,19785.982421875,-834022.902928,0.0003,1730,68990,89.0,159,276064,0.12498116493225098,124.82911682128906
832,1458495.0,13649.93359375,-753219.2611827101,0.0003,1735,69162,83.85,159,276752,1.5151482820510864,124.52229309082031
836,1429052.0,15842.939453125,-812374.26793959,0.0003,1738,69278,89.75,159,277216,0.2745635509490967,124.236083984375
840,1450841.0,18926.03125,-818086.2556968101,0.0003,1743,69439,90.42,159,277860,-0.004845708608627319,126.30635070800781
844,1440242.75,16627.23828125,-817643.9582985401,0.0003,1745,69508,90.33,159,278136,1.2807146310806274,127.69226837158203
848,1463538.25,13039.58984375,-796596.84946176,0.0003,1747,69595,88.16,159,278484,1.5386608839035034,128.55093383789062
852,1455942.25,14402.09765625,-872169.0891273501,0.0003,1753,69818,95.79,159,279376,1.0271539688110352,126.90093231201172
856,1442868.375,16167.87890625,-849284.5751317102,0.0003,1758,69991,92.88,159,280068,-1.2583014965057373,127.70542907714844
860,1460632.25,15815.7529296875,-1023700.1205334603,0.0003,1775,70705,109.43,159,282924,-2.810385227203369,127.79046630859375
864,1440007.75,14028.8955078125,-1012712.80595461,0.0003,1778,70818,108.41,159,283376,0.6345570087432861,127.14217376708984
868,1468577.5,14707.2265625,-1240564.17950481,0.0003,1788,71188,130.41,159,284856,-0.9034847021102905,128.0570831298828
872,1437027.0,16107.951171875,-1315728.1064510401,0.0003,1791,71283,137.74,159,285236,0.4430822432041168,129.21575927734375
876,1456873.5,15106.7236328125,-1316905.90096303,0.0003,1797,71531,137.72,159,286228,0.6392489075660706,129.0748748779297
880,1448523.25,14497.986328125,-1426339.1093432298,0.0003,1799,71603,148.64,159,286516,-0.060834646224975586,128.6104736328125
884,1476193.75,15300.0419921875,-1400287.71054771,0.0003,1801,71688,145.92,159,286856,0.3114345669746399,128.1453399658203
888,1411296.25,19040.408203125,-1418693.1195605197,0.0003,1804,71795,147.9,159,287284,-1.2198522090911865,127.62519073486328
892,1454087.0,15846.609375,-1425067.74837947,0.0003,1808,71948,148.66,159,287896,-0.3270623981952667,126.85017395019531
896,1438196.75,14217.5205078125,-1431514.86190153,0.0003,1812,72103,149.52,159,288516,0.9685622453689575,126.60175323486328
900,1409529.375,19517.673828125,-1440383.4213130095,0.0003,1815,72187,150.65,159,288852,1.3878800868988037,126.88471221923828
904,1450125.5,17926.669921875,-1487171.97574666,0.0003,1816,72232,155.31,159,289032,0.8200497627258301,127.0979232788086
908,1441114.0,17352.7578125,-1494409.2687102398,0.0003,1819,72355,156.21,159,289524,0.6188747882843018,126.75112915039062
912,1428215.0,14748.220703125,-1443753.56788632,0.0003,1820,72390,152.0,159,289664,0.18160516023635864,126.64378356933594
916,1416626.375,17023.0234375,-1443057.63069205,0.0003,1822,72437,152.19,159,289852,1.4280810356140137,127.34410095214844
920,1433147.25,14535.1650390625,-1423482.93109897,0.0003,1823,72483,150.2,159,290036,0.7552295327186584,128.00384521484375
924,1419179.75,17774.58203125,-1399932.8756993103,0.0003,1824,72512,147.88,159,290152,0.3574732542037964,128.2498779296875
928,1447566.0,15310.9755859375,-1388391.2427457003,0.0003,1825,72553,146.77,159,290316,-0.572471022605896,128.72280883789062
932,1406428.875,15450.7236328125,-1378212.6566643403,0.0003,1826,72592,145.85,159,290472,0.20540902018547058,129.20127868652344
936,1444717.75,14109.19140625,-1317039.9832366,0.0003,1829,72703,139.73,158,290916,-1.228509783744812,129.2548370361328
940,1420696.0,16781.1015625,-1301729.58864155,0.0003,1832,72798,138.24,158,291296,-2.7365570068359375,129.2650604248047
944,1427101.875,15873.2783203125,-1328448.60881397,0.0003,1834,72898,141.28,158,291696,-0.25679975748062134,128.9349822998047
948,1426458.5,16406.451171875,-1327149.6601892998,0.0003,1836,72948,141.28,158,291896,0.2498093843460083,128.81410217285156
952,1410070.625,14557.8095703125,-1228574.05360545,0.0003,1837,73006,131.48,158,292128,-3.026899814605713,128.9005584716797
956,1417168.75,16887.025390625,-1200397.68776071,0.0003,1840,73089,128.92,158,292460,-1.7438644170761108,129.214111328125
960,1409251.125,15276.0771484375,-1003144.01079643,0.0003,1842,73171,110.12,158,292788,-1.329976201057434,129.2340545654297
964,1413910.0,20794.6015625,-1003854.2486453801,0.0003,1843,73216,110.24,158,292968,0.4632219076156616,129.32369995117188
968,1438380.0,19717.02734375,-769185.9917633401,0.0003,1845,73275,87.75,158,293204,-1.7116011381149292,129.12066650390625
972,1413784.25,15618.2021484375,-686535.40002548,0.0003,1846,73322,79.74,158,293392,-2.371260404586792,129.3050079345703
976,1421864.5,18942.931640625,-756509.85098736,0.0003,1847,73363,87.36,158,293556,-2.5045156478881836,129.27696228027344
980,1443097.5,15134.1220703125,-638629.57304828,0.0003,1849,73425,76.0,158,293804,-1.9827609062194824,129.62039184570312
984,1433241.0,21373.552734375,-604570.4342412,0.0003,1850,73479,73.05,158,294020,0.8408669233322144,130.16415405273438
988,1448858.5,18771.27734375,-588580.4032495501,0.0003,1851,73504,71.55,158,294120,-2.6453475952148438,130.18040466308594
992,1403112.125,18272.615234375,-555358.42866213,0.0003,1852,73553,68.19,158,294316,0.5934731364250183,130.3622283935547
996,1425554.75,17409.263671875,-540339.4548352801,0.0003,1854,73610,67.23,158,294544,2.0690836906433105,130.4676971435547
1000,1430803.5,14217.486328125,-506724.6036842201,0.0003,1855,73661,63.7,158,294748,-0.5031640529632568,130.15005493164062
1004,1437801.625,18131.4296875,-450226.28555822,0.0003,1856,73690,58.3,158,294864,2.972372055053711,130.01278686523438
1008,1432300.0,15534.5517578125,-430077.44420438,0.0003,1857,73726,56.17,158,295008,-2.6819331645965576,130.27915954589844
1012,1443288.625,16976.26171875,-422632.86490522,0.0003,1858,73771,55.38,158,295188,-0.22271394729614258,130.32176208496094
1016,1409302.75,14711.90625,-415367.45518662,0.0003,1859,73816,54.81,158,295368,-0.5003951787948608,130.2693328857422
1020,1422126.5,16678.873046875,-415815.95095249993,0.0003,1860,73845,54.93,158,295484,-0.8194528222084045,130.22691345214844
1024,1425075.0,20948.490234375,-416958.92567881005,0.0003,1861,73868,55.07,158,295576,-1.3421704769134521,130.09434509277344
1028,1421494.5,16566.373046875,-406852.433962,0.0003,1861,73889,53.92,158,295660,1.909014344215393,130.245849609375
1032,1445631.75,14688.7236328125,-403335.27727247996,0.0003,1863,73936,53.46,158,295848,-1.27043879032135,130.4335479736328
1036,1391440.75,16206.03515625,-398145.68560214,0.0003,1865,74004,53.26,158,296120,-0.530767560005188,131.12368774414062
1040,1448602.75,16354.9169921875,-389041.38393991994,0.0003,1865,74025,52.44,158,296204,-0.5607446432113647,131.2626953125
1044,1429742.625,17603.78515625,-353264.71892513,0.0003,1866,74059,48.47,158,296340,1.5255216360092163,131.4356231689453
1048,1422610.75,22696.51953125,-351096.0501498799,0.0003,1868,74118,48.52,158,296576,0.46824389696121216,131.9549560546875
1052,1451587.0,15260.9375,-355498.15197123995,0.0003,1869,74165,49.48,158,296764,0.03652602434158325,132.14183044433594
1056,1444911.25,17520.619140625,-355560.12821434997,0.0003,1871,74232,49.96,158,297032,-2.537336826324463,132.35643005371094
1060,1394821.5,18496.482421875,-355654.87690959,0.0003,1873,74279,49.79,158,297220,0.039305925369262695,132.48472595214844
1064,1417960.5,20041.046875,-360827.41907907993,0.0003,1873,74308,50.51,158,297336,-0.36949750781059265,132.44911193847656
1068,1426759.75,16092.9033203125,-360225.95647801994,0.0003,1874,74343,50.59,158,297476,2.0773682594299316,132.18267822265625
1072,1439684.75,18881.900390625,-366375.4026887699,0.0003,1875,74381,51.27,158,297628,-0.41973668336868286,132.21273803710938
1076,1428488.25,19571.978515625,-284487.09834001,0.0003,1876,74411,42.49,158,297748,0.4491282105445862,132.27359008789062
1080,1447423.125,19542.69140625,-279616.08564585005,0.0003,1877,74435,41.65,158,297844,-0.5722841620445251,131.9768524169922
1084,1430176.0,16703.974609375,-275799.94141393,0.0003,1879,74501,41.13,158,298108,-0.5218088626861572,132.24078369140625
1088,1410055.75,15289.1240234375,-265219.8230831,0.0003,1879,74528,39.84,158,298216,-0.5491492748260498,132.45068359375
1092,1446249.75,13909.3447265625,-269749.53940948,0.0003,1880,74557,40.61,158,298332,-1.2631475925445557,132.4710235595703
1096,1443201.875,18787.9453125,-263908.1267369,0.0003,1881,74587,39.38,158,298452,2.63478422164917,132.54652404785156
1100,1446495.25,16935.666015625,-265661.62933619,0.0003,1882,74626,39.61,158,298608,-0.7761347889900208,132.56005859375
1104,1424500.875,14821.396484375,-274857.0858031001,0.0003,1884,74695,40.51,158,298884,3.6022605895996094,132.7464141845703
1108,1398581.75,16263.20703125,-270753.98061165,0.0003,1885,74726,39.9,158,299008,-0.6131662130355835,132.83384704589844
1112,1433337.75,16170.939453125,-271100.27504181,0.0003,1886,74765,40.27,158,299164,-0.4520663619041443,132.64207458496094
1116,1411018.125,22033.306640625,-264923.95400483004,0.0003,1887,74808,39.21,158,299336,-1.5442705154418945,132.69723510742188
1120,1414589.375,17058.662109375,-269633.0722555,0.0003,1888,74838,39.89,158,299456,-0.5744040608406067,132.7193145751953
1124,1441380.5,24776.068359375,-270279.91388971,0.0003,1889,74867,39.9,158,299572,0.06639233231544495,132.66256713867188
1128,1430783.0,20060.751953125,-271054.61101433,0.0003,1889,74894,40.0,158,299680,1.3183791637420654,132.47589111328125
1132,1452596.0,19975.494140625,-273915.92771649006,0.0003,1890,74923,40.54,158,299796,-1.7398762702941895,132.05654907226562
1136,1417156.625,19227.84375,-266680.43091071,0.0003,1892,74977,39.31,158,300012,3.21954345703125,132.35983276367188
1140,1428765.125,16982.435546875,-264488.93012858,0.0003,1893,75030,39.85,158,300224,-0.5768694877624512,132.1173858642578
1144,1396699.125,21436.779296875,-270410.58893822995,0.0003,1894,75066,40.72,158,300368,-0.3379276990890503,131.91241455078125
1148,1435205.0,18603.443359375,-267380.64157614,0.0003,1896,75111,40.22,158,300548,1.2770042419433594,132.11253356933594
1152,1435721.0,15095.3955078125,-262209.04117690003,0.0003,1897,75157,39.15,158,300732,-3.3814377784729004,132.26304626464844
1156,1415933.875,16636.25,-257769.08413034,0.0003,1899,75214,38.27,158,300960,3.0450267791748047,132.26759338378906
1160,1416208.875,15924.779296875,-252829.74872008004,0.0003,1900,75256,37.87,158,301128,4.045384407043457,132.4100799560547
1164,1424886.625,17860.322265625,-258525.78359266,0.0003,1900,75277,38.96,158,301212,-0.3445821702480316,132.468994140625
1168,1388462.75,17386.916015625,-258425.39452082,0.0003,1901,75316,38.72,158,301368,0.29592522978782654,132.94677734375
1172,1418808.0,21376.828125,-256815.72849218998,0.0003,1902,75341,38.56,158,301468,-4.5882415771484375,132.91831970214844
1176,1378841.0,18987.041015625,-255862.40155537997,0.0003,1903,75384,38.42,158,301640,-0.3953697085380554,132.79888916015625
1180,1427159.0,22759.345703125,-258071.02861511998,0.0003,1904,75427,38.81,158,301812,0.4273903965950012,133.21495056152344
1184,1458062.625,22488.47265625,-259780.73721702996,0.0003,1905,75457,38.87,158,301932,3.671130657196045,133.67979431152344
1188,1419570.25,31985.91796875,-265336.14596811,0.0003,1906,75510,39.55,158,302144,-0.6089972853660583,133.82647705078125
1192,1416830.75,14574.80859375,-264026.81042665994,0.0003,1907,75537,38.99,158,302252,-0.4211311340332031,133.94329833984375
1196,1404945.75,18438.548828125,-266268.4870707,0.0003,1908,75581,39.31,158,302428,-0.5362330675125122,133.94151306152344
1200,1409477.25,18974.451171875,-267820.08013624,0.0003,1910,75632,39.39,158,302632,-0.5368158221244812,134.42593383789062
1204,1404834.25,19001.48046875,-266470.94456967997,0.0003,1911,75663,39.18,158,302756,1.0594830513000488,134.50222778320312
1208,1404413.0,21566.142578125,-259604.23815675,0.0003,1912,75717,38.53,158,302972,-1.9260611534118652,134.4493865966797
1212,1424581.875,18969.416015625,-262516.54828763,0.0003,1914,75781,39.27,158,303228,-1.130637288093567,134.9557342529297
1216,1387131.5,17938.67578125,-275761.68507566,0.0003,1915,75815,41.28,158,303364,-1.316788673400879,135.3283233642578
1220,1394313.375,21328.01953125,-271823.0063256,0.0003,1916,75865,40.45,158,303564,1.9169318675994873,135.76609802246094
1224,1423910.125,21021.009765625,-277016.01927511,0.0003,1918,75933,41.49,158,303836,1.606972098350525,135.6376495361328
1228,1429379.875,15740.0400390625,-285205.30293353996,0.0003,1919,75957,42.72,158,303932,1.769653081893921,135.3436279296875
1232,1400355.625,17358.560546875,-284882.59248115995,0.0003,1920,75996,42.66,158,304088,1.1373534202575684,135.11599731445312
1236,1399463.625,18309.78515625,-284257.04095516,0.0003,1921,76028,42.73,158,304216,1.3085294961929321,134.91661071777344
1240,1400282.0,16350.4521484375,-278846.31110107,0.0003,1922,76082,41.46,158,304432,-4.55037784576416,134.80027770996094
1244,1414214.75,16263.2001953125,-275966.2539111,0.0003,1923,76138,41.06,158,304656,-0.28459420800209045,134.6211395263672
1248,1381163.25,15824.66796875,-295270.94427311,0.0003,1925,76192,43.49,158,304872,-0.7926655411720276,134.9034881591797
1252,1433217.25,20448.09375,-297976.75440987,0.0003,1926,76222,43.86,158,304992,-0.7266075611114502,135.0299530029297
1256,1399322.25,16881.931640625,-295681.94227229,0.0003,1927,76262,43.45,158,305152,3.1404824256896973,135.45498657226562
1260,1412998.75,15929.4296875,-293797.38522721006,0.0003,1928,76293,43.25,158,305276,0.9440203905105591,135.553466796875
1264,1429664.375,15040.904296875,-286970.71698081,0.0003,1930,76350,41.94,158,305504,-1.0284123420715332,135.73056030273438
1268,1372610.25,19838.40234375,-295268.19388072,0.0003,1931,76389,43.11,158,305660,1.2191896438598633,135.88623046875
1272,1441452.375,25471.828125,-294477.20126259,0.0003,1932,76433,43.04,158,305836,-2.638455867767334,136.0533905029297
1276,1381193.25,22494.990234375,-297520.48930243,0.0003,1933,76461,43.32,158,305948,-0.6164847612380981,136.27310180664062
1280,1391934.25,15931.8681640625,-296076.92832516995,0.0003,1934,76489,43.06,158,306060,-4.063379764556885,136.35948181152344
1284,1424079.5,16664.640625,-291139.06871901,0.0003,1934,76515,42.44,158,306164,2.127798080444336,136.38673400878906
1288,1409092.625,16821.181640625,-290692.08652818995,0.0003,1936,76556,42.44,158,306328,0.29919981956481934,136.53228759765625
1292,1391130.0,18156.896484375,-288520.39182281,0.0003,1937,76596,42.21,158,306488,-2.9202675819396973,136.56971740722656
1296,1401987.375,18293.25390625,-289916.25062397995,0.0003,1938,76625,42.26,158,306604,0.21300268173217773,137.18344116210938
1300,1423475.0,22765.7421875,-286552.14912962005,0.0003,1939,76670,42.1,158,306784,-2.351308822631836,137.79367065429688
1304,1395237.5,20493.08984375,-281324.24341510003,0.0003,1939,76695,41.62,158,306884,-2.0099337100982666,138.1223907470703
1308,1423293.25,16193.4873046875,-282272.25322929,0.0003,1940,76727,41.68,158,307012,2.61861515045166,138.0903778076172
1312,1379397.625,17747.326171875,-280015.59923846996,0.0003,1941,76765,40.76,158,307164,1.7554221153259277,137.92205810546875
1316,1418066.25,23165.064453125,-267641.13151147997,0.0003,1942,76800,38.88,158,307304,0.7886117696762085,138.03738403320312
1320,1411244.5,19790.7890625,-267839.6001096399,0.0003,1943,76822,38.97,158,307392,-4.634495735168457,138.16395568847656
1324,1377997.5,16333.8037109375,-264733.23700279,0.0003,1944,76859,38.25,158,307540,-0.6470925807952881,138.47625732421875
1328,1401332.25,20296.892578125,-258202.19459202004,0.0003,1944,76891,37.27,158,307668,1.3080992698669434,138.66246032714844
1332,1391904.875,19611.634765625,-256971.79402697002,0.0003,1945,76914,36.94,158,307760,-1.0199394226074219,138.66775512695312
1336,1413334.5,18144.427734375,-258552.72485610002,0.0003,1946,76948,36.98,158,307896,-1.1040915250778198,138.91017150878906
1340,1419538.375,18650.0390625,-262831.62082803,0.0003,1947,77005,37.5,158,308124,0.03381022810935974,139.1888427734375
1344,1401374.0,20456.669921875,-264943.40367511,0.0003,1948,77032,37.83,158,308232,-3.5288329124450684,139.5490264892578
1348,1400050.5,25023.61328125,-247414.86971325005,0.0003,1949,77075,35.46,158,308404,2.572782039642334,139.724609375
1352,1373428.75,20112.732421875,-246218.57500897002,0.0003,1950,77106,35.21,158,308528,0.5057376623153687,139.6452178955078
1356,1397020.5,19058.119140625,-245453.92355292998,0.0003,1952,77166,35.11,158,308768,-1.8722763061523438,139.56080627441406
1360,1415481.25,23007.66015625,-259200.80008459,0.0003,1953,77215,36.57,158,308964,0.42933541536331177,139.58016967773438
1364,1387501.5,17323.474609375,-263787.2653548,0.0003,1954,77251,36.98,158,309108,1.48398756980896,139.53778076171875
1368,1401933.0,18286.203125,-258450.50182834,0.0003,1955,77294,36.09,158,309280,-2.1162238121032715,139.50119018554688
1372,1413162.0,15853.9130859375,-262378.15456237,0.0003,1957,77341,36.61,158,309468,0.568949818611145,139.89353942871094
1376,1393734.0,20665.615234375,-262402.53272384,0.0003,1958,77379,36.77,158,309620,-2.5200014114379883,140.168701171875
1380,1411027.375,20018.5703125,-264671.34995609,0.0003,1959,77429,37.14,158,309820,1.0703195333480835,140.44454956054688
1384,1413861.75,16824.392578125,-266849.21589414,0.0003,1961,77475,37.45,158,310004,0.566307783126831,140.1308135986328
1388,1368510.75,20284.451171875,-275785.20913586003,0.0003,1962,77520,38.42,158,310184,-0.7487995624542236,140.0406494140625
1392,1387424.0,18268.7265625,-276922.11345227004,0.0003,1963,77564,38.67,158,310360,2.7568671703338623,140.5319061279297
1396,1406878.0,22123.87890625,-276681.67169178,0.0003,1964,77598,38.78,158,310496,1.0390126705169678,140.64974975585938
1400,1398146.875,16066.591796875,-280659.20864865003,0.0003,1965,77655,39.27,158,310724,2.243921995162964,140.4797821044922
1404,1422519.25,16224.8486328125,-282353.60959988,0.0003,1967,77701,39.45,158,310908,1.904252052307129,140.67686462402344
1408,1410455.25,17931.560546875,-285109.21477661,0.0003,1968,77760,39.86,158,311144,1.8102877140045166,141.18443298339844
1412,1387487.25,19719.583984375,-285878.38224492996,0.0003,1970,77819,39.96,158,311380,0.19669365882873535,141.14895629882812
1416,1396806.5,17167.50390625,-310453.78967951005,0.0003,1971,77869,42.64,158,311580,-0.6232178211212158,141.2170867919922
1420,1379335.375,23427.85546875,-313493.49720653,0.0003,1973,77915,43.05,158,311764,2.5729947090148926,141.42665100097656
1424,1382236.75,21817.56640625,-321435.95408409,0.0003,1974,77957,43.87,158,311932,1.3647751808166504,141.44419860839844
1428,1378344.125,18249.029296875,-324084.05989218,0.0003,1975,78005,44.06,157,312124,2.5500874519348145,141.77633666992188
1432,1389856.375,18866.009765625,-326760.7729998,0.0003,1976,78047,44.38,157,312292,-0.3854166567325592,141.8300323486328
1436,1395751.0,23240.7734375,-332869.3492792501,0.0003,1977,78088,45.04,157,312456,0.381887286901474,141.63465881347656
1440,1408429.0,18658.529296875,-333459.9268344,0.0003,1978,78127,45.04,157,312612,0.2920095920562744,141.58421325683594
1444,1419413.75,18705.755859375,-332525.08150633,0.0003,1979,78164,44.72,157,312760,-3.660271406173706,141.17782592773438
1448,1401078.5,17847.916015625,-334742.50218292,0.0003,1980,78211,44.97,157,312948,1.5820600986480713,141.447021484375
1452,1405181.5,19691.314453125,-348393.37670558,0.0003,1982,78281,46.39,157,313228,0.3062770366668701,142.12257385253906
1456,1409595.25,20987.150390625,-353665.6446559001,0.0003,1984,78329,47.08,157,313420,-3.541902542114258,142.1605224609375
1460,1379599.25,18062.119140625,-344828.33976999996,0.0003,1985,78381,46.08,157,313628,-2.1620819568634033,142.6045379638672
1464,1393059.25,23920.37890625,-343230.11854401,0.0003,1987,78446,45.89,157,313888,-1.8893136978149414,142.8059539794922
1468,1401327.875,16988.787109375,-359041.02968513005,0.0003,1988,78497,47.63,157,314092,0.760240912437439,142.8126983642578
1472,1403676.25,19824.599609375,-354826.35711911996,0.0003,1989,78538,46.98,157,314256,0.3193715512752533,143.1839141845703
1476,1404022.25,18099.134765625,-357379.58049268,0.0003,1991,78608,47.05,157,314536,0.05327615141868591,143.21702575683594
1480,1402141.5,15891.0908203125,-378230.0572083001,0.0003,1993,78646,49.23,157,314688,1.2466379404067993,143.39244079589844
1484,1378448.375,17947.513671875,-384424.26048567006,0.0003,1995,78741,49.78,157,315068,2.335110664367676,142.71119689941406
1488,1385481.0,22143.158203125,-394022.48594826,0.0003,1998,78861,50.82,157,315548,0.6317088603973389,142.13218688964844
1492,1377844.75,23095.158203125,-424459.73970355006,0.0003,2001,78948,53.89,157,315896,0.6868716478347778,142.0867919921875
1496,1380500.25,22924.96484375,-457453.90782533993,0.0003,2005,79109,57.08,157,316540,-0.5675453543663025,142.6890869140625
1500,1371508.25,23906.44921875,-479075.9229929599,0.0003,2008,79201,59.19,157,316908,1.632411241531372,141.85511779785156
1504,1421838.0,19581.486328125,-526071.8332907701,0.0003,2013,79409,64.04,157,317740,2.440523624420166,142.31903076171875
1508,1387137.0,22108.93359375,-603271.15234361,0.0003,2021,79717,71.81,157,318972,0.6162688732147217,140.95201110839844
1512,1366594.25,21151.95703125,-653427.54475306,0.0003,2030,80054,76.88,157,320320,0.9826255440711975,141.3433380126953
1516,1341697.875,19500.02734375,-756922.5727703602,0.0003,2038,80366,87.15,157,321568,-1.1471214294433594,140.88818359375
1520,1387474.75,19431.669921875,-959155.3795879498,0.0003,2055,81078,107.63,157,324416,-0.2637598514556885,138.6014404296875
1524,1370540.375,18493.091796875,-1287898.33148538,0.0003,2071,81730,140.49,157,327024,2.509242296218872,138.2758026123047
1528,1387557.5,20591.658203125,-1375732.7507439998,0.0003,2081,82121,149.4,157,328588,-0.6605199575424194,136.4741668701172
1532,1374697.5,22849.798828125,-1668246.7453868699,0.0003,2097,82793,178.37,157,331276,0.35160815715789795,135.43716430664062
1536,1389045.75,18641.833984375,-2083364.10777013,0.0003,2121,83793,216.51,158,335276,-0.7638318538665771,133.34536743164062
1540,1387471.5,17477.56640625,-2442337.1361882,0.0003,2141,84589,245.0,158,338460,-3.548321485519409,133.078125
1544,1389328.75,15062.19140625,-2968904.81706594,0.0003,2160,85392,273.85,158,341672,1.6689767837524414,131.30462646484375
1548,1385762.75,19004.984375,-3322024.72024521,0.0003,2172,85858,292.85,158,343536,1.8932251930236816,126.52196502685547
1552,1384456.125,18971.087890625,-3306826.87526268,0.0003,2175,85983,291.37,158,344036,-0.10835012793540955,126.75518035888672
1556,1392135.5,14878.63671875,-3297789.31142836,0.0003,2178,86114,290.67,158,344560,-0.5059148073196411,125.13616943359375
1560,1364300.0,21015.1171875,-3497638.6166263395,0.0003,2181,86210,299.91,158,344944,-1.2508816719055176,124.72958374023438
1564,1394069.375,14992.716796875,-3495254.4388408596,0.0003,2183,86278,299.7,158,345216,-0.4335758090019226,123.80301666259766
1568,1378455.75,17878.677734375,-3481092.279172321,0.0003,2185,86355,298.01,158,345524,0.029964298009872437,123.24563598632812
1572,1387274.375,14746.9501953125,-3701860.1553962505,0.0003,2186,86410,307.85,158,345744,0.5283247828483582,122.54833984375
1576,1383948.75,16725.31640625,-3695533.06854715,0.0003,2190,86543,307.67,158,346276,-0.8239737153053284,121.57471466064453
1580,1390554.25,17506.02734375,-3888767.9269164708,0.0003,2193,86644,314.98,158,346680,1.5932667255401611,121.28618621826172
1584,1373687.0,13474.4521484375,-4279499.34721076,0.0003,2211,87384,330.31,158,349640,-2.16694974899292,115.08272552490234
1588,1391881.75,17747.751953125,-4513167.997862,0.0003,2212,87451,337.64,158,349908,0.1029767394065857,115.17935180664062
1592,1363633.5,16162.4560546875,-4705025.493472599,0.0003,2214,87505,343.4,158,350124,3.2277791500091553,115.14728546142578
1596,1364014.0,14018.482421875,-4679246.99426795,0.0003,2215,87550,340.91,158,350304,-1.2800533771514893,115.04317474365234
1600,1377721.25,18719.62890625,-4654361.2461122805,0.0003,2217,87603,338.68,158,350516,2.3745763301849365,115.50131225585938
1604,1374533.25,13271.142578125,-4607988.5042507,0.0003,2218,87651,333.99,158,350708,0.7833733558654785,115.54489135742188
1608,1391121.5,16162.8974609375,-4546648.588889239,0.0003,2224,87859,328.02,158,351540,-0.2253108024597168,115.74345397949219
1612,1379419.125,15393.1328125,-4512580.2399230795,0.0003,2225,87912,324.62,158,351752,-0.9843114614486694,115.46810150146484
1616,1390110.75,12811.4892578125,-4389640.38143061,0.0003,2227,87973,312.52,158,351996,1.7819796800613403,115.37228393554688
1620,1379385.5,17719.2890625,-4264700.96928177,0.0003,2228,88021,294.57,158,352188,0.23064744472503662,115.54615783691406
1624,1372251.5,16519.322265625,-3930854.553060561,0.0003,2230,88080,261.42,158,352424,0.43379050493240356,115.809814453125
1628,1356861.25,25089.2421875,-3851793.0362862498,0.0003,2232,88166,252.9,157,352768,3.255629062652588,115.6551284790039
1632,1369003.75,15319.318359375,-3659957.58301617,0.0003,2233,88203,228.57,157,352916,0.206384539604187,115.28809356689453
1636,1373120.5,13493.470703125,-3234201.35365423,0.0003,2234,88250,189.5,157,353104,3.730076789855957,114.98355865478516
1640,1380669.75,15253.447265625,-2889070.9755911906,0.0003,2236,88323,162.14,157,353396,-1.94277024269104,114.85834503173828
1644,1359189.5,13516.869140625,-2358874.3356380407,0.0003,2238,88389,133.08,157,353660,2.853107452392578,114.60039520263672
1648,1387020.5,13131.626953125,-2045623.2053864703,0.0003,2240,88452,116.93,157,353912,2.137465238571167,113.93609619140625
1652,1362698.625,19263.701171875,-2049565.0300291502,0.0003,2241,88493,117.48,157,354076,0.28766462206840515,113.24944305419922
1656,1384160.125,14550.6279296875,-2051842.77160332,0.0003,2242,88542,117.47,157,354272,-0.8024286031723022,112.8840560913086
1660,1371474.0,12822.541015625,-1851481.47555474,0.0003,2244,88598,108.23,157,354496,1.1818690299987793,112.99818420410156
1664,1357523.5,18709.931640625,-1859001.1997351802,0.0003,2246,88675,108.73,157,354804,-1.8537814617156982,112.5730972290039
1668,1357610.25,15260.529296875,-1872766.77020456,0.0003,2250,88807,110.17,157,355332,0.19956231117248535,113.27606201171875
1672,1365397.5,15298.4453125,-1648935.5395262903,0.0003,2252,88912,100.1,157,355752,-2.003744125366211,113.47917938232422
1676,1359905.875,17762.587890625,-1671609.27506682,0.0003,2254,88986,101.26,157,356048,-0.1621895134449005,113.78499603271484
1680,1367982.0,19434.681640625,-1489097.8586686798,0.0003,2257,89065,94.82,157,356364,-2.388643264770508,113.89274597167969
1684,1367988.625,16726.693359375,-1086569.83114224,0.0003,2258,89134,78.46,157,356640,-0.7548763155937195,114.2911376953125
1688,1364734.25,11312.037109375,-853570.5343263798,0.0003,2266,89410,71.23,157,357744,-0.22197628021240234,114.53375244140625
1692,1388237.125,12240.2919921875,-722157.1257119603,0.0003,2268,89496,71.5,157,358088,-0.06947839260101318,115.11176300048828
1696,1357660.25,13020.5537109375,-915011.1710969302,0.0003,2281,89981,80.63,157,360028,-1.292942762374878,115.89969635009766
1700,1379746.875,12843.6396484375,-909904.96309091,0.0003,2283,90064,79.5,157,360360,-0.3277309536933899,116.76432800292969
1704,1356713.375,15881.3955078125,-977525.3939144801,0.0003,2286,90173,86.0,157,360796,0.05822974443435669,116.66648864746094
1708,1339775.75,17393.103515625,-1056705.06561141,0.0003,2287,90213,93.5,157,360956,-0.5910987854003906,116.1187515258789
1712,1368886.75,17734.890625,-1029701.7920573599,0.0003,2288,90253,90.62,157,361116,-1.5017318725585938,115.87311553955078
1716,1335527.75,14310.5283203125,-1036736.3226195198,0.0003,2289,90300,91.2,157,361304,-1.7010698318481445,115.43353271484375
1720,1331704.25,11345.462890625,-956471.10373153,0.0003,2291,90357,88.27,157,361532,0.40681564807891846,114.95236206054688
1724,1346213.625,13707.607421875,-956171.4245053601,0.0003,2293,90421,87.83,157,361788,-0.17599183320999146,114.66030883789062
1728,1370761.0,13219.78515625,-949961.7417086901,0.0003,2294,90478,88.12,157,362016,-3.9244096279144287,115.21610260009766
1732,1346885.375,16190.00390625,-852662.5861891902,0.0003,2296,90535,83.88,157,362244,-0.7308371067047119,115.59321594238281
1736,1352524.75,14642.048828125,-959484.5363456,0.0003,2297,90592,94.24,157,362472,1.1729152202606201,115.47698211669922
1740,1361545.125,17863.142578125,-940504.7184780602,0.0003,2299,90663,92.51,157,362756,1.2249135971069336,116.2317123413086
1744,1329568.5,20622.658203125,-947448.5712706901,0.0003,2301,90705,93.37,157,362924,0.21831756830215454,116.83851623535156
1748,1373537.75,12982.9052734375,-912849.0222296,0.0003,2303,90781,92.78,157,363228,1.727593183517456,117.11640930175781
1752,1357875.5,10595.1142578125,-912833.52586253,0.0003,2304,90842,92.37,157,363472,1.4734179973602295,117.07318878173828
1756,1326207.25,12895.9990234375,-913834.0665599001,0.0003,2306,90915,92.93,157,363764,-4.436858654022217,117.00968170166016
1760,1363705.25,13024.05078125,-918084.4886677602,0.0003,2307,90952,94.85,157,363912,-1.9539711475372314,116.98356628417969
1764,1333509.75,17812.720703125,-919024.07553593,0.0003,2309,91021,95.69,157,364188,-0.09628921747207642,117.2003173828125
1768,1363035.375,12636.9794921875,-905334.16727884,0.0003,2311,91080,95.47,157,364424,-3.328887939453125,117.4080581665039
1772,1352546.375,14962.2958984375,-909723.1374289101,0.0003,2312,91138,95.87,157,364656,-1.7820101976394653,117.7196273803711
1776,1334595.5,10497.2421875,-894326.4111023,0.0003,2314,91179,96.23,157,364820,2.7425801753997803,118.01548767089844
1780,1324798.25,18649.48828125,-867281.42288178,0.0003,2317,91332,94.7,157,365432,-1.8825920820236206,118.63346862792969
1784,1309504.5,14999.6005859375,-884378.0032617501,0.0003,2319,91383,96.79,157,365636,-1.4108483791351318,118.91619873046875
1788,1356470.375,12948.9287109375,-881270.4147063002,0.0003,2320,91431,96.65,157,365828,-1.0928974151611328,119.31731414794922
1792,1339819.5,10528.271484375,-792878.3756114302,0.0003,2321,91462,87.72,157,365952,0.604394793510437,119.5185546875
1796,1353362.375,16609.880859375,-593970.3859875901,0.0003,2323,91523,78.12,157,366196,-0.30793824791908264,119.67606353759766
1800,1325462.75,14351.349609375,-600833.89569867,0.0003,2324,91578,79.47,157,366416,1.0167007446289062,119.88539123535156
1804,1335001.0,17628.556640625,-542223.3658896601,0.0003,2327,91678,74.47,157,366816,1.727512240409851,119.75666809082031
1808,1336264.5,13690.0615234375,-447597.10738708,0.0003,2329,91746,65.08,157,367088,-0.8880122900009155,120.43297576904297
1812,1315238.25,12409.146484375,-466065.24249970005,0.0003,2331,91819,66.97,157,367380,-1.1844934225082397,121.31360626220703
1816,1333837.5,11301.5849609375,-476675.69234123,0.0003,2336,92010,68.48,157,368144,-0.7043764591217041,122.68228912353516
1820,1351310.0,9200.9326171875,-535249.9696786901,0.0003,2343,92282,76.36,157,369232,3.5408451557159424,125.1538314819336
1824,1338113.875,9087.48828125,-552221.21453693,0.0003,2347,92461,79.4,157,369948,1.2577216625213623,127.82587432861328
1828,1299894.625,8621.7529296875,-910523.3238373799,0.0003,2372,93461,117.25,157,373948,0.12303999066352844,129.97616577148438
1832,1306075.75,10410.8408203125,-1003926.4539202701,0.0003,2386,94016,133.69,157,376168,-1.3408641815185547,130.82223510742188
1836,1245879.625,7941.294921875,-1126708.63009401,0.0003,2406,94833,153.66,157,379436,-1.2886006832122803,132.5111541748047
1840,1259962.25,10157.1884765625,-1274349.0945425201,0.0003,2423,95527,184.4,157,382212,-0.07107731699943542,130.61859130859375
1844,1238538.125,10186.8662109375,-1370336.35264444,0.0003,2435,95983,205.25,157,384036,2.8967998027801514,129.3633575439453
1848,1238015.25,9616.9560546875,-1362367.47344231,0.0003,2445,96411,211.4,157,385748,-0.005650043487548828,129.18453979492188
1852,1230190.0,7014.9765625,-1369319.2261989699,0.0003,2456,96822,234.3,157,387392,1.387521505355835,129.71981811523438
1856,1197245.375,6942.36376953125,-1386237.4592354097,0.0003,2483,97822,264.38,157,391392,-0.11004865169525146,127.71035766601562
1860,1169610.5,6884.1474609375,-1469831.3115752102,0.0003,2507,98822,300.74,157,395392,4.131276607513428,127.17121887207031
1864,1149911.75,7136.83984375,-1718197.46955343,0.0003,2531,99822,338.0,157,399392,0.58672034740448,125.2763442993164
1868,1118495.25,6816.04345703125,-2000743.71654037,0.0003,2556,100822,375.4,157,403392,0.14855319261550903,121.14845275878906
1872,1105321.5,12325.830078125,-2246008.58447471,0.0003,2580,101822,413.95,157,407392,-1.0750153064727783,117.69937133789062
1876,1064806.375,6526.76123046875,-2464631.7188346297,0.0003,2603,102822,450.92,157,411392,0.9110726118087769,114.04529571533203
1880,1037694.75,8008.4794921875,-2701309.65301359,0.0003,2628,103822,487.88,158,415392,-1.2143601179122925,112.12641906738281
1884,1025730.25,10046.2265625,-2872578.7384258104,0.0003,2651,104822,524.75,158,419392,-0.13660788536071777,109.25895690917969
1888,1003688.9375,7827.0498046875,-3027437.54398681,0.0003,2676,105822,561.16,158,423392,-0.3207366168498993,107.53638458251953
1892,971836.75,6007.97314453125,-3201301.5625809394,0.0003,2700,106822,599.43,158,427392,0.5559560060501099,106.8464126586914
1896,959493.875,7776.82470703125,-3355909.3208243097,0.0003,2724,107822,637.65,158,431392,-0.3873007297515869,107.97380065917969
1900,939777.4375,9322.5517578125,-3504986.0232656505,0.0003,2749,108822,675.47,158,435392,0.3476216197013855,108.4633560180664
1904,918907.125,6204.43994140625,-3576415.52234582,0.0003,2773,109822,711.18,158,439392,-0.6791059970855713,110.63044738769531
1908,905032.625,7591.42822265625,-3602312.21888651,0.0003,2789,110508,740.69,158,442136,0.23266494274139404,111.4379653930664
1912,897744.9375,6029.44287109375,-3599645.2482436104,0.0003,2811,111424,766.86,158,445800,-1.781774640083313,112.07574462890625
1916,876972.9375,5920.46826171875,-3589353.0710658897,0.0003,2818,111690,785.24,158,446864,2.2445924282073975,112.54605102539062
1920,876887.75,7425.28515625,-3529992.6868367107,0.0003,2827,112036,788.92,158,448248,1.3789494037628174,111.14079284667969
1924,867813.375,8504.0712890625,-3513134.60173797,0.0003,2834,112321,800.66,158,449388,-1.2401235103607178,110.7654800415039
1928,835467.625,8217.03125,-3153296.50052503,0.0003,2856,113223,779.44,158,452996,1.611869215965271,114.36609649658203
1932,832674.5,7029.365234375,-3051952.5462653,0.0003,2857,113256,771.41,158,453128,0.12495297193527222,114.33802032470703
1936,853505.75,10085.955078125,-2824191.915503001,0.0003,2859,113321,750.54,158,453388,-1.6857157945632935,114.64910125732422
1940,849270.5,7215.54736328125,-2673407.37985951,0.0003,2864,113526,720.72,158,454208,-0.8523578643798828,115.09754943847656
1944,845884.9375,5852.6513671875,-2568551.55177977,0.0003,2867,113651,701.73,158,454708,0.027998149394989014,115.41972351074219
1948,820463.5,5548.2412109375,-2567386.30774861,0.0003,2883,114274,716.09,158,457200,1.5610616207122803,114.70022583007812
1952,818506.625,8534.1025390625,-2555136.21010898,0.0003,2891,114574,702.33,158,458400,-1.5324193239212036,115.00883483886719
1956,820353.5,6758.8486328125,-2535453.1903033797,0.0003,2894,114710,680.87,158,458944,1.0624539852142334,114.6493148803711
1960,819056.375,6972.3759765625,-2446985.15611362,0.0003,2909,115294,662.81,158,461280,0.5747860670089722,113.14596557617188
1964,786599.0,6464.22021484375,-2187766.8671913696,0.0003,2913,115444,630.54,158,461880,1.3805925846099854,113.16754913330078
1968,782701.0,6723.06591796875,-1906686.32538781,0.0003,2935,116305,610.98,158,465324,-0.11675161123275757,113.03730010986328
1972,787248.875,6624.26123046875,-1658977.6663414796,0.0003,2936,116345,581.48,158,465484,-0.036904871463775635,112.72624206542969
1976,757347.5,7830.57421875,-1439541.45990453,0.0003,2947,116781,561.76,158,467228,1.774753212928772,112.9801254272461
1980,769158.375,8991.0009765625,-1204809.2121408398,0.0003,2961,117359,541.05,158,469540,0.9238444566726685,111.56227111816406
1984,738140.5,6714.11376953125,-1073627.78103028,0.0003,2983,118286,531.22,158,473248,-4.933326244354248,111.21517181396484
1988,733926.3125,6988.49951171875,-972737.6378848399,0.0003,2997,118781,521.34,158,475228,-0.40539824962615967,112.17390441894531
1992,718233.25,8499.7451171875,-839899.7046620802,0.0003,3011,119358,492.06,158,477536,-0.20143437385559082,111.5510025024414
1996,705083.3125,6595.541015625,-728112.5531232199,0.0003,3012,119417,462.47,158,477772,2.373584270477295,111.33699798583984
2000,713295.75,6326.65478515625,-604248.35312322,0.0003,3014,119477,433.14,158,478012,-4.039286136627197,111.3255844116211
2004,681306.0625,5217.20361328125,-573403.65239508,0.0003,3036,120358,414.43,158,481536,-0.18378913402557373,108.1285171508789
2008,690036.625,5233.57861328125,-570424.54692517,0.0003,3040,120503,404.27,158,482116,0.21950554847717285,108.2375259399414
2012,688097.9375,6393.84375,-553378.46320445,0.0003,3041,120565,376.29,158,482364,0.6169452667236328,108.47752380371094
2016,684352.375,5417.6318359375,-549392.02631063,0.0003,3047,120781,365.99,158,483228,-0.41496312618255615,108.73552703857422
2020,690858.375,6490.0927734375,-544805.30299468,0.0003,3052,120958,354.79,158,483936,-0.31149598956108093,108.43951416015625
2024,684861.375,5159.24365234375,-539346.2802082599,0.0003,3055,121068,346.09,158,484376,-0.2760971188545227,108.28553009033203
2028,665652.375,5241.748046875,-531904.6272626,0.0003,3060,121274,334.99,158,485200,0.7270958423614502,108.38136291503906
2032,668601.5,6035.26123046875,-531494.4274427099,0.0003,3067,121526,340.07,158,486208,1.2647252082824707,108.74750518798828
2036,663544.5625,5221.0498046875,-531147.2669824499,0.0003,3076,121857,341.53,158,487532,-0.220148503780365,108.85282135009766
2040,665946.875,5115.94189453125,-531991.1511963899,0.0003,3082,122087,349.05,158,488452,0.7598497867584229,109.45121765136719
2044,676368.0625,5112.5087890625,-532749.8820584399,0.0003,3083,122141,351.51,158,488668,-1.0369114875793457,109.35230255126953
2048,661851.75,7016.27880859375,-529198.04372355,0.0003,3086,122240,329.31,158,489064,-0.35172730684280396,109.84255981445312
2052,659328.75,6030.05859375,-527816.61923561,0.0003,3092,122471,323.73,158,489988,-3.312871217727661,110.10459899902344
2056,653673.6875,7177.3046875,-526439.8260471199,0.0003,3096,122622,319.28,158,490592,-0.5479975342750549,110.06417846679688
2060,666105.8125,4908.93310546875,-518893.23005963996,0.0003,3100,122765,298.77,158,491164,-2.0279486179351807,109.60444641113281
2064,649627.6875,6020.86181640625,-516778.52596030995,0.0003,3104,122905,298.38,158,491724,-2.5157253742218018,110.17219543457031
2068,635077.3125,4839.0869140625,-505627.77381577,0.0003,3106,122983,279.65,158,492036,5.010621070861816,110.53659057617188
2072,650296.375,6961.1591796875,-506448.51630702004,0.0003,3107,123014,280.76,158,492160,-1.36195707321167,110.45392608642578
2076,649984.375,8267.6337890625,-497484.22800324,0.0003,3109,123083,261.68,158,492436,-3.2653582096099854,110.62190246582031
2080,639762.0625,5717.044921875,-486445.84548767,0.0003,3114,123311,247.54,158,493348,3.0070176124572754,110.97901153564453
2084,635793.375,4860.384765625,-429815.60375084996,0.0003,3118,123431,221.48,158,493828,-0.6738210320472717,110.53780364990234
2088,636433.9375,6045.4267578125,-352579.04912368,0.0003,3120,123499,192.49,158,494100,2.2084550857543945,110.67577362060547
2092,630507.75,4782.939453125,-304186.32085453,0.0003,3121,123570,187.32,158,494384,0.2637026309967041,110.7458267211914
2096,635429.875,4882.07666015625,-254802.12286065,0.0003,3125,123685,182.93,158,494844,-1.730838418006897,111.4754867553711
2100,617604.875,5808.21826171875,-223763.86776367002,0.0003,3144,124458,184.8,158,497936,2.4868292808532715,110.83025360107422
2104,613402.1875,5450.03466796875,-166831.53250438,0.0003,3147,124578,175.29,158,498416,2.798430919647217,110.54550170898438
2108,614466.375,4922.52392578125,-137922.039982,0.0003,3151,124698,165.08,158,498896,-0.09154492616653442,111.10222625732422
2112,597455.6875,4837.7255859375,-139238.52002609998,0.0003,3153,124801,165.49,158,499308,2.461332321166992,111.94435119628906
2116,621251.1875,4766.02197265625,-134486.96933429,0.0003,3157,124912,165.78,158,499752,0.9309275150299072,112.55453491210938
2120,604634.5,4855.9267578125,-134982.64367004,0.0003,3165,125228,172.46,158,501016,-1.5240511894226074,112.18272399902344
2124,602985.1875,4781.84130859375,-133240.91288259003,0.0003,3175,125651,176.79,158,502708,-0.13773423433303833,110.62401580810547
2128,593191.0,5652.83837890625,-136777.25973925,0.0003,3190,126252,195.39,158,505112,1.108703374862671,112.63936614990234
2132,592058.5625,4642.91943359375,-134345.47278707998,0.0003,3202,126749,190.85,158,507100,-1.028224229812622,111.14710235595703
2136,572297.25,4620.82177734375,-132156.05104501,0.0003,3205,126853,190.04,158,507516,-2.208264112472534,110.69076538085938
2140,584475.875,5150.17822265625,-131368.47934485,0.0003,3208,126950,181.44,158,507904,-1.9760627746582031,110.95784759521484
2144,574376.625,5503.58349609375,-129020.89907047,0.0003,3209,126994,185.72,158,508080,1.6592369079589844,111.04253387451172
2148,555264.0,5256.7373046875,-127506.44902048999,0.0003,3229,127807,203.94,158,511332,1.272701382637024,110.53748321533203
2152,565120.0625,7033.626953125,-126852.65470005,0.0003,3233,127979,210.07,158,512020,0.26720505952835083,111.31953430175781
2156,553769.25,5429.7783203125,-126242.19009427,0.0003,3234,128026,214.75,158,512208,-2.4969372749328613,111.7297592163086
2160,571430.25,5019.52587890625,-126243.4490223,0.0003,3236,128091,214.62,158,512468,-0.8585525751113892,111.49382781982422
2164,554853.5,4794.763671875,-126225.64772363001,0.0003,3241,128271,210.73,158,513188,-0.6382961869239807,110.52458190917969
2168,547850.3125,5149.9775390625,-124434.56486267,0.0003,3242,128309,210.05,158,513340,2.7611584663391113,110.37020874023438
2172,572266.25,6996.646484375,-123949.92750696,0.0003,3246,128432,209.47,158,513832,-2.2470293045043945,110.42459869384766
2176,545017.5,5053.30712890625,-123590.92224769,0.0003,3248,128512,209.07,158,514152,-0.8380956053733826,110.4251708984375
2180,532103.75,5847.01904296875,-121909.36933896001,0.0003,3251,128618,204.98,158,514576,0.6452549695968628,110.20477294921875
2184,540934.875,5063.58837890625,-123365.87276912,0.0003,3259,128915,217.02,158,515764,-0.1585996150970459,109.51318359375
2188,553108.875,5209.7958984375,-123637.11871995,0.0003,3262,129050,217.67,158,516304,1.0143996477127075,110.0114974975586
2192,531882.5625,5276.51708984375,-121885.22488087002,0.0003,3265,129151,213.13,158,516708,2.8146142959594727,110.9361572265625
2196,531682.75,4881.685546875,-120669.17441360999,0.0003,3270,129312,217.69,158,517352,0.7825495004653931,111.23124694824219
2200,536050.0,4987.015625,-118843.93126744,0.0003,3271,129370,207.41,158,517584,0.614944577217102,110.9535140991211
2204,540385.0625,6806.5107421875,-118861.35528709002,0.0003,3273,129434,197.73,158,517840,1.4037551879882812,110.88226318359375
2208,523966.8125,6030.06884765625,-117853.40897363001,0.0003,3275,129519,188.43,158,518180,2.1404547691345215,110.48684692382812
2212,518359.84375,5482.28564453125,-116397.11217640001,0.0003,3280,129681,197.76,158,518828,0.2570607662200928,110.34400939941406
2216,521929.03125,4246.4140625,-115720.73539083,0.0003,3287,129954,198.49,158,519920,1.2766363620758057,108.58403778076172
2220,518934.5625,5229.0849609375,-114760.8768496,0.0003,3289,130036,191.06,158,520248,1.9944279193878174,108.52440643310547
2224,516991.90625,5089.39306640625,-113644.79240294,0.0003,3301,130519,199.52,158,522180,-0.04013890027999878,108.94161987304688
2228,513812.6875,5164.3828125,-109303.8806428,0.0003,3315,131075,195.06,158,524404,-1.7353869676589966,109.35819244384766
2232,509203.625,4868.6455078125,-110955.89573250999,0.0003,3324,131427,187.71,158,525812,0.7872605323791504,108.6063003540039
2236,494174.3125,5477.50439453125,-112163.36449066,0.0003,3328,131584,198.02,158,526440,-0.36356091499328613,108.19820404052734
2240,475879.875,4727.53662109375,-112707.11913701001,0.0003,3353,132582,227.25,158,530432,-2.587623119354248,106.64098358154297
2244,485390.0625,4141.4384765625,-112855.4711434,0.0003,3353,132603,227.17,158,530516,0.4152665138244629,106.75398254394531
2248,470585.125,5514.11767578125,-113274.97432496,0.0003,3363,132981,217.72,158,532028,-0.4241652488708496,106.38972473144531
2252,475160.75,4746.50390625,-113074.67693231,0.0003,3366,133093,207.76,158,532476,1.1243199110031128,105.83708953857422
2256,456613.6875,3902.196533203125,-112370.94897621003,0.0003,3380,133662,227.25,158,534752,2.636059522628784,106.1063232421875
2260,448455.4375,4007.031494140625,-112057.08054905,0.0003,3404,134602,246.67,158,538512,-2.8624110221862793,103.28633117675781
2264,435396.0625,4031.20263671875,-110648.45201354,0.0003,3428,135602,283.22,158,542512,-1.7545921802520752,100.90665435791016
2268,420873.625,4724.39453125,-110800.03947160002,0.0003,3453,136602,312.39,158,546512,-2.0139713287353516,99.95990753173828
2272,412808.375,5414.14404296875,-110324.13766413,0.0003,3478,137602,351.16,158,550512,-1.2395139932632446,97.79541015625
2276,400715.0,3671.515380859375,-110715.13766413,0.0003,3503,138602,390.36,158,554512,-2.4832377433776855,95.14493560791016
2280,385925.375,4052.439208984375,-110313.52085212001,0.0003,3529,139602,429.3,158,558512,-0.9510942101478577,92.84465026855469
2284,366324.90625,3929.656982421875,-107091.79026934001,0.0003,3553,140602,453.15,158,562512,1.6513252258300781,90.85478973388672
2288,359748.34375,3937.7041015625,-106306.34209112,0.0003,3568,141152,486.27,158,564712,1.1051740646362305,90.09446716308594
2292,336011.1875,3442.414794921875,-105970.39742211,0.0003,3594,142152,525.26,158,568712,-0.649107038974762,88.67514038085938
2296,338673.0625,3461.14404296875,-106172.83987048999,0.0003,3617,143093,547.21,158,572476,2.5991530418395996,88.08728790283203
2300,320551.59375,3746.13525390625,-107376.83811363998,0.0003,3637,143870,587.73,158,575584,2.1213488578796387,87.34992218017578
2304,303897.0625,3827.372314453125,-107558.32656776,0.0003,3659,144752,604.86,158,579112,3.512138843536377,85.37570190429688
2308,319016.28125,3874.17578125,-107368.97585925,0.0003,3670,145174,634.33,158,580800,-0.6885972023010254,84.19166564941406
2312,313475.6875,3376.194091796875,-107715.67633310001,0.0003,3694,146174,663.7,158,584800,2.665781021118164,81.30101776123047
2316,298235.0625,4427.76416015625,-106685.84396056,0.0003,3717,147097,681.43,158,588492,-0.9292613863945007,80.42463684082031
2320,277912.25,4152.49169921875,-106511.68782514002,0.0003,3738,147947,713.76,158,591892,-0.2329188585281372,79.22425842285156
2324,275249.0,3686.40185546875,-106706.51439292003,0.0003,3760,148786,729.63,158,595248,-0.11727821826934814,77.57804870605469
2328,268757.03125,3804.065673828125,-106196.26104198002,0.0003,3787,149786,747.81,158,599248,-0.13095974922180176,75.99337005615234
2332,255563.40625,3399.8544921875,-104315.92308637999,0.0003,3807,150573,774.72,158,602396,2.9865612983703613,75.2675552368164
2336,256311.15625,3413.45263671875,-103499.08212487,0.0003,3833,151573,793.37,158,606396,1.8269240856170654,71.92269897460938
2340,256952.625,3371.0791015625,-103551.51466056998,0.0003,3858,152573,801.17,158,610396,-0.785366952419281,71.3681869506836
2344,244971.875,4362.58837890625,-103989.27948381,0.0003,3886,153573,830.59,158,614396,-1.8472555875778198,69.65614318847656
2348,231945.765625,3220.92431640625,-104655.89796062,0.0003,3912,154573,859.6,158,618396,1.9060888290405273,67.74264526367188
2352,222169.21875,3150.295166015625,-104265.32463608001,0.0003,3938,155573,898.48,158,622396,-0.13871502876281738,67.03695678710938
2356,222321.1875,3132.73681640625,-104665.07872774999,0.0003,3965,156573,908.28,157,626396,-1.5079739093780518,67.77967071533203
2360,209400.09375,2766.140869140625,-105201.28926117999,0.0003,3992,157573,927.56,157,630396,-1.5268993377685547,68.31547546386719
2364,193646.515625,2611.00537109375,-105978.61909536,0.0003,4018,158573,927.56,157,634396,2.0193538665771484,69.17091369628906
2368,191325.15625,2790.8076171875,-106335.91909536,0.0003,4045,159573,927.56,157,638396,1.472100019454956,68.93557739257812
2372,192783.28125,2900.653076171875,-106431.31909536,0.0003,4071,160573,927.56,157,642396,-1.5269124507904053,67.73108673095703
2376,199125.703125,3561.70458984375,-105710.41909536,0.0003,4098,161573,927.56,157,646396,-2.1040663719177246,67.20783996582031
2380,184757.609375,2684.8251953125,-105344.11909536,0.0003,4124,162573,927.56,157,650396,-0.8274264335632324,66.74861145019531
2384,169471.0,2657.69384765625,-105043.51909536001,0.0003,4149,163573,927.56,157,654396,-0.8813740015029907,64.40422821044922
2388,168659.59375,2742.7353515625,-104062.71909536001,0.0003,4177,164573,932.66,157,658396,1.0219087600708008,62.50128936767578
2392,157015.28125,2550.364013671875,-103134.81909536,0.0003,4205,165573,932.66,157,662396,3.181718349456787,61.57035827636719
2396,155030.65625,2589.16748046875,-101105.47599743,0.0003,4232,166573,940.13,157,666396,2.6859450340270996,58.35132598876953
2400,147775.6875,2504.1162109375,-98079.15211501,0.0003,4255,167432,937.05,157,669832,3.0447919368743896,59.071083068847656
2404,157445.546875,2596.479248046875,-96392.34319866,0.0003,4284,168432,951.29,157,673832,-3.9905734062194824,57.25237274169922
2408,146903.1875,2556.6455078125,-97829.33079792,0.0003,4304,169174,952.9,157,676800,0.07113230228424072,56.76572799682617
2412,147448.9375,2578.140625,-97697.98378801001,0.0003,4315,169540,929.09,157,678264,0.0193173885345459,57.153663635253906
2416,145662.703125,2706.661376953125,-99254.17581054999,0.0003,4336,170294,922.1,157,681280,0.8419032096862793,56.298492431640625
2420,143274.40625,2639.489013671875,-102899.92493778,0.0003,4346,170639,911.15,157,682660,0.506290078163147,55.8353157043457
2424,138418.25,2545.068359375,-108720.51903695,0.0003,4368,171488,909.95,157,686056,0.6742595434188843,55.36726379394531
2428,135053.078125,2744.41015625,-115355.01714716999,0.0003,4380,171908,886.34,157,687736,1.5039739608764648,55.63105773925781
2432,128559.15625,2674.07958984375,-119296.75005625002,0.0003,4397,172549,881.65,156,690300,-0.7543675899505615,54.668800354003906
2436,130678.8671875,2451.279541015625,-130544.28191231,0.0003,4423,173549,877.77,156,694300,2.2748823165893555,54.42216873168945
2440,135126.75,2409.02392578125,-133323.92462088997,0.0003,4432,173872,853.0,156,695592,1.5482304096221924,54.0187873840332
2444,132282.09375,2437.111572265625,-136179.30832633,0.0003,4447,174450,836.4,156,697904,-2.9348599910736084,53.43539810180664
2448,126017.8203125,2434.9306640625,-136777.25830398,0.0003,4463,175019,825.52,156,700180,-0.5479004383087158,52.789363861083984
2452,117185.078125,2923.138671875,-137249.9449508,0.0003,4490,176019,818.82,156,704180,0.450425922870636,51.73940658569336
2456,116838.109375,2393.415283203125,-135041.33151818,0.0003,4516,177019,818.82,156,708180,2.9168622493743896,51.984107971191406
2460,121237.21875,2295.37255859375,-132433.81791203,0.0003,4542,178019,818.82,156,712180,0.9252283573150635,51.70960998535156
2464,118189.203125,2349.291259765625,-129546.86672507999,0.0003,4568,179019,818.82,156,716180,-0.9966421723365784,50.76319122314453
2468,113416.78125,2487.283447265625,-127042.62853679,0.0003,4595,180019,818.82,156,720180,0.5614456534385681,50.066768646240234
2472,108395.1171875,2245.127685546875,-124960.92853679002,0.0003,4620,181019,818.82,156,724180,-1.0741819143295288,49.38447189331055
2476,106474.2890625,2250.2978515625,-123402.60070613,0.0003,4647,182019,818.82,156,728180,1.006232500076294,48.354400634765625
2480,100197.7109375,2156.34375,-121810.85709467,0.0003,4674,183019,818.82,156,732180,1.9615130424499512,47.780433654785156
2484,102639.171875,2128.7294921875,-120620.32001725999,0.0003,4700,184019,818.82,156,736180,0.01445549726486206,46.4881706237793
2488,102961.828125,2266.3134765625,-120029.02001726,0.0003,4726,185019,818.82,156,740180,0.22826212644577026,46.52560043334961
2492,97741.1875,2478.876220703125,-120156.82001725999,0.0003,4752,186019,818.82,156,744180,1.1202328205108643,46.23854064941406
2496,100645.5,2077.458984375,-121160.42066681,0.0003,4778,187019,818.82,156,748180,-0.9445306062698364,45.17929458618164
2500,105169.5625,2087.790771484375,-122040.94454923,0.0003,4805,188019,826.68,156,752180,-2.3749654293060303,45.091148376464844
2504,92605.671875,2037.83349609375,-121339.45346558001,0.0003,4831,189019,826.68,156,756180,1.255455493927002,46.05104064941406
2508,89654.25,1985.59130859375,-118457.86586632,0.0003,4857,190019,834.3,156,760180,-2.670893430709839,47.76527786254883
2512,87111.375,2112.527099609375,-116479.47648568,0.0003,4882,191019,858.11,156,764180,1.0023980140686035,47.366294860839844
2516,79900.8125,2039.5286865234375,-113157.33510363002,0.0003,4908,192019,874.76,156,768180,1.1633931398391724,47.14543151855469
2520,83754.1875,2038.5572509765625,-107639.04098139,0.0003,4933,193019,892.36,156,772180,-0.7873580455780029,46.330055236816406
2524,82481.3359375,2494.174072265625,-99786.54507337,0.0003,4957,194019,897.3,156,776180,-1.0003894567489624,45.57904052734375
2528,76656.171875,1898.319580078125,-91152.63561256001,0.0003,4983,195019,920.91,156,780180,0.5438575148582458,44.058807373046875
2532,74911.375,2137.9248046875,-85366.80823355001,0.0003,5008,196019,935.17,156,784180,1.043971061706543,43.34523010253906
2536,82399.9453125,2012.5823974609375,-71792.51205293999,0.0003,5034,197019,939.05,156,788180,-3.2576332092285156,41.91379165649414
2540,68201.6875,2041.9813232421875,-66029.54185276,0.0003,5060,198019,965.82,156,792180,5.005064010620117,40.61186599731445
2544,66534.109375,1927.745849609375,-60569.36567492999,0.0003,5085,199019,982.42,156,796180,3.253265380859375,39.8011589050293
2548,68422.09375,2314.634033203125,-57240.73106386,0.0003,5110,200019,993.3,156,800180,1.7724238634109497,39.49336242675781
2552,68668.5859375,2249.1796875,-55417.244417040005,0.0003,5137,201019,1000.0,156,804180,-0.1441250443458557,38.66468048095703
2556,64951.390625,1891.240966796875,-57231.85498899001,0.0003,5163,202019,1000.0,156,808180,3.0128207206726074,37.25705337524414
2560,69765.34375,1851.9334716796875,-61258.88142051,0.0003,5188,203019,1000.0,156,812180,-0.9958813190460205,37.11750030517578
2564,63231.359375,2013.41650390625,-66960.25235113,0.0003,5213,204019,1000.0,156,816180,-0.2502046525478363,36.890357971191406
2568,58939.6875,1748.4674072265625,-74548.93412503,0.0003,5238,205019,997.55,156,820180,2.7587051391601562,36.063987731933594
2572,60715.09375,1803.0712890625,-83467.58412957001,0.0003,5264,206019,997.55,156,824180,1.1338906288146973,36.592926025390625
2576,64465.0,1894.714599609375,-90212.14294661999,0.0003,5289,207019,997.55,156,828180,-2.103116512298584,37.84138488769531
2580,55550.828125,1884.8212890625,-91560.79497618001,0.0003,5313,208019,997.55,156,832180,-1.7927165031433105,37.02639389038086
2584,55295.0703125,1894.5380859375,-91304.76846337,0.0003,5338,209019,997.55,156,836180,1.1031622886657715,36.730281829833984
2588,50315.45703125,2083.98486328125,-90689.00428561999,0.0003,5363,210019,997.55,156,840180,1.4445072412490845,36.28230285644531
2592,55159.43359375,1872.1883544921875,-89717.62139854001,0.0003,5388,211019,997.55,156,844180,1.1372376680374146,36.1390495300293
2596,49418.109375,1986.5455322265625,-88434.7793099,0.0003,5412,212019,997.55,156,848180,0.736244797706604,34.508243560791016
2600,55112.5078125,1857.3343505859375,-86863.86434536,0.0003,5438,213019,997.55,156,852180,-2.0617406368255615,33.6127815246582
2604,53877.953125,1755.5943603515625,-85593.6232113,0.0003,5462,214019,997.55,156,856180,-0.9828768968582153,32.390594482421875
2608,43354.41015625,1626.3858642578125,-84399.35877384999,0.0003,5487,215019,997.55,156,860180,-0.11988991498947144,31.98710823059082
2612,50131.2734375,1794.552490234375,-83734.52639195001,0.0003,5511,216019,997.55,156,864180,-1.3600155115127563,31.74420738220215
2616,40821.4375,1756.8350830078125,-82903.33922472998,0.0003,5536,217019,997.55,156,868180,3.8432068824768066,31.3703670501709
2620,37511.1875,1544.2222900390625,-82145.76315956,0.0003,5561,218019,997.55,156,872180,5.067674160003662,31.423717498779297
2624,44948.4453125,1692.7503662109375,-81186.29098672,0.0003,5586,219019,997.55,156,876180,-0.6499084830284119,31.271907806396484
2628,45962.7890625,1753.2398681640625,-80438.25765112,0.0003,5611,220019,997.55,156,880180,1.5614495277404785,30.85429573059082
2632,44376.7109375,1550.6024169921875,-79856.13519908,0.0003,5636,221019,997.55,156,884180,3.526554584503174,30.812856674194336
2636,37936.4453125,1871.0369873046875,-79314.08598845001,0.0003,5660,222019,997.55,156,888180,1.731406331062317,31.226215362548828
2640,44377.3515625,1647.527099609375,-78955.32803825001,0.0003,5685,223019,997.55,156,892180,0.36749494075775146,31.104883193969727
2644,40664.46484375,1695.0018310546875,-79008.54312383,0.0003,5710,224019,997.55,156,896180,-1.3014248609542847,32.31597137451172
2648,42205.5625,1645.4869384765625,-79211.86087214,0.0003,5734,225019,997.55,156,900180,-0.7869011163711548,31.748483657836914
2652,32937.171875,1530.263671875,-79041.20904624,0.0003,5759,226019,997.55,156,904180,-0.32122182846069336,30.725339889526367
2656,43314.9140625,2549.275146484375,-76980.27203831001,0.0003,5783,227019,997.55,157,908180,-2.271678924560547,29.960289001464844
2660,38353.9765625,2535.584716796875,-72545.95921294,0.0003,5807,228019,997.55,157,912180,0.3411831557750702,29.313039779663086
2664,40038.390625,1650.9365234375,-66336.76501886,0.0003,5832,229019,997.55,157,916180,-4.43521785736084,28.672210693359375
2668,32545.8671875,1762.4730224609375,-58990.8300701,0.0003,5852,229870,996.33,157,919584,1.6700263023376465,28.349597930908203
2672,39762.890625,1754.94677734375,-50139.77002297,0.0003,5876,230846,987.05,157,923488,-1.2601336240768433,28.424560546875
2676,32542.962890625,1702.4669189453125,-43423.31890486999,0.0003,5900,231841,981.31,157,927468,0.26942598819732666,28.009370803833008
2680,34125.92578125,1549.3328857421875,-41472.608822379996,0.0003,5925,232841,981.31,157,931468,-0.8172153234481812,27.698650360107422
2684,34964.34765625,1730.8509521484375,-41944.00548552999,0.0003,5929,233019,972.62,157,932180,3.3282523155212402,27.65378189086914
2688,33101.4453125,1851.103271484375,-42788.45459372999,0.0003,5952,233942,953.63,157,935872,0.8880983591079712,27.68064308166504
2692,36883.859375,1720.0128173828125,-42425.167183339996,0.0003,5976,234942,953.63,157,939872,-1.431553840637207,26.44527816772461
2696,27401.599609375,1528.9776611328125,-42519.774104979995,0.0003,6001,235942,953.63,157,943872,1.572057843208313,25.954601287841797
2700,30908.513671875,1826.24658203125,-44025.33906521,0.0003,6017,236577,939.21,157,946412,0.8269692659378052,25.40958023071289
2704,28994.2109375,1541.65625,-46260.00138801001,0.0003,6029,237040,928.33,157,948264,0.0840674340724945,25.069446563720703
2708,37164.578125,1710.3502197265625,-50331.29209887999,0.0003,6048,237832,913.03,157,951432,-0.4802054166793823,25.025745391845703
2712,35371.48828125,1887.8826904296875,-53331.38208957,0.0003,6057,238187,896.58,157,952852,0.2394465208053589,24.844928741455078
2716,34088.40234375,1610.6119384765625,-56103.219866550004,0.0003,6062,238375,863.86,157,953604,1.2397935390472412,24.84437370300293
2720,29447.08984375,1598.599609375,-59381.270775389996,0.0003,6065,238488,832.78,157,954056,0.8925815224647522,24.814956665039062
2724,32357.96875,1584.6119384765625,-62118.89776244999,0.0003,6081,239084,800.96,157,956440,0.22297132015228271,24.352073669433594
2728,39953.61328125,1895.323974609375,-65644.61364872,0.0003,6088,239375,781.52,157,957604,-2.604508399963379,23.863815307617188
2732,36242.296875,1666.66357421875,-68116.72250921,0.0003,6101,239921,759.63,157,959788,-1.031795859336853,23.312055587768555
2736,38850.6953125,1732.3994140625,-70886.75578535999,0.0003,6110,240265,724.87,157,961164,-2.4934113025665283,23.096628189086914
2740,34882.828125,1528.3924560546875,-72331.92475992999,0.0003,6115,240442,709.35,157,961872,1.0836262702941895,23.002206802368164
2744,32806.8203125,1577.7982177734375,-73776.76149371,0.0003,6134,241265,686.19,157,965164,-0.9487336277961731,23.217466354370117
2748,37427.0546875,1857.1552734375,-74584.42837882,0.0003,6147,241788,676.65,157,967256,1.3999898433685303,23.408235549926758
2752,34915.3125,1577.3558349609375,-76641.93646826,0.0003,6161,242357,660.9,157,969532,0.5050497055053711,23.424592971801758
2756,33966.546875,1819.017333984375,-78449.33812242998,0.0003,6175,242895,637.14,157,971684,0.6199889183044434,23.43328285217285
2760,36432.9453125,1960.160888671875,-82468.05074179999,0.0003,6191,243575,622.6,157,974404,0.02989700436592102,23.306840896606445
2764,34093.3671875,1702.16357421875,-84757.00234308,0.0003,6211,244357,611.67,157,977532,0.8727023005485535,22.821117401123047
2768,34702.7734375,1617.5224609375,-86691.69310836999,0.0003,6222,244825,596.93,157,979404,3.7802810668945312,22.735960006713867
2772,33431.0078125,1640.490234375,-89033.95438608002,0.0003,6230,245162,585.28,157,980752,-0.5282763838768005,22.518028259277344
2776,35119.58984375,1838.3287353515625,-92728.66470966,0.0003,6248,245873,572.81,157,983596,-1.9720823764801025,21.905773162841797
2780,35358.04296875,1871.5965576171875,-97130.22406412002,0.0003,6260,246381,553.53,157,985628,-0.20677626132965088,22.02139663696289
2784,33197.26953125,1928.8739013671875,-98565.79372674,0.0003,6268,246674,539.15,157,986800,-2.1013295650482178,21.739105224609375
2788,34957.296875,1657.403564453125,-100159.14942822,0.0003,6272,246810,528.85,157,987344,2.805386543273926,21.5042781829834
2792,33570.10546875,1541.3917236328125,-102783.19415747,0.0003,6279,247069,496.63,157,988380,4.254080295562744,21.393491744995117
2796,36689.015625,2147.3447265625,-105189.28881279999,0.0003,6287,247390,469.53,157,989664,-1.0848441123962402,21.581506729125977
2800,29149.416015625,1828.0950927734375,-106366.62325027998,0.0003,6288,247432,452.88,157,989832,0.4998815059661865,21.651575088500977
2804,40267.90625,1868.1204833984375,-106615.28508977,0.0003,6290,247515,426.08,157,990164,-4.551736831665039,21.76329231262207
2808,30765.634765625,1720.3426513671875,-105018.89726843999,0.0003,6291,247545,402.9,157,990284,1.8825809955596924,21.767948150634766
2812,33926.83984375,1584.6802978515625,-104321.76699656999,0.0003,6294,247639,381.01,157,990660,4.274242401123047,21.73863983154297
2816,36713.5625,1905.0369873046875,-104047.22117483002,0.0003,6299,247815,380.56,157,991364,-0.37460756301879883,21.601469039916992
2820,40134.46875,1869.000244140625,-103872.84636132,0.0003,6310,248280,384.1,157,993224,-3.2552835941314697,21.14094352722168
2824,40448.6953125,1733.214111328125,-103161.14318537999,0.0003,6335,249280,407.69,157,997224,-3.7431836128234863,21.460689544677734
