train/policy_loss,time/iterations,time/total_timesteps,train/entropy_loss,train/value_loss,time/time_elapsed,rollout/ep_rew_mean,time/fps,train/learning_rate,train/explained_variance,rollout/ep_len_mean,train/n_updates,train/std
-1.3949259519577026,100,8000,-8.82822322845459,0.5060685276985168,29,-85131.0913825625,272,0.00244,0.8039969205856323,174.9375,99,1.055057168006897
-0.34927424788475037,,10000,-9.008453369140625,0.0017304009525105357,36,-78183.61985235897,276,0.00244,0.1855596899986267,239.05128205128204,124,1.089787244796753
0.3084155023097992,200,16000,-10.021231651306152,0.0013881881022825837,56,-70567.49827822727,283,0.00244,-1.3622300624847412,313.3863636363636,199,1.2888373136520386
0.6347727179527283,,20000,-10.640089988708496,0.004068333189934492,69,-63961.71717170833,285,0.00244,-0.03514719009399414,370.6041666666667,249,1.429856777191162
0.717677116394043,300,24000,-11.155291557312012,0.004793164785951376,83,-58372.8831585,287,0.00244,-0.029155492782592773,419.0192307692308,299,1.558716058731079
0.30291450023651123,,30000,-11.959940910339355,0.0007702577277086675,103,-51726.35121708197,288,0.00244,-0.4228498935699463,481.9016393442623,374,1.7822229862213135
-0.455219566822052,400,32000,-12.23995590209961,0.0015851211501285434,110,-51726.35121708197,289,0.00244,0.011880815029144287,481.9016393442623,399,1.8677985668182373
0.17885665595531464,,40000,-13.275439262390137,0.00020474505436141044,137,-48012.08228113889,289,0.00244,0.1517435908317566,531.0694444444445,499,2.220705032348633
,500,40000,,,137,-48012.08228113889,289,,,531.0694444444445,,
6.8141655921936035,600,48000,-13.801547050476074,1.0014734268188477,163,-53679.451980519996,293,0.00244,0.7421581745147705,473.11,599,2.425529956817627
-157781.328125,,50000,-13.799040794372559,705464960.0,169,-52765.61864719,294,0.00244,8.07642936706543e-05,480.66,624,2.4199609756469727
1.6419273614883423,700,56000,-13.815829277038574,0.5099995732307434,188,-55484.061547640005,297,0.00244,0.3152947425842285,448.74,699,2.4298300743103027
0.7922127842903137,,60000,-13.919283866882324,0.6486399173736572,200,-57951.32583335,298,0.00244,-0.24163448810577393,428.74,749,2.4693100452423096
0.6758069396018982,800,64000,-14.190635681152344,0.7262044548988342,214,-59835.415833349995,298,0.00244,0.004159688949584961,418.0,799,2.592825412750244
-7.723001003265381,,70000,-14.340499877929688,12.051569938659668,234,-63418.05333335,297,0.00244,0.08628350496292114,396.1,874,2.651562213897705
-1.1278488636016846,900,72000,-14.421821594238281,0.5508083701133728,241,-62229.83083334999,297,0.00244,0.0,403.94,899,2.685748815536499
0.18615613877773285,,80000,-14.636305809020996,0.5477100610733032,269,-62742.67583334999,297,0.00244,0.0,404.63,999,2.7732081413269043
,1000,80000,,,269,-62742.67583334999,297,,,404.63,,
0.6446213722229004,1100,88000,-14.859962463378906,1.063260793685913,295,-61965.343928580005,297,0.00244,3.933906555175781e-06,404.63,1099,2.9104557037353516
1860.39453125,,90000,-14.954055786132812,1250818.875,302,-61085.298549800005,297,0.00244,-5.960464477539062e-07,415.12,1124,2.940296173095703
12641.236328125,1200,96000,-14.977401733398438,6155217.5,323,-59351.66158731,296,0.00244,8.940696716308594e-07,420.76,1199,2.953620672225952
0.6888565421104431,,100000,-15.009056091308594,0.44142743945121765,335,-58785.39181458,298,0.00244,0.6961007118225098,441.6,1249,2.968050479888916
-88312.0859375,1300,104000,-15.0640230178833,492128992.0,349,-58809.81752886999,297,0.00244,9.655952453613281e-06,448.55,1299,2.997812271118164
10952.7568359375,,110000,-15.116004943847656,5657009.5,369,-60389.40396826,297,0.00244,0.0004935264587402344,426.59,1374,3.023803472518921
41163.0078125,1400,112000,-15.146573066711426,21766738.0,375,-63263.73977633999,298,0.00244,-0.00014579296112060547,405.63,1399,3.040830612182617
-1.9875401258468628,,120000,-15.240692138671875,0.737583339214325,399,-68204.14113996999,300,0.00244,0.02886587381362915,360.3,1499,3.0871970653533936
,1500,120000,,,399,-68204.14113996999,300,,,360.3,,
-143598.4375,1600,128000,-15.398797988891602,650428224.0,423,-68030.51211398999,301,0.00244,1.2636184692382812e-05,387.17,1599,3.169174909591675
2.111321210861206,,130000,-15.423418045043945,0.10466404259204865,429,-65939.1347114,302,0.00244,0.3737388253211975,396.81,1624,3.186511754989624
-0.5332673192024231,1700,136000,-15.620676040649414,0.11688776314258575,447,-65470.851576479996,303,0.00244,0.8836069703102112,429.85,1699,3.3006083965301514
-5.519710063934326,,140000,-15.688448905944824,0.9616231322288513,460,-60910.3825505,304,0.00244,0.30808383226394653,467.65,1749,3.3326728343963623
-8.776895523071289,1800,144000,-15.772976875305176,1.8435440063476562,471,-58432.765075749994,305,0.00244,-0.25822603702545166,489.45,1799,3.376955032348633
33.74831008911133,,150000,-15.964981079101562,5.216479778289795,491,-68536.38272727,305,0.00244,0.3076527714729309,390.02,1874,3.4904582500457764
-129217.265625,1900,152000,-15.9984712600708,593117824.0,498,-73096.70580809,305,0.00244,-1.1444091796875e-05,349.35,1899,3.506944417953491
-209.7423858642578,,160000,-16.1385440826416,903.3709106445312,522,-79479.77090188001,306,0.00244,-0.05266571044921875,234.06,1999,3.5845251083374023
,2000,160000,,,522,-79479.77090188001,306,,,234.06,,
17703.259765625,2100,168000,-16.341949462890625,6815248.0,546,-80276.94226191001,307,0.00244,-2.1219253540039062e-05,234.62,2099,3.7109627723693848
-1.4016443490982056,,170000,-16.441999435424805,0.019992057234048843,552,-80279.32976191,307,0.00244,-1.5252130031585693,236.67,2124,3.779639720916748
-111430.953125,2200,176000,-16.558664321899414,532332768.0,570,-73323.15746393,308,0.00244,-1.430511474609375e-06,287.24,2199,3.855044364929199
-230.3054962158203,,180000,-16.534528732299805,893.9892578125,582,-73035.25135281001,309,0.00244,0.006667971611022949,301.72,2249,3.8425261974334717
-108552.1640625,2300,184000,-16.50422477722168,600094208.0,595,-72733.02829726,308,0.00244,-9.5367431640625e-07,300.98,2299,3.828380584716797
-170190.546875,,190000,-16.54680633544922,708257472.0,615,-75026.15946607999,308,0.00244,-8.344650268554688e-07,290.45,2374,3.8517942428588867
-184535.109375,2400,192000,-16.543411254882812,907179200.0,621,-76109.29791846,309,0.00244,-7.152557373046875e-07,271.33,2399,3.853806495666504
-18.751676559448242,,200000,-16.61174774169922,1.9513294696807861,647,-84839.36506494001,309,0.00244,-0.575398325920105,198.04,2499,3.8991315364837646
,2500,200000,,,647,-84839.36506494001,309,,,198.04,,
-0.7524858117103577,2600,208000,-16.642845153808594,0.7626667618751526,671,-84551.13774891,309,0.00244,0.3688681721687317,211.08,2599,3.9187793731689453
17228.087890625,,210000,-16.694259643554688,6871833.0,678,-84253.95290042,309,0.00244,-6.520748138427734e-05,213.75,2624,3.9502201080322266
-140020.578125,2700,216000,-16.663166046142578,593127872.0,696,-81579.33319985,310,0.00244,3.248453140258789e-05,237.02,2699,3.919001340866089
11.414791107177734,,220000,-16.68416404724121,2.975036144256592,709,-78501.65805193,310,0.00244,0.1804959774017334,244.21,2749,3.943413496017456
15050.642578125,2800,224000,-16.604642868041992,6448796.0,721,-76345.84946969,310,0.00244,-0.0003955364227294922,249.21,2799,3.8842382431030273
-19.4432315826416,,230000,-16.632160186767578,3.432607412338257,740,-73998.81192641001,310,0.00244,0.3585812449455261,268.88,2874,3.9132814407348633
9335.91796875,2900,232000,-16.614273071289062,4890032.0,745,-72806.53872295002,311,0.00244,-0.0001270771026611328,280.41,2899,3.8935909271240234
30117.87890625,,240000,-16.6406307220459,12676885.0,768,-69945.91442280999,312,0.00244,4.023313522338867e-05,305.15,2999,3.917194366455078
,3000,240000,,,768,-69945.91442280999,312,,,305.15,,
11029.939453125,3100,248000,-16.768705368041992,5326523.5,791,-67889.69579726999,313,0.00244,-0.0005588531494140625,339.65,3099,4.001132011413574
0.4872882068157196,,250000,-16.804662704467773,0.07303930819034576,798,-67793.53607505,313,0.00244,1.1920928955078125e-07,334.95,3124,4.030073642730713
-0.13829992711544037,3200,256000,-17.206693649291992,0.00032895541517063975,817,-64937.16415587001,313,0.00244,-9.9529390335083,374.19,3199,4.3093156814575195
-185287.25,,260000,-17.499601364135742,682931968.0,830,-61960.905818930005,313,0.00244,4.76837158203125e-07,403.39,3249,4.514401435852051
-27.978036880493164,3300,264000,-17.8602294921875,42.287010192871094,841,-58670.38834418,313,0.00244,-4.2438507080078125e-05,429.16,3299,4.792973518371582
-0.3866081237792969,,270000,-18.51211929321289,0.0007706402102485299,859,-56690.83548703,314,0.00244,0.189189612865448,461.06,3374,5.360988616943359
-27.3881778717041,3400,272000,-18.621540069580078,42.317813873291016,865,-53500.29548703,314,0.00244,0.0007248520851135254,491.55,3399,5.456580638885498
-0.005202047061175108,,280000,-19.11640739440918,8.959465702673697e-08,889,-50661.385764800005,314,0.00244,0.07868170738220215,514.61,3499,5.9134063720703125
,3500,280000,,,889,-50661.385764800005,314,,,514.61,,
37935.8046875,3600,288000,-19.439075469970703,17940478.0,912,-53985.64465008,315,0.00244,-7.152557373046875e-07,493.12,3599,6.233104705810547
-0.03494005277752876,,290000,-19.53962516784668,3.631997287811828e-06,918,-53268.62377346,315,0.00244,3.5762786865234375e-07,489.97,3624,6.343287944793701
0.06285829842090607,3700,296000,-20.08916473388672,1.4630815712735057e-05,936,-53855.58444806,316,0.00244,-0.22337698936462402,491.66,3699,6.947075843811035
0.02321830578148365,,300000,-20.421737670898438,2.1494627162610414e-06,948,-50964.18756494,316,0.00244,-0.2783041000366211,514.02,3749,7.342099666595459
0.1254914104938507,3800,304000,-20.862995147705078,4.2556781409075484e-05,959,-49265.60113637,316,0.00244,0.04875290393829346,532.28,3799,7.897866725921631
-215508.046875,,310000,-21.066146850585938,663370432.0,978,-52302.819090909994,316,0.00244,0.0,497.89,3874,8.133103370666504
-1.937643051147461,3900,312000,-21.12012481689453,0.00976788904517889,983,-53290.204090909996,317,0.00244,-0.01711428165435791,484.72,3899,8.237584114074707
0.0024272946175187826,,320000,-21.564109802246094,5.623222705253283e-07,1007,-60142.26159091,317,0.00244,-0.5234823226928711,429.99,3999,8.88505744934082
,4000,320000,,,1007,-60142.26159091,317,,,429.99,,
-1.0524672269821167,4100,328000,-21.959341049194336,0.0028361978475004435,1031,-60252.55613636,317,0.00244,-0.06223559379577637,440.96,4099,9.49199104309082
-0.08006145805120468,,330000,-22.11556053161621,0.000164617711561732,1037,-59359.54159091,317,0.00244,-5.015472412109375,447.86,4124,9.743406295776367
0.008421502076089382,4200,336000,-22.3563289642334,3.15039801535022e-06,1055,-58471.69,318,0.00244,-0.4110233783721924,459.29,4199,10.128894805908203
25536.400390625,,340000,-22.520320892333984,6962398.5,1067,-60335.43821429,318,0.00244,-1.1920928955078125e-07,425.72,4249,10.420572280883789
-0.21757617592811584,4300,344000,-22.6414852142334,0.00012319056259002537,1079,-61320.108214290005,318,0.00244,-0.1729588508605957,412.77,4299,10.641677856445312
-0.04441654309630394,,350000,-23.0363826751709,5.583254733210197e-06,1097,-61334.273214290006,318,0.00244,-1.2964692115783691,429.98,4374,11.377147674560547
-218652.828125,4400,352000,-23.096092224121094,650441728.0,1103,-61332.81321429,319,0.00244,-2.384185791015625e-07,437.41,4399,11.477889060974121
2.776823043823242,,360000,-23.386686325073242,0.016480905935168266,1126,-60218.898214290006,319,0.00244,0.0,433.08,4499,12.098063468933105
,4500,360000,,,1126,-60218.898214290006,319,,,433.08,,
-262055.796875,4600,368000,-23.949569702148438,693387072.0,1150,-62316.59571429,319,0.00244,-1.1920928955078125e-07,441.88,4599,13.252546310424805
28324.00390625,,370000,-24.09912872314453,7012988.0,1156,-63212.788214290005,319,0.00244,0.0,439.64,4624,13.609213829040527
0.016904501244425774,4700,376000,-24.37484359741211,7.621779786859406e-06,1174,-61999.59298702,320,0.00244,-0.9818977117538452,426.16,4699,14.27901840209961
-214794.953125,,380000,-24.454675674438477,655728832.0,1186,-66976.50931818,320,0.00244,0.0,400.82,4749,14.42841911315918
-257615.15625,4800,384000,-24.504375457763672,597205504.0,1198,-67979.09681818,320,0.00244,0.0,403.32,4799,14.532541275024414
-7.077493190765381,,390000,-24.729690551757812,0.6555807590484619,1216,-69949.70824675,320,0.00244,-0.0692359209060669,375.06,4874,15.134737968444824
0.019784796983003616,4900,392000,-24.736717224121094,7.37136190309684e-07,1222,-70955.97824674999,320,0.00244,3.5762786865234375e-07,382.17,4899,15.185053825378418
36104.58984375,,400000,-24.96156883239746,10992925.0,1246,-73955.17506493001,321,0.00244,0.0,371.94,4999,15.7395658493042
,5000,400000,,,1246,-73955.17506493001,321,,,371.94,,
-11.286650657653809,5100,408000,-25.148956298828125,0.9478651285171509,1270,-74316.70824675,321,0.00244,0.006310999393463135,329.23,5099,16.223875045776367
42385.0390625,,410000,-25.121166229248047,12279363.0,1276,-75504.2837013,321,0.00244,-1.728534698486328e-05,314.79,5124,16.13649559020996
-235125.90625,5200,416000,-25.189449310302734,668259264.0,1294,-74182.12301949001,321,0.00244,-1.71661376953125e-05,291.29,5199,16.335128784179688
-13.458831787109375,,420000,-25.246883392333984,0.7027251124382019,1305,-74076.40574675999,321,0.00244,0.40341901779174805,287.07,5249,16.514768600463867
-0.3717113733291626,5300,424000,-25.38004493713379,0.0005458985106088221,1317,-73187.6496104,321,0.00244,-2.7712957859039307,299.26,5299,16.90163230895996
-0.3209688663482666,,430000,-25.494091033935547,0.003968106582760811,1335,-73076.87779222001,321,0.00244,0.9764684438705444,295.6,5374,17.23897361755371
-5.477607250213623,5400,432000,-25.55052947998047,0.5557205677032471,1341,-72989.24279222,322,0.00244,0.09028226137161255,307.87,5399,17.383764266967773
0.25263577699661255,,440000,-25.932836532592773,0.00016163561667781323,1365,-73117.43983767,322,0.00244,-0.802245020866394,336.7,5499,18.58415985107422
,5500,440000,,,1365,-73117.43983767,322,,,336.7,,
-0.8385494351387024,5600,448000,-26.346923828125,0.0070717609487473965,1389,-71952.92983767,322,0.00244,-160.58058166503906,375.19,5599,19.935165405273438
0.545569896697998,,450000,-26.50238609313965,0.6662651300430298,1394,-71952.92983767,322,0.00244,0.06570523977279663,375.19,5624,20.424705505371094
-0.6599956154823303,5700,456000,-26.624317169189453,0.003062886418774724,1412,-68698.60016234,322,0.00244,-1.0145595073699951,418.26,5699,20.92102813720703
0.03193162754178047,,460000,-26.790491104125977,0.0005121530848555267,1424,-69813.48266233,322,0.00244,-26.41275978088379,431.99,5749,21.509586334228516
-216119.953125,5800,464000,-26.9106502532959,593157312.0,1435,-71007.12600649,323,0.00244,2.682209014892578e-06,420.09,5799,21.916852951049805
22467.5,,470000,-27.080732345581055,6160017.0,1453,-69716.56850649,323,0.00244,5.900859832763672e-06,426.82,5874,22.5737361907959
22263.513671875,5900,472000,-27.15106773376465,5880492.0,1459,-70810.80464285001,323,0.00244,-9.059906005859375e-06,416.58,5899,22.9023494720459
-281446.5625,,480000,-27.40546226501465,674064448.0,1483,-71666.82782467,323,0.00244,7.867813110351562e-06,369.58,5999,23.92156219482422
,6000,480000,,,1483,-71666.82782467,323,,,369.58,,
4.672847747802734,6100,488000,-27.579511642456055,0.0385909341275692,1507,-75715.08727272,323,0.00244,-0.20701849460601807,312.34,6099,24.673309326171875
2.961721181869507,,490000,-27.673181533813477,0.013356815092265606,1513,-76806.06522727,323,0.00244,-0.05519092082977295,306.18,6124,25.131881713867188
25842.974609375,6200,496000,-27.869054794311523,6504209.5,1530,-76794.94795454,323,0.00244,-1.7881393432617188e-06,299.85,6199,25.901714324951172
-203413.515625,,500000,-28.0863094329834,598805440.0,1543,-77894.76944805,324,0.00244,-7.152557373046875e-07,300.93,6249,26.913230895996094
-17.508451461791992,6300,504000,-28.20902442932129,0.4922466278076172,1554,-76894.23944805,324,0.00244,0.21312028169631958,304.31,6299,27.43807601928711
-0.03701738268136978,,510000,-28.379758834838867,0.00015005051682237536,1572,-77601.06694805,324,0.00244,-26.62908363342285,310.67,6374,28.294536590576172
-11.292452812194824,6400,512000,-28.4455509185791,0.7349870800971985,1578,-77719.32694805,324,0.00244,-0.015995264053344727,330.56,6399,28.59292221069336
16975.60546875,,520000,-28.641809463500977,4921925.0,1602,-71309.83931818999,324,0.00244,-3.337860107421875e-06,320.29,6499,29.665700912475586
,6500,520000,,,1602,-71309.83931818999,324,,,320.29,,
19.60611915588379,6600,528000,-28.649173736572266,1.243487000465393,1627,-72282.28967533,324,0.00244,0.016010642051696777,290.35,6599,29.713939666748047
-4.158263683319092,,530000,-28.668264389038086,0.02412433549761772,1633,-72277.99866883,324,0.00244,0.44210946559906006,287.23,6624,29.735252380371094
16689.59375,6700,536000,-28.853973388671875,4890667.5,1651,-73657.16548701,324,0.00244,1.1920928955078125e-07,261.64,6699,30.6220703125
-0.0523531511425972,,540000,-28.983814239501953,8.62676533870399e-05,1663,-73459.0513961,324,0.00244,0.3143728971481323,259.2,6749,31.36767578125
-8.455946922302246,6800,544000,-29.041645050048828,0.1355980485677719,1675,-75768.69185064,324,0.00244,0.6357368230819702,269.75,6799,31.65765380859375
-0.03326479718089104,,550000,-29.192968368530273,2.4304608814418316e-06,1693,-78780.87762986,324,0.00244,-0.23178374767303467,287.8,6874,32.51553726196289
7223.49169921875,6900,552000,-29.24190330505371,2284588.75,1699,-78690.98262986,324,0.00244,6.556510925292969e-07,297.47,6899,32.82414245605469
-79579.4609375,,560000,-29.30695152282715,319650400.0,1722,-77702.98409091,325,0.00244,-2.5033950805664062e-06,304.54,6999,33.15062713623047
,7000,560000,,,1722,-77702.98409091,325,,,304.54,,
36301.921875,7100,568000,-29.37293815612793,8262596.0,1746,-77590.27172078,325,0.00244,6.496906280517578e-06,299.04,7099,33.418758392333984
0.07023531198501587,,570000,-29.396177291870117,0.00037612096639350057,1752,-77672.0624026,325,0.00244,-0.47200334072113037,275.91,7124,33.64364242553711
-0.18167832493782043,7200,576000,-29.449371337890625,0.0005894835339859128,1770,-77469.83616883,325,0.00244,-0.5536718368530273,271.12,7199,33.92617416381836
-0.46357282996177673,,580000,-29.5089168548584,0.0004955059266649187,1782,-78565.58230519999,325,0.00244,-7.292914390563965,254.89,7249,34.2764892578125
-0.18937283754348755,7300,584000,-29.619421005249023,0.00014690487296320498,1794,-79760.35931818,325,0.00244,-0.7187873125076294,249.51,7299,34.9582633972168
-2.8771443367004395,,590000,-29.753339767456055,0.01070010382682085,1812,-79760.42532467,325,0.00244,2.980232238769531e-07,253.74,7374,35.71178436279297
1.5668822526931763,7400,592000,-29.825414657592773,0.7101211547851562,1818,-79560.32623376,325,0.00244,0.011029958724975586,256.12,7399,36.226009368896484
31681.005859375,,600000,-30.089635848999023,6829149.0,1842,-74073.2856818,325,0.00244,3.6954879760742188e-06,276.18,7499,38.01056671142578
,7500,600000,,,1842,-74073.2856818,325,,,276.18,,
22562.58203125,7600,608000,-30.260095596313477,5656652.0,1865,-70769.55048699999,325,0.00244,1.9848346710205078e-05,283.59,7599,39.18609619140625
-282625.6875,,610000,-30.310270309448242,650439360.0,1871,-70762.52048699999,325,0.00244,5.900859832763672e-06,276.67,7624,39.56529235839844
18.18168067932129,7700,616000,-30.396509170532227,1.0999407768249512,1889,-68510.65035713,326,0.00244,0.0008116364479064941,298.47,7699,40.12422180175781
3.1855032444000244,,620000,-30.46539878845215,0.8986939787864685,1900,-67128.03142855999,326,0.00244,0.1077723503112793,316.47,7749,40.45024108886719
-6.284674644470215,7800,624000,-30.4948673248291,0.12333452701568604,1911,-66937.02834414999,326,0.00244,0.9649137258529663,331.19,7799,40.796958923339844
-11.939506530761719,,630000,-30.624128341674805,1.5077537298202515,1929,-69244.25194804,326,0.00244,0.2929334044456482,330.87,7874,41.776649475097656
31797.388671875,7900,632000,-30.69894790649414,7749987.5,1935,-70251.07081168,326,0.00244,-0.00014698505401611328,340.2,7899,42.36098098754883
-21.13755226135254,,640000,-30.79254150390625,0.5515138506889343,1958,-72561.87181817999,326,0.00244,0.013284623622894287,359.68,7999,43.20094299316406
,8000,640000,,,1958,-72561.87181817999,326,,,359.68,,
11.837624549865723,8100,648000,-31.0234317779541,0.16859674453735352,1982,-73460.73535714,326,0.00244,0.31468600034713745,355.48,8099,44.76996994018555
-427131.5625,,650000,-31.05901527404785,1030938240.0,1988,-76904.36642857,326,0.00244,1.7285346984863281e-06,330.5,8124,44.991111755371094
2.0706305503845215,8200,656000,-31.155187606811523,0.07681167870759964,2006,-74076.62279221001,326,0.00244,-4.449181079864502,294.66,8199,45.926109313964844
60950.0625,,660000,-31.227014541625977,13058605.0,2018,-75358.07529221001,327,0.00244,0.00013834238052368164,276.26,8249,46.44152069091797
0.8621412515640259,8300,664000,-31.440961837768555,0.06502830237150192,2031,-75363.91886363999,326,0.00244,0.2504911422729492,277.12,8299,48.43324279785156
4.848928928375244,,670000,-31.474145889282227,0.21645203232765198,2050,-75154.67012987,326,0.00244,-1.0648760795593262,266.7,8374,48.68404769897461
17.169973373413086,8400,672000,-31.518817901611328,0.3423692286014557,2056,-75258.21334416,326,0.00244,0.1945773959159851,271.21,8399,49.06875228881836
-3.0218677520751953,,680000,-31.727338790893555,0.11191023886203766,2083,-74169.40019481,326,0.00244,-23.224245071411133,283.69,8499,51.134552001953125
,8500,680000,,,2083,-74169.40019481,326,,,283.69,,
12.048200607299805,8600,688000,-31.999399185180664,0.9338135123252869,2108,-75293.20168831,326,0.00244,-0.14193499088287354,301.82,8599,53.54711151123047
-11.889126777648926,,690000,-32.01564407348633,0.16034038364887238,2115,-75208.95097402,326,0.00244,0.0,316.33,8624,53.60423278808594
-363626.84375,8700,696000,-32.2013053894043,690276096.0,2134,-71120.60948052001,326,0.00244,2.5093555450439453e-05,327.65,8699,55.64794158935547
69479.7421875,,700000,-32.25482940673828,13610851.0,2147,-72316.06532467999,325,0.00244,0.0003636479377746582,321.08,8749,56.480125427246094
-12.341287612915039,8800,704000,-32.258460998535156,0.17198291420936584,2160,-70215.14941559,325,0.00244,0.0,319.41,8799,56.34429931640625
10778.787109375,,710000,-32.29903793334961,3141306.5,2180,-71309.86535715,325,0.00244,-4.982948303222656e-05,313.81,8874,56.79205322265625
-448.62255859375,8900,712000,-32.33367919921875,927.587890625,2186,-71304.10344155999,325,0.00244,-0.007562398910522461,306.59,8899,57.18598556518555
6.8306450843811035,,720000,-32.39897155761719,0.16912715137004852,2212,-72707.65081169,325,0.00244,-0.3546227216720581,297.14,8999,58.00872039794922
,9000,720000,,,2212,-72707.65081169,325,,,297.14,,
-2.1513984203338623,9100,728000,-32.519935607910156,0.005203730892390013,2238,-75698.47149350001,325,0.00244,8.404254913330078e-06,284.44,9099,59.735504150390625
-34.6423225402832,,730000,-32.586273193359375,16.084461212158203,2245,-75709.06899350001,325,0.00244,-30.113691329956055,290.22,9124,60.21319580078125
43492.2734375,9200,736000,-32.66636276245117,10123043.0,2264,-77712.32844155001,324,0.00244,0.0012999176979064941,288.46,9199,61.15653610229492
-334915.9375,,740000,-32.74371337890625,701970880.0,2277,-76531.86730519001,324,0.00244,0.0001290440559387207,300.97,9249,61.90857696533203
44853.81640625,9300,744000,-32.814674377441406,18172564.0,2290,-76424.70444805,324,0.00244,0.0013225078582763672,303.1,9299,62.125545501708984
9.298993110656738,,750000,-32.90626525878906,0.09191950410604477,2310,-77629.38172078,324,0.00244,5.960464477539063e-08,298.65,9374,63.4974365234375
-53.78318405151367,9400,752000,-32.97829818725586,23.753976821899414,2316,-75435.12012987,324,0.00244,-2.39463210105896,304.95,9399,64.10433197021484
-178953.421875,,760000,-32.95439147949219,496531968.0,2342,-75631.74581169,324,0.00244,8.678436279296875e-05,308.64,9499,63.58750534057617
,9500,760000,,,2342,-75631.74581169,324,,,308.64,,
17352.380859375,9600,768000,-33.00936508178711,4437369.0,2368,-75529.24204545999,324,0.00244,0.0,312.54,9599,64.20285034179688
19344.908203125,,770000,-33.00694274902344,4915581.5,2374,-73333.60837661999,324,0.00244,0.0011191368103027344,323.25,9624,64.04634094238281
23.57938575744629,9700,776000,-33.18836975097656,1.2953211069107056,2393,-72226.85974026,324,0.00244,0.0,320.83,9699,65.75331115722656
37150.16796875,,780000,-33.23633575439453,6973861.5,2405,-72012.50159090999,324,0.00244,0.0,309.33,9749,66.2966537475586
-12.34851360321045,9800,784000,-33.1634521484375,0.8647527694702148,2417,-72789.33055194998,324,0.00244,0.0,288.48,9799,65.22417449951172
-346867.09375,,790000,-33.245765686035156,675459776.0,2435,-72794.48035715,324,0.00244,-0.0005403757095336914,290.83,9874,66.20240020751953
-139663.109375,9900,792000,-33.29183578491211,384915552.0,2440,-72881.95545455,324,0.00244,9.03010368347168e-05,280.45,9899,66.87538146972656
8.385714530944824,,800000,-33.5284309387207,1.744383692741394,2464,-77383.35792209,324,0.00244,0.0,275.56,9999,69.55480194091797
,10000,800000,,,2464,-77283.24649352,324,,,276.27,,
-1.6597198247909546,10100,808000,-33.51693344116211,0.0027844428550451994,2488,-75274.93396105,324,0.00244,0.0,272.83,10099,69.44383239746094
25199.310546875,,810000,-33.559261322021484,6714028.0,2494,-75373.64607143999,324,0.00244,0.0013430118560791016,276.7,10124,69.70011901855469
21750.458984375,10200,816000,-33.676361083984375,5257615.5,2512,-76575.95759742,324,0.00244,0.00467151403427124,276.26,10199,71.04690551757812
14.46631908416748,,820000,-33.70484161376953,0.9152658581733704,2524,-76470.77250001,324,0.00244,-1.1920928955078125e-07,270.15,10249,71.38934326171875
26841.130859375,10300,824000,-33.70417785644531,5851351.0,2536,-76371.52022727,324,0.00244,0.005863964557647705,274.45,10299,71.26205444335938
11619.8896484375,,830000,-33.77162170410156,3141130.0,2554,-76370.70730519,324,0.00244,-1.1920928955078125e-07,267.28,10374,72.02487182617188
6.860540866851807,10400,832000,-33.83604431152344,0.05330123379826546,2560,-76170.82314934999,324,0.00244,-0.3185567855834961,267.02,10399,72.683349609375
-3.8080673217773438,,840000,-33.94172668457031,0.11074508726596832,2583,-79485.7977489,325,0.00244,5.960464477539063e-08,256.71,10499,74.01935577392578
,10500,840000,,,2583,-79485.7977489,325,,,256.71,,
-7.1647562980651855,10600,848000,-34.03733825683594,0.051745761185884476,2607,-75181.05420994,325,0.00244,-0.01154637336730957,257.29,10599,75.2659912109375
11845.3037109375,,850000,-34.06897735595703,3140892.5,2613,-75285.41878787,325,0.00244,-0.0002516508102416992,260.56,10624,75.87619018554688
2.4642868041992188,10700,856000,-34.063472747802734,0.5281252861022949,2631,-75188.83670995,325,0.00244,0.0636489987373352,265.58,10699,75.58103942871094
14630.4248046875,,860000,-34.118263244628906,3823860.0,2643,-72863.0012554,325,0.00244,0.0064383745193481445,256.48,10749,76.19709777832031
-10.6961088180542,10800,864000,-34.19647979736328,0.7977968454360962,2655,-68755.46827920999,325,0.00244,0.1537352204322815,253.05,10799,77.66836547851562
7.194799900054932,,870000,-34.30946350097656,0.05061165243387222,2675,-70666.26347401,325,0.00244,1.3113021850585938e-06,263.35,10874,79.23663330078125
-2.7597343921661377,10900,872000,-34.30849838256836,0.07934412360191345,2681,-73068.92954544,325,0.00244,1.1920928955078125e-07,250.7,10899,79.07395935058594
-86120.0703125,,880000,-34.40843200683594,320545120.0,2707,-68462.40045454,325,0.00244,0.00010824203491210938,240.79,10999,80.54479217529297
,11000,880000,,,2707,-68462.40045454,325,,,240.79,,
-6.488033294677734,11100,888000,-34.48091125488281,0.0708809643983841,2731,-70679.40691558999,325,0.00244,0.978847086429596,255.73,11099,81.80280303955078
1.994855523109436,,890000,-34.49040222167969,0.07338514924049377,2737,-73091.82113637,325,0.00244,-12.374367713928223,250.73,11124,82.07124328613281
-258617.296875,11200,896000,-34.6087532043457,598020352.0,2755,-70686.41308442,325,0.00244,0.0002262592315673828,253.16,11199,83.40076446533203
19.724231719970703,,900000,-34.62679672241211,0.47727662324905396,2767,-68393.46633117,325,0.00244,-0.23740720748901367,268.4,11249,83.94756317138672
-19.16592788696289,11300,904000,-34.64750289916992,0.4058072566986084,2779,-69886.68253246,325,0.00244,-0.02876424789428711,259.48,11299,84.1057357788086
8.733770370483398,,910000,-34.76069259643555,0.1815405935049057,2798,-67480.97990259001,325,0.00244,0.9106613397598267,267.51,11374,86.08831787109375
-336377.59375,11400,912000,-34.81086730957031,827592640.0,2805,-67284.467987,325,0.00244,0.0004826784133911133,267.72,11399,86.8222885131836
38724.6640625,,920000,-34.63771438598633,6916816.0,2831,-71543.83685063999,324,0.00244,0.013053297996520996,234.07,11499,84.51953125
,11500,920000,,,2831,-71543.83685063999,324,,,234.07,,
20519.193359375,11600,928000,-34.728267669677734,4924933.0,2856,-75039.78746753,324,0.00244,-7.510185241699219e-06,216.07,11599,85.690673828125
-256579.125,,930000,-34.736328125,599018112.0,2862,-74942.44288961001,324,0.00244,0.0002866983413696289,217.36,11624,85.78561401367188
23007.29296875,11700,936000,-34.880653381347656,5239830.5,2880,-75146.64172078,324,0.00244,0.009226799011230469,224.05,11699,88.36503601074219
-4.819643020629883,,940000,-34.931270599365234,0.5670563578605652,2891,-75345.52772726999,325,0.00244,0.0,231.42,11749,89.33065032958984
10.01655101776123,11800,944000,-35.00606918334961,0.16656573116779327,2903,-75257.08782468,325,0.00244,-1.1920928955078125e-07,240.67,11799,90.59716796875
39.5420036315918,,950000,-34.93098449707031,1.4485353231430054,2921,-75143.55269480002,325,0.00244,-8.821487426757812e-06,238.61,11874,89.68721008300781
-157792.296875,11900,952000,-34.934444427490234,448427840.0,2927,-72932.53337662,325,0.00244,0.000349581241607666,237.05,11899,89.96769714355469
-6.337935924530029,,960000,-35.00029373168945,0.0927131399512291,2951,-72920.50915585,325,0.00244,0.1995527148246765,220.55,11999,91.39156341552734
,12000,960000,,,2951,-72920.50915585,325,,,220.55,,
5.136573791503906,12100,968000,-35.30996322631836,0.09644832462072372,2975,-75221.73305195,325,0.00244,0.9496533870697021,228.3,12099,96.79961395263672
35374.62109375,,970000,-35.3798713684082,6635796.0,2981,-74225.7734091,325,0.00244,-1.1920928955078125e-07,232.8,12124,98.00042724609375
-101366.765625,12200,976000,-35.41614532470703,318394880.0,2999,-73747.67490261,325,0.00244,0.0002543330192565918,260.2,12199,98.8637924194336
36663.35546875,,980000,-35.43563461303711,6793613.5,3011,-73773.33876624,325,0.00244,0.0,271.56,12249,98.9441146850586
-11.014521598815918,12300,984000,-35.45331573486328,0.6591507792472839,3023,-76168.21574675001,325,0.00244,0.0,265.4,12299,98.51436614990234
-350731.84375,,990000,-35.60218811035156,698593600.0,3042,-71843.22564934,325,0.00244,8.660554885864258e-05,238.56,12374,101.55006408691406
4.188080787658691,12400,992000,-35.632843017578125,0.016047917306423187,3048,-73423.39691557,325,0.00244,0.0,212.93,12399,102.47337341308594
-44996.49609375,,1000000,-35.614967346191406,124975656.0,3072,-75897.21490259001,325,0.00244,0.00024330615997314453,193.99,12499,102.18492126464844
,12500,1000000,,,3072,-75897.21490259001,325,,,193.99,,
-195079.34375,12600,1008000,-35.6544075012207,498777952.0,3096,-75606.21133116,325,0.00244,0.00021886825561523438,192.63,12599,103.73179626464844
73644.1484375,,1010000,-35.59906768798828,23707348.0,3103,-77605.76954545,325,0.00244,0.00047576427459716797,191.44,12624,103.31040954589844
-295565.65625,12700,1016000,-35.628414154052734,615962688.0,3120,-75203.86327921,325,0.00244,0.00022405385971069336,202.86,12699,103.60966491699219
34471.4765625,,1020000,-35.72547912597656,6635408.0,3132,-72892.07675323001,325,0.00244,0.0,191.73,12749,104.63726806640625
-373387.75,12800,1024000,-35.775665283203125,701248832.0,3144,-70886.04724025,325,0.00244,7.814168930053711e-05,195.75,12799,105.67552185058594
41295.82421875,,1030000,-35.88873291015625,7012929.5,3162,-70968.95905843,325,0.00244,0.0,190.66,12874,108.40362548828125
-232159.828125,12900,1032000,-35.93934631347656,629468352.0,3168,-71065.85084414999,325,0.00244,0.00015747547149658203,187.36,12899,109.00899505615234
6.310178279876709,,1040000,-36.050628662109375,0.03513907268643379,3192,-70691.24405844,325,0.00244,0.01627194881439209,205.95,12999,112.05551147460938
,13000,1040000,,,3192,-70691.24405844,325,,,205.95,,
2.9809730052948,13100,1048000,-36.126686096191406,0.7208811044692993,3217,-73007.77025974,325,0.00244,5.960464477539063e-08,213.32,13099,112.8702392578125
1.5427087545394897,,1050000,-36.13029098510742,0.0021782522089779377,3224,-75114.16168832,325,0.00244,-0.06049299240112305,214.74,13124,113.43917083740234
-220996.546875,13200,1056000,-36.21487045288086,576136768.0,3241,-79306.59740261,325,0.00244,0.0003879666328430176,210.48,13199,115.73433685302734
29747.794921875,,1060000,-36.19252014160156,6158219.5,3253,-74906.23227273999,325,0.00244,4.708766937255859e-06,212.24,13249,115.47161102294922
-9.849827766418457,13300,1064000,-36.21284484863281,0.83503258228302,3265,-74913.14139612,325,0.00244,1.7881393432617188e-07,220.13,13299,115.99788665771484
28533.169921875,,1070000,-36.23842239379883,5779486.0,3282,-74714.22574678,325,0.00244,0.016585886478424072,221.7,13374,116.8803939819336
7.873510837554932,13400,1072000,-36.26939010620117,0.7675175070762634,3288,-74715.58396106,325,0.00244,1.7881393432617188e-07,224.51,13399,117.38713073730469
24082.119140625,,1080000,-36.37679672241211,5324157.5,3312,-75021.956526,325,0.00244,0.0,220.99,13499,120.79244232177734
,13500,1080000,,,3312,-75021.956526,325,,,220.99,,
-418242.0,13600,1088000,-36.446327209472656,710184640.0,3336,-71213.63809526,326,0.00244,0.0006211400032043457,210.91,13599,122.145751953125
-323.7054138183594,,1090000,-36.46157455444336,410.8610534667969,3342,-71004.44166668999,326,0.00244,-0.4138561487197876,206.05,13624,122.33434295654297
55914.15234375,13700,1096000,-36.50954818725586,11505519.0,3360,-73782.38040044,326,0.00244,0.003672301769256592,181.67,13699,122.26206970214844
-210736.234375,,1100000,-36.62019348144531,577291456.0,3372,-73993.78270563,326,0.00244,0.00037020444869995117,182.87,13749,124.98637390136719
-1146906.875,13800,1104000,-36.66593933105469,2059807616.0,3384,-78372.99646103001,326,0.00244,0.0007457733154296875,172.5,13799,126.56099700927734
60407.4140625,,1110000,-36.7396125793457,11883671.0,3402,-71571.69315293999,326,0.00244,0.004976093769073486,180.06,13874,127.7658920288086
40334.62890625,13900,1112000,-36.73309326171875,6871467.5,3408,-69471.40987372,326,0.00244,0.0188751220703125,179.21,13899,127.38136291503906
35.373172760009766,,1120000,-36.693763732910156,2.698718786239624,3433,-68594.20170272999,326,0.00244,0.047142863273620605,197.73,13999,125.11480712890625
,14000,1120000,,,3433,-68594.20170272999,326,,,197.73,,
323451.0625,14100,1128000,-36.763668060302734,690731904.0,3460,-72695.87958873,326,0.00244,-0.00011670589447021484,189.14,14099,126.26290130615234
45227.08203125,,1130000,-36.76194381713867,9700038.0,3466,-73198.54465365999,325,0.00244,0.00630640983581543,185.39,14124,126.65498352050781
71.45125579833984,14200,1136000,-36.88606643676758,5.26413106918335,3486,-71791.97677487,325,0.00244,0.003862440586090088,185.92,14199,129.2023162841797
-164617.671875,,1140000,-36.880470275878906,449972288.0,3498,-73675.96557357999,325,0.00244,0.00022482872009277344,180.97,14249,128.88385009765625
-248258.875,14300,1144000,-36.83174133300781,603480512.0,3510,-71594.30953462,325,0.00244,0.0004258155822753906,189.81,14299,128.15689086914062
37.62583541870117,,1150000,-36.83648681640625,1.9224092960357666,3528,-75586.42599568,325,0.00244,0.0,180.49,14374,129.43833923339844
-2.5387380123138428,14400,1152000,-36.828590393066406,0.6802686452865601,3533,-73289.59242425,325,0.00244,0.5571813583374023,185.19,14399,129.2872314453125
-72762.7734375,,1160000,-36.89112091064453,325840000.0,3557,-66709.2468723,326,0.00244,0.0006573200225830078,208.77,14499,130.92388916015625
,14500,1160000,,,3557,-66709.2468723,326,,,208.77,,
50660.22265625,14600,1168000,-37.013668060302734,10451640.0,3581,-70909.30693725,326,0.00244,0.00330275297164917,212.28,14599,132.791015625
41035.10546875,,1170000,-37.01539993286133,6942638.5,3587,-71011.36323594999,326,0.00244,0.008792698383331299,211.58,14624,132.609130859375
-36892.43359375,14700,1176000,-36.96504211425781,238783856.0,3605,-77503.14428573,326,0.00244,0.0012746453285217285,200.97,14699,132.2656707763672
-640930.1875,,1180000,-36.989070892333984,1249214720.0,3617,-72795.39698053,326,0.00244,0.000802159309387207,200.39,14749,132.4269256591797
10.10012435913086,14800,1184000,-37.0253791809082,0.18349508941173553,3629,-70885.95866883,326,0.00244,-0.6769676208496094,188.95,14799,133.49928283691406
-286901.21875,,1190000,-37.00234603881836,621216704.0,3647,-63788.24012989001,326,0.00244,0.0005555152893066406,192.63,14874,132.97189331054688
16.38471794128418,14900,1192000,-36.967689514160156,0.2643115818500519,3653,-64092.056201310006,326,0.00244,-3.1187520027160645,186.58,14899,132.25840759277344
-47195.51953125,,1200000,-36.82691955566406,327627808.0,3677,-70305.58035716,326,0.00244,0.0007545948028564453,185.09,14999,129.7222900390625
,15000,1200000,,,3677,-70305.58035716,326,,,185.09,,
-318836.71875,15100,1208000,-36.89518356323242,669746112.0,3701,-74913.34467532,326,0.00244,0.0012487173080444336,174.91,15099,131.92044067382812
63810.76171875,,1210000,-36.890682220458984,12123034.0,3708,-74811.47217532,326,0.00244,0.01809030771255493,178.69,15124,131.8317413330078
-351021.3125,15200,1216000,-36.85920715332031,679729856.0,3726,-72893.8937013,326,0.00244,0.0009008646011352539,171.81,15199,131.32212829589844
15353.041015625,,1220000,-36.859920501708984,3766836.75,3738,-73203.93571429,326,0.00244,0.018003523349761963,180.47,15249,131.09356689453125
45668.20703125,15300,1224000,-36.83870315551758,8211783.5,3750,-73615.30409091999,326,0.00244,-0.002887129783630371,180.7,15299,130.2048797607422
125.5392074584961,,1230000,-36.876319885253906,14.051281929016113,3768,-71612.46009741,326,0.00244,-0.052385687828063965,175.89,15374,131.28868103027344
-104878.3515625,15400,1232000,-36.87586212158203,318368064.0,3774,-73819.24188311999,326,0.00244,0.0007370710372924805,181.38,15399,131.69802856445312
-135014.78125,,1240000,-36.874366760253906,390701472.0,3798,-69205.32259741,326,0.00244,0.0008482933044433594,179.94,15499,131.67724609375
,15500,1240000,,,3798,-69205.14509741,326,,,178.85,,
11.925589561462402,15600,1248000,-36.905452728271484,0.8814137578010559,3821,-67318.78834417001,326,0.00244,0.5161079168319702,219.23,15599,132.93658447265625
8.948864936828613,,1250000,-36.94151306152344,0.07048141211271286,3827,-67215.52012988,326,0.00244,0.6376910209655762,224.32,15624,133.8212432861328
-445.5888366699219,15700,1256000,-36.95338439941406,1495.9857177734375,3845,-65014.026818189996,326,0.00244,-1119.4903564453125,219.53,15699,133.42221069335938
42722.21484375,,1260000,-36.9193229675293,6943925.5,3857,-68130.15324677,326,0.00244,0.012987852096557617,227.98,15749,132.45608520507812
6.802623271942139,15800,1264000,-36.86367416381836,1.645181655883789,3869,-68124.37012988002,326,0.00244,-0.7551678419113159,224.2,15799,131.29864501953125
-5.629856586456299,,1270000,-36.88845443725586,0.027410784736275673,3886,-70702.87522727,326,0.00244,-0.0359576940536499,206.65,15874,132.89842224121094
105144.9296875,15900,1272000,-36.972267150878906,24989976.0,3892,-70904.28379870001,326,0.00244,0.010659217834472656,202.43,15899,134.76315307617188
25013.248046875,,1280000,-37.000030517578125,5324422.5,3916,-74699.6976948,326,0.00244,-5.424022674560547e-05,201.07,15999,135.01522827148438
,16000,1280000,,,3916,-74699.6976948,326,,,201.07,,
40009.703125,16100,1288000,-37.01642608642578,6958246.5,3939,-73223.74226189,326,0.00244,0.0004897117614746094,219.23,16099,133.942626953125
23.501447677612305,,1290000,-37.0419921875,1.424593448638916,3945,-75232.9423593,326,0.00244,0.161246657371521,221.99,16124,135.23171997070312
-141.6802215576172,16200,1296000,-37.09957504272461,570.579345703125,3963,-68643.07037879,327,0.00244,-1664.84521484375,238.63,16199,136.08465576171875
32271.443359375,,1300000,-37.11580276489258,6252339.5,3975,-68540.19589827,327,0.00244,0.014455974102020264,237.65,16249,136.23101806640625
-1680.091064453125,16300,1304000,-37.05023193359375,8273.9833984375,3986,-68429.69291125,327,0.00244,-8.497697830200195,231.83,16299,134.78009033203125
0.4180443286895752,,1310000,-37.16606140136719,0.23189020156860352,4004,-67632.57357144,327,0.00244,-0.9734820127487183,229.97,16374,138.3574676513672
28.182891845703125,16400,1312000,-37.16537094116211,1.37020742893219,4010,-70037.88061689,327,0.00244,-0.0017330646514892578,234.06,16399,138.31838989257812
-74.95492553710938,,1320000,-37.12109375,153.92623901367188,4034,-72423.25155844,327,0.00244,-0.11345183849334717,214.21,16499,136.3397216796875
,16500,1320000,,,4034,-72423.25155844,327,,,214.21,,
-1088.107177734375,16600,1328000,-37.238197326660156,3696.089111328125,4057,-71631.0752922,327,0.00244,-3165.709228515625,223.63,16599,140.2408447265625
-355401.3125,,1330000,-37.17924118041992,667754432.0,4063,-69231.36331167999,327,0.00244,0.0006304383277893066,232.25,16624,139.4730224609375
13473.6201171875,16700,1336000,-37.16645812988281,3140110.75,4081,-70424.22292207,327,0.00244,0.00010961294174194336,215.42,16699,140.16384887695312
66708.0234375,,1340000,-37.16205596923828,14351219.0,4093,-72736.30314934,327,0.00244,0.029365897178649902,215.56,16749,139.9588623046875
43166.078125,16800,1344000,-37.16559600830078,8448247.0,4105,-70551.10590908,327,0.00244,0.021722733974456787,228.8,16799,141.05831909179688
1.7116495370864868,,1350000,-37.16304016113281,0.0024917745031416416,4123,-70945.56863637001,327,0.00244,0.0,221.25,16874,141.51925659179688
21808.984375,16900,1352000,-37.215972900390625,4746877.5,4129,-73441.10597403,327,0.00244,0.03504973649978638,213.82,16899,142.85403442382812
-50613.59765625,,1360000,-37.272003173828125,234883456.0,4153,-73350.16662339,327,0.00244,0.001770615577697754,224.48,16999,144.79776000976562
,17000,1360000,,,4153,-73350.16662339,327,,,224.48,,
35514.24609375,17100,1368000,-37.24259948730469,6435507.0,4177,-75222.18633118,327,0.00244,0.029063522815704346,212.91,17099,145.0523681640625
16.040931701660156,,1370000,-37.25227737426758,0.2265009731054306,4182,-75135.88087662999,327,0.00244,0.7041336297988892,225.41,17124,145.2283935546875
-16.205875396728516,17200,1376000,-37.31317901611328,343.4493103027344,4200,-79329.12901875,327,0.00244,-361.1219177246094,218.25,17199,146.8046112060547
47.23989486694336,,1380000,-37.36717224121094,2.2847182750701904,4212,-75934.64375902,327,0.00244,0.3779956102371216,223.7,17249,148.4488983154297
102.04410552978516,17300,1384000,-37.360328674316406,8.720224380493164,4224,-76132.34625902,327,0.00244,-0.007219195365905762,232.21,17299,147.55194091796875
32.428897857666016,,1390000,-37.362545013427734,0.8994362950325012,4242,-76520.47310967,327,0.00244,-0.20469439029693604,220.15,17374,148.0294952392578
65018.625,17400,1392000,-37.31561279296875,14479085.0,4248,-76803.7587915,327,0.00244,0.03870856761932373,200.38,17399,146.3665008544922
-92.7134017944336,,1400000,-37.368953704833984,9.344902038574219,4271,-79895.47019482001,327,0.00244,0.537398099899292,199.01,17499,148.0334930419922
,17500,1400000,,,4271,-79895.47019482001,327,,,199.01,,
15186.6123046875,17600,1408000,-37.42969512939453,3704317.75,4295,-74920.36077921999,327,0.00244,0.034459590911865234,220.52,17599,149.3225555419922
20765.603515625,,1410000,-37.446895599365234,4699048.0,4301,-74625.09334415,327,0.00244,0.034084439277648926,223.07,17624,150.63375854492188
-317829.28125,17700,1416000,-37.516029357910156,615956672.0,4318,-73434.89727273,327,0.00244,0.000708162784576416,238.63,17699,153.8398895263672
-14.641600608825684,,1420000,-37.535335540771484,0.21382954716682434,4330,-71239.77616883001,327,0.00244,0.8449172973632812,242.8,17749,154.63328552246094
211.07579040527344,17800,1424000,-37.49732208251953,35.79288864135742,4342,-71834.68951298,327,0.00244,0.009779036045074463,224.41,17799,153.22366333007812
-2.6319987773895264,,1430000,-37.46775817871094,0.005675663240253925,4360,-76331.91457792999,327,0.00244,5.960464477539063e-08,214.32,17874,152.55247497558594
43638.015625,17900,1432000,-37.437984466552734,7076972.0,4367,-76733.094513,327,0.00244,-0.005095362663269043,215.07,17899,152.0549774169922
8522.5888671875,,1440000,-37.4354248046875,2285125.75,4390,-78635.13694806,327,0.00244,0.0005213022232055664,217.91,17999,152.8011932373047
,18000,1440000,,,4390,-78635.13694806,327,,,217.91,,
22479.978515625,18100,1448000,-37.4953727722168,4903547.5,4414,-78462.90292209,328,0.00244,-0.00011563301086425781,236.94,18099,155.40980529785156
-273071.34375,,1450000,-37.48504638671875,565438400.0,4420,-78368.17870131,328,0.00244,0.000865936279296875,241.36,18124,155.31585693359375
61888.0390625,18200,1456000,-37.443477630615234,11591167.0,4438,-78273.57198052,328,0.00244,0.03635406494140625,243.52,18199,156.04092407226562
154.61436462402344,,1460000,-37.422035217285156,579.40185546875,4450,-79573.82435065,328,0.00244,-85.96686553955078,229.36,18249,155.62985229492188
35387.2578125,18300,1464000,-37.381202697753906,6381242.5,4462,-78468.51866883,328,0.00244,0.03687441349029541,228.0,18299,155.36468505859375
-693248.9375,,1470000,-37.37580108642578,1323138304.0,4480,-78454.60123376001,328,0.00244,0.0018960237503051758,218.17,18374,155.59637451171875
100187.5,18400,1472000,-37.38429260253906,24051968.0,4486,-78242.0915909,328,0.00244,0.03556698560714722,218.97,18399,155.92808532714844
27750.107421875,,1480000,-37.420204162597656,5664262.5,4511,-77829.81064935,328,0.00244,-0.0007126331329345703,220.22,18499,156.5967559814453
,18500,1480000,,,4511,-77829.81064935,328,,,220.22,,
-180578.65625,18600,1488000,-37.44666290283203,544911552.0,4537,-78918.72977272,327,0.00244,0.0014532804489135742,211.3,18599,157.21197509765625
-48104.05859375,,1490000,-37.46771240234375,124965416.0,4543,-79221.04272726999,327,0.00244,0.001055002212524414,206.75,18624,156.7330322265625
-393173.71875,18700,1496000,-37.42060470581055,700044352.0,4560,-76724.42376624,328,0.00244,0.0003567337989807129,210.88,18699,155.49864196777344
4789.080078125,,1500000,-37.43653869628906,1250243.0,4572,-76237.19909091,328,0.00244,0.0,222.86,18749,156.49325561523438
16.349031448364258,18800,1504000,-37.48275375366211,1.513992428779602,4584,-74536.06357142,328,0.00244,-5.700169086456299,225.45,18799,158.4193572998047
143.28407287597656,,1510000,-37.47321319580078,18.20155143737793,4602,-74536.16025973,328,0.00244,-0.23313987255096436,217.03,18874,157.79226684570312
65495.2578125,18900,1512000,-37.481136322021484,13791139.0,4608,-74444.69707791001,328,0.00244,0.028384804725646973,222.91,18899,157.77206420898438
72.92940521240234,,1520000,-37.357601165771484,9.247279167175293,4632,-77137.84097401,328,0.00244,-0.576488733291626,227.35,18999,153.7098846435547
,19000,1520000,,,4632,-77137.84097401,328,,,227.35,,
-112963.328125,19100,1528000,-37.42798614501953,396570880.0,4655,-76558.50103895999,328,0.00244,0.003205716609954834,237.51,19099,154.84030151367188
24.08150291442871,,1530000,-37.416481018066406,0.48526430130004883,4661,-76553.63103896,328,0.00244,0.0,237.77,19124,154.10552978515625
4525.90673828125,19200,1536000,-37.453521728515625,1189890.375,4679,-72178.59798701,328,0.00244,0.04809606075286865,259.6,19199,155.05514526367188
-30271.98828125,,1540000,-37.522613525390625,1718474368.0,4690,-66781.36737012998,328,0.00244,9.357929229736328e-05,267.42,19249,157.28456115722656
-2.007209539413452,19300,1544000,-37.6614990234375,0.7154535055160522,4702,-66881.01629870001,328,0.00244,-1.1920928955078125e-07,261.77,19299,163.05093383789062
12193.65234375,,1550000,-37.76104736328125,2997998.75,4721,-65505.67071428,328,0.00244,0.04174989461898804,272.27,19374,166.81150817871094
17.5708065032959,19400,1552000,-37.81177520751953,0.9660524725914001,4728,-65501.26821427999,328,0.00244,1.7881393432617188e-07,270.65,19399,167.16708374023438
-220707.703125,,1560000,-37.830745697021484,492130400.0,4753,-67775.83642857001,328,0.00244,0.0011615753173828125,243.39,19499,167.853515625
,19500,1560000,,,4753,-67775.83642857001,328,,,243.39,,
48.07725143432617,19600,1568000,-37.81788635253906,1.863662600517273,4776,-68578.85032468,328,0.00244,-0.067413330078125,246.04,19599,166.3477783203125
35.77526092529297,,1570000,-37.81700134277344,1.1075254678726196,4782,-70964.41509741,328,0.00244,0.6493726968765259,231.05,19624,166.4390869140625
20.8244686126709,19700,1576000,-37.800201416015625,0.36366650462150574,4800,-75241.46113637001,328,0.00244,-0.1698998212814331,221.71,19699,168.37173461914062
10.273300170898438,,1580000,-37.91316604614258,0.7540265321731567,4812,-73138.71126623999,328,0.00244,0.7205455303192139,228.16,19749,173.6055908203125
-20.32049560546875,19800,1584000,-37.94990539550781,0.5621342062950134,4824,-72947.88103897001,328,0.00244,0.7883665561676025,234.78,19799,173.8665771484375
-436507.09375,,1590000,-37.97044372558594,705524160.0,4842,-73640.01633115999,328,0.00244,0.0001417398452758789,235.0,19874,174.99777221679688
-463.524658203125,19900,1592000,-38.074440002441406,2432.595458984375,4848,-71643.46883116,328,0.00244,-14.080718040466309,236.5,19899,178.1381072998047
-276183.21875,,1600000,-38.238216400146484,598924544.0,4872,-69665.27396103,328,0.00244,0.0019699931144714355,242.91,19999,181.3426971435547
,20000,1600000,,,4872,-69665.27396103,328,,,242.91,,
-263034.34375,20100,1608000,-38.279151916503906,570298048.0,4897,-71358.85772726,328,0.00244,0.0016692876815795898,224.58,20099,182.9292449951172
24200.251953125,,1610000,-38.258705139160156,5017241.5,4903,-73661.67081168,328,0.00244,0.055294692516326904,224.2,20124,182.70574951171875
-375015.25,20200,1616000,-38.22401428222656,690879424.0,4922,-76645.28808443,328,0.00244,0.0019559860229492188,222.1,20199,179.8992919921875
56.0323371887207,,1620000,-38.201637268066406,2.5617594718933105,4934,-76352.7882143,328,0.00244,0.08004963397979736,221.96,20249,180.0243377685547
-299515.21875,20300,1624000,-38.16194152832031,660883904.0,4946,-73960.43970779999,328,0.00244,0.0015172362327575684,228.19,20299,178.06973266601562
19006.11328125,,1630000,-38.21299362182617,4159447.75,4964,-75870.47629871001,328,0.00244,0.0625220537185669,232.97,20374,178.06455993652344
8524.4091796875,20400,1632000,-38.19913864135742,2159389.0,4970,-75773.38633118,328,0.00244,0.053584933280944824,232.92,20399,177.4241943359375
3.339857578277588,,1640000,-38.232967376708984,0.008733246475458145,4994,-75590.01038961,328,0.00244,1.1920928955078125e-07,230.9,20499,177.52114868164062
,20500,1640000,,,4994,-75590.01038961,328,,,230.9,,
63.7305793762207,20600,1648000,-38.18269348144531,3.157794713973999,5018,-77495.40863636,328,0.00244,0.0,242.68,20599,176.00901794433594
30175.75,,1650000,-38.17989730834961,5702402.5,5024,-77401.90659091,328,0.00244,0.053157687187194824,246.93,20624,176.19468688964844
41746.16796875,20700,1656000,-38.255950927734375,7058901.5,5042,-77388.98,328,0.00244,-0.0311506986618042,247.13,20699,177.69493103027344
-6.798475742340088,,1660000,-38.372657775878906,0.7482449412345886,5054,-77305.47928571001,328,0.00244,5.960464477539063e-08,262.31,20749,181.63623046875
31122.146484375,20800,1664000,-38.493831634521484,5804377.5,5065,-75087.41909092,328,0.00244,0.06835776567459106,257.67,20799,186.17320251464844
96435.0234375,,1670000,-38.61166000366211,23132262.0,5083,-71879.51415586,328,0.00244,0.04650843143463135,246.18,20874,191.4871826171875
-415203.65625,20900,1672000,-38.63215255737305,690252096.0,5090,-71974.6481169,328,0.00244,0.003286004066467285,242.93,20899,191.48910522460938
-108378.5,,1680000,-38.786163330078125,318688832.0,5113,-71995.47993508,328,0.00244,0.002251267433166504,263.08,20999,195.30746459960938
,21000,1680000,,,5113,-71995.47993508,328,,,263.08,,
35419.24609375,21100,1688000,-38.89498519897461,8027467.5,5138,-78656.03337661,328,0.00244,0.023084640502929688,234.27,21099,200.13572692871094
4.279754638671875,,1690000,-38.979549407958984,0.014117464423179626,5144,-78665.37087661,328,0.00244,0.0,242.64,21124,203.0266571044922
-356929.34375,21200,1696000,-39.20716857910156,669025216.0,5162,-79772.61379869,328,0.00244,0.0008091926574707031,249.22,21199,210.98019409179688
-13.093451499938965,,1700000,-39.20268630981445,0.45488253235816956,5173,-77579.61237012,328,0.00244,0.7527512311935425,252.24,21249,211.78244018554688
-2155.52783203125,21300,1704000,-39.22407150268555,14421.7724609375,5185,-77366.74633116,328,0.00244,-2.6427459716796875,246.84,21299,211.3201141357422
4365.93505859375,,1710000,-39.23855209350586,1258348.375,5204,-77482.63792207,328,0.00244,-0.008687496185302734,245.36,21374,211.00625610351562
9.535778999328613,21400,1712000,-39.23109817504883,0.1500396877527237,5209,-77496.37909091,328,0.00244,0.5833104252815247,249.25,21399,211.9009246826172
21624.806640625,,1720000,-39.29061508178711,4617133.5,5233,-76114.54756494,328,0.00244,0.059343695640563965,258.18,21499,213.9880828857422
,21500,1720000,,,5233,-76114.54756494,328,,,258.18,,
4463.80810546875,21600,1728000,-39.32025909423828,1174298.0,5257,-76004.47048702001,328,0.00244,0.06071019172668457,248.8,21599,216.51708984375
38555.21484375,,1730000,-39.330074310302734,6275020.0,5263,-73803.60155845,328,0.00244,0.08022302389144897,248.87,21624,218.4578857421875
-282682.21875,21700,1736000,-39.37091827392578,598221248.0,5281,-71794.37003246999,328,0.00244,0.0019078850746154785,241.61,21699,219.52603149414062
-444665.15625,,1740000,-39.31562042236328,701358208.0,5293,-70585.83318182,328,0.00244,0.0003000497817993164,230.93,21749,217.0955047607422
55491.7265625,21800,1744000,-39.3321418762207,10045232.0,5305,-69789.67318182,328,0.00244,0.0,238.15,21799,215.77764892578125
28738.302734375,,1750000,-39.422332763671875,5659027.0,5323,-72187.64250001,328,0.00244,1.1265277862548828e-05,241.24,21874,217.79515075683594
29.537811279296875,21900,1752000,-39.39807891845703,0.6755530834197998,5329,-72283.53431819,328,0.00244,-0.06451523303985596,230.11,21899,217.77981567382812
-1737.577392578125,,1760000,-39.596168518066406,8991.7265625,5353,-76484.35568183,328,0.00244,-0.4325453042984009,245.86,21999,224.97789001464844
,22000,1760000,,,5353,-76484.35568183,328,,,245.86,,
29936.05078125,22100,1768000,-39.66856384277344,5493508.0,5377,-77794.32045456,328,0.00244,0.07039690017700195,246.04,22099,229.833984375
-459533.3125,,1770000,-39.67523193359375,705538880.0,5383,-77907.61363638,328,0.00244,0.0033731460571289062,245.23,22124,229.3517303466797
2451.553955078125,22200,1776000,-39.76721954345703,1189418.875,5401,-76700.75733767,328,0.00244,0.03862953186035156,242.64,22199,236.1726531982422
25.50286865234375,,1780000,-39.837581634521484,0.47734948992729187,5413,-76404.35165585,328,0.00244,0.0,255.92,22249,240.8915252685547
-18492.013671875,22300,1784000,-39.899471282958984,131305232.0,5425,-76595.8286039,328,0.00244,-0.0017232894897460938,247.07,22299,244.9521484375
33090.16796875,,1790000,-39.99825668334961,6628389.5,5444,-74291.61837663001,328,0.00244,0.05829036235809326,249.25,22374,247.53514099121094
11.841400146484375,22400,1792000,-39.991004943847656,0.10136734694242477,5450,-76690.99451299,328,0.00244,1.1920928955078125e-07,242.32,22399,246.2748260498047
19.397680282592773,,1800000,-40.051387786865234,0.8275503516197205,5475,-77832.98850648999,328,0.00244,0.018543601036071777,252.3,22499,247.12838745117188
,22500,1800000,,,5475,-77832.98850648999,328,,,252.3,,
80796.3046875,22600,1808000,-40.252315521240234,12782623.0,5501,-78219.79886364,328,0.00244,0.041765034198760986,240.79,22599,255.0493621826172
-8.43665885925293,,1810000,-40.28932189941406,0.05181219056248665,5508,-77924.85951298999,328,0.00244,-0.01386106014251709,246.18,22624,256.7891845703125
25702.162109375,22700,1816000,-40.38163757324219,4965005.0,5526,-77816.8786039,328,0.00244,0.06596434116363525,242.51,22699,260.01849365234375
7.112722873687744,,1820000,-40.41765213012695,0.08756735920906067,5538,-75617.94285715,328,0.00244,0.36635106801986694,242.48,22749,261.6444091796875
-708391.5,22800,1824000,-40.42913818359375,1256531968.0,5550,-75229.29094157,328,0.00244,0.002755105495452881,260.04,22799,262.9122314453125
1.3879270553588867,,1830000,-40.53186798095703,0.6346544623374939,5568,-75514.49753247,328,0.00244,-0.000967860221862793,245.98,22874,269.6595153808594
9.062435150146484,22900,1832000,-40.545501708984375,0.05794720724225044,5574,-75425.69538961,328,0.00244,0.002733767032623291,257.7,22899,270.4981689453125
-11.588055610656738,,1840000,-40.675148010253906,0.16015206277370453,5599,-75930.24318182,328,0.00244,0.1533549427986145,247.61,22999,276.04656982421875
,23000,1840000,,,5599,-75930.24318182,328,,,247.61,,
9498.3544921875,23100,1848000,-40.73716354370117,2284682.5,5623,-78709.16788961,328,0.00244,-6.783008575439453e-05,222.58,23099,278.8974609375
-726691.8125,,1850000,-40.753719329833984,1248556928.0,5629,-78311.89288961001,328,0.00244,0.002675354480743408,229.35,23124,281.2032470703125
85485.2109375,23200,1856000,-40.84417724609375,19743790.0,5648,-78429.68435063999,328,0.00244,0.03342920541763306,220.31,23199,285.591552734375
-368705.34375,,1860000,-40.96989059448242,726473984.0,5660,-76161.17863635001,328,0.00244,0.0034241080284118652,234.58,23249,295.36053466796875
-1.9652217626571655,23300,1864000,-41.09210968017578,0.006210796535015106,5672,-76073.58113635,328,0.00244,-0.36184823513031006,240.41,23299,301.85137939453125
71702.5859375,,1870000,-41.14146041870117,12015539.0,5690,-75687.19980517,328,0.00244,-0.0004863739013671875,251.24,23374,302.0709228515625
37757.90625,23400,1872000,-41.13990020751953,6504775.5,5696,-75600.86162335,328,0.00244,1.6450881958007812e-05,256.28,23399,300.7880554199219
0.37482085824012756,,1880000,-41.31861114501953,0.0011438977671787143,5720,-73179.06071427,328,0.00244,0.33214277029037476,256.52,23499,312.3605651855469
,23500,1880000,,,5720,-73179.06071427,328,,,256.52,,
32815.73046875,23600,1888000,-41.418556213378906,5930943.5,5746,-74648.37142856,328,0.00244,0.0,256.24,23599,316.982177734375
-2078.222412109375,,1890000,-41.409759521484375,14523.2080078125,5753,-74746.76892856,328,0.00244,-17.77324104309082,255.87,23624,315.3870544433594
-125.10283660888672,23700,1896000,-41.47499084472656,132.9500732421875,5773,-77053.86629870001,328,0.00244,0.2202048897743225,242.63,23699,320.0882568359375
42055.99609375,,1900000,-41.50714874267578,6744005.5,5785,-76783.33404762001,328,0.00244,0.00037848949432373047,255.48,23749,320.86834716796875
-447055.09375,23800,1904000,-41.65912628173828,711677632.0,5797,-76979.82706709999,328,0.00244,0.003824591636657715,251.58,23799,329.66705322265625
51525.47265625,,1910000,-41.69857406616211,8661778.0,5815,-74304.48297618999,328,0.00244,0.012363791465759277,254.04,23874,330.03265380859375
-478366.09375,23900,1912000,-41.7171630859375,701349376.0,5822,-74015.48059523999,328,0.00244,0.003965139389038086,265.59,23899,332.44439697265625
35842.4921875,,1920000,-41.725337982177734,6298811.5,5849,-75258.78070346,328,0.00244,-0.0035049915313720703,228.01,23999,336.4832458496094
,24000,1920000,,,5849,-75258.78070346,328,,,228.01,,
-757726.125,24100,1928000,-41.74848937988281,1228646400.0,5875,-78661.34586581001,328,0.00244,0.005939066410064697,200.56,24099,337.00225830078125
100.83212280273438,,1930000,-41.719173431396484,7.2809271812438965,5881,-78956.58524893,328,0.00244,0.3994719386100769,189.15,24124,337.10040283203125
-20.197921752929688,24200,1936000,-41.810848236083984,0.34199950098991394,5899,-78856.60892858001,328,0.00244,0.9283870458602905,200.66,24199,342.2769470214844
9123.357421875,,1940000,-41.89125061035156,2123751.25,5911,-76856.29808442999,328,0.00244,0.06509506702423096,220.9,24249,346.3707275390625
-288646.09375,24300,1944000,-41.999996185302734,569460032.0,5924,-76538.35321429,328,0.00244,0.0013550519943237305,225.44,24299,352.998291015625
40355.65625,,1950000,-42.0225830078125,5998940.0,5944,-78422.39222944,328,0.00244,0.09870994091033936,227.11,24374,357.10723876953125
-453810.59375,24400,1952000,-42.10951232910156,712323328.0,5950,-78220.77203464,328,0.00244,0.0007105469703674316,231.19,24399,363.28338623046875
-178249.421875,,1960000,-42.121185302734375,451207232.0,5977,-75633.24681818,327,0.00244,0.0019712448120117188,231.3,24499,360.4106140136719
,24500,1960000,,,5977,-75633.24681818,327,,,231.3,,
-191104.140625,24600,1968000,-42.170650482177734,384922176.0,6004,-73735.09240259002,327,0.00244,0.0016282200813293457,226.6,24599,363.97412109375
-37.247886657714844,,1970000,-42.164154052734375,11.640149116516113,6011,-73549.60694804,327,0.00244,-3.468729019165039,234.38,24624,363.9967956542969
24.501224517822266,24700,1976000,-42.1140251159668,1.073876976966858,6030,-69456.15410172,327,0.00244,0.10013902187347412,233.49,24699,358.478271484375
-150007.828125,,1980000,-42.10409164428711,390595008.0,6043,-74259.67957790999,327,0.00244,0.0024536848068237305,216.19,24749,359.5625915527344
-275912.8125,24800,1984000,-42.111541748046875,532335872.0,6055,-74137.58314934,327,0.00244,0.0015342235565185547,211.69,24799,363.2112731933594
121620.375,,1990000,-42.07802200317383,25430748.0,6074,-74150.21419912,327,0.00244,0.00034731626510620117,219.2,24874,358.54168701171875
13.047194480895996,24900,1992000,-42.12032699584961,0.18389634788036346,6080,-73850.68257574,327,0.00244,-0.2677346467971802,215.12,24899,361.021728515625
-16860.255859375,,2000000,-42.170814514160156,131618520.0,6104,-75847.32764067,327,0.00244,0.0002757906913757324,217.79,24999,368.48046875
,25000,2000000,,,6104,-75847.32764067,327,,,217.79,,
