train/entropy_loss,rollout/ep_len_mean,train/policy_loss,time/iterations,time/fps,time/total_timesteps,time/time_elapsed,train/std,train/value_loss,train/learning_rate,rollout/ep_rew_mean,train/explained_variance,train/n_updates
-12.831985473632812,20.231578947368423,-500988.59375,100,388,2000,5,1.0070993900299072,3392538112.0,0.0007,-212009.7193211158,0.0,99
-12.8473539352417,19.02,-241593.609375,200,387,4000,10,1.0089025497436523,435844416.0,0.0007,-216271.20175624,-1.1920928955078125e-07,199
-12.837695121765137,15.24,-361208.09375,300,385,6000,15,1.0075334310531616,1464830336.0,0.0007,-151465.16185789,-1.1920928955078125e-07,299
-12.86974811553955,14.32,-33183.3515625,400,389,8000,20,1.0113694667816162,553757120.0,0.0007,-147467.06641101002,0.0,399
-12.907843589782715,13.73,-296282.46875,500,393,10000,25,1.0159498453140259,925314240.0,0.0007,-139173.95095036,-2.384185791015625e-07,499
-12.898688316345215,12.19,-296852.03125,600,389,12000,30,1.0143510103225708,1315266432.0,0.0007,-119794.59750224998,0.0,599
-12.9384183883667,14.46,-213720.875,700,388,14000,36,1.0194870233535767,462328800.0,0.0007,-127081.72338174003,1.1920928955078125e-07,699
-12.956860542297363,13.28,-658302.9375,800,387,16000,41,1.021395206451416,3448652544.0,0.0007,-150091.67825578002,5.960464477539063e-08,799
-12.950823783874512,8.57,-15723.337890625,900,386,18000,46,1.0209518671035767,894876480.0,0.0007,-73725.12960679,0.0,899
-12.950052261352539,9.38,-492992.5,1000,385,20000,51,1.0207674503326416,2718269184.0,0.0007,-80455.8282829,0.0,999
-12.924771308898926,9.53,-151127.421875,1100,386,22000,56,1.017540693283081,1106346368.0,0.0007,-68602.52132423999,1.1920928955078125e-07,1099
-12.93216609954834,9.92,-471523.40625,1200,387,24000,62,1.0183016061782837,2492645120.0,0.0007,-59446.82421351,-1.1920928955078125e-07,1199
-12.930987358093262,12.19,-7098.03271484375,1300,389,26000,66,1.0182985067367554,2791249152.0,0.0007,-51358.760854039996,0.0,1299
-12.940518379211426,12.06,-247571.15625,1400,389,28000,71,1.0195579528808594,2140136704.0,0.0007,-60772.916719279994,0.0,1399
-12.914938926696777,11.32,62933.4453125,1500,390,30000,76,1.0172137022018433,1939324544.0,0.0007,-78781.30810376999,0.0,1499
-12.900250434875488,10.3,-332048.9375,1600,392,32000,81,1.014935851097107,2016029696.0,0.0007,-63090.15197628,-1.1920928955078125e-07,1599
-12.905715942382812,11.26,40871.19921875,1700,391,34000,86,1.016003131866455,1274317824.0,0.0007,-104625.67520242,0.0,1699
-12.928816795349121,12.17,-263756.34375,1800,389,36000,92,1.0185550451278687,1092845440.0,0.0007,-54483.06909545999,-1.1920928955078125e-07,1799
-12.92077350616455,10.51,-52027.11328125,1900,389,38000,97,1.017155408859253,1553310848.0,0.0007,-17758.61425952,0.0,1899
-12.919323921203613,11.08,-265317.71875,2000,389,40000,102,1.0174691677093506,611116096.0,0.0007,-45978.125616,2.384185791015625e-07,1999
-12.942357063293457,10.93,10909.2255859375,2100,388,42000,108,1.020222544670105,2733350656.0,0.0007,-43466.29409779,0.0,2099
-12.922106742858887,12.1,376995.5,2200,388,44000,113,1.0178579092025757,3734136576.0,0.0007,-46697.48433424,-1.1920928955078125e-07,2199
-12.912121772766113,12.5,-505592.8125,2300,388,46000,118,1.0164142847061157,4964283392.0,0.0007,-71650.91309603999,-1.1920928955078125e-07,2299
-12.898279190063477,11.38,-792990.4375,2400,387,48000,123,1.0145527124404907,5285419008.0,0.0007,-61659.922061979996,0.0,2399
-12.890973091125488,12.14,-134153.703125,2500,386,50000,129,1.014264464378357,1810749056.0,0.0007,-74655.48765087,0.0,2499
-12.921284675598145,10.68,-252823.15625,2600,387,52000,134,1.017902135848999,808843904.0,0.0007,-56901.09790785001,5.960464477539063e-08,2599
-12.950418472290039,13.49,-75665.0625,2700,387,54000,139,1.0214221477508545,1884684928.0,0.0007,-81084.78035321,0.0,2699
-12.942301750183105,15.25,63549.5078125,2800,379,56000,147,1.0204282999038696,852135552.0,0.0007,-99919.24854602,0.0,2799
-12.952670097351074,15.43,-137026.546875,2900,380,58000,152,1.0216459035873413,2111261056.0,0.0007,-88234.90928099,0.0,2899
-12.950798034667969,12.51,-465106.84375,3000,380,60000,157,1.0218149423599243,3484003584.0,0.0007,-66001.24099002,0.0,2999
-12.944066047668457,12.41,-505577.5,3100,380,62000,162,1.021089792251587,3605016576.0,0.0007,-59031.62381064,5.960464477539063e-08,3099
-12.964248657226562,11.12,-382280.8125,3200,381,64000,167,1.0234206914901733,3028024576.0,0.0007,-117456.70291972999,1.1920928955078125e-07,3199
-13.012316703796387,11.61,12034.5654296875,3300,381,66000,172,1.0285770893096924,1067737408.0,0.0007,-56330.906533359994,-1.1920928955078125e-07,3299
-12.992494583129883,12.52,86810.1484375,3400,381,68000,178,1.026197075843811,3239473152.0,0.0007,-56921.761327429995,0.0,3399
-13.009422302246094,11.02,-422083.40625,3500,381,70000,183,1.028309941291809,2228528128.0,0.0007,-57524.64912935,1.1920928955078125e-07,3499
-13.021796226501465,14.08,-210792.875,3600,382,72000,188,1.0292047262191772,2629694208.0,0.0007,-96333.81360089999,0.0,3599
-13.023857116699219,12.42,-485970.8125,3700,382,74000,193,1.0297597646713257,3999666176.0,0.0007,-54598.16530998,0.0,3699
-12.992352485656738,15.56,-253498.125,3800,382,76000,198,1.0264936685562134,1742602624.0,0.0007,-59739.633681110005,0.0,3799
-12.969161987304688,20.9,-277033.21875,3900,382,78000,203,1.0238473415374756,608444032.0,0.0007,-133451.99277595,-1.1920928955078125e-07,3899
-12.97460651397705,15.2,-476432.0,4000,382,80000,208,1.0248655080795288,2929853696.0,0.0007,-81105.57141764999,1.1920928955078125e-07,3999
-12.975000381469727,12.04,-401965.96875,4100,383,82000,213,1.0246641635894775,2556498432.0,0.0007,-92178.925564,0.0,4099
-12.972516059875488,11.83,470589.0,4200,383,84000,219,1.0244441032409668,3304142848.0,0.0007,-87049.41072233999,0.0,4199
-12.986355781555176,14.28,102033.265625,4300,384,86000,223,1.02615487575531,2289943552.0,0.0007,-75787.72985325,2.384185791015625e-07,4299
-12.99169635772705,13.05,-468542.3125,4400,384,88000,228,1.0264856815338135,3024515072.0,0.0007,-60583.388948600004,0.0,4399
-12.997177124023438,12.38,-124978.953125,4500,384,90000,233,1.0265699625015259,1581764736.0,0.0007,-44858.061786720005,0.0,4499
-12.985623359680176,12.73,51133.54296875,4600,385,92000,238,1.0259772539138794,2336725504.0,0.0007,-24059.41402602,0.0,4599
-12.975814819335938,10.31,-638705.6875,4700,385,94000,244,1.0249168872833252,4490963456.0,0.0007,-36364.16025743,-1.1920928955078125e-07,4699
-12.979631423950195,16.14,-33371.2265625,4800,385,96000,249,1.0244214534759521,3248102400.0,0.0007,-80860.79796711,0.0,4799
-12.937860488891602,11.45,-520135.21875,4900,385,98000,254,1.0203570127487183,4183961344.0,0.0007,-58509.66177821001,2.384185791015625e-07,4899
-12.925251960754395,11.29,-102884.6171875,5000,386,100000,259,1.0194931030273438,814728896.0,0.0007,-17121.941588199996,0.0,4999
-12.91977596282959,9.55,-93631.6484375,5100,386,102000,264,1.0183568000793457,316497920.0,0.0007,-4879.60273765,0.0,5099
-12.929117202758789,15.12,69560.296875,5200,385,104000,269,1.0189710855484009,3209111808.0,0.0007,-75492.27356850999,0.0,5199
-12.933616638183594,10.35,89953.09375,5300,385,106000,274,1.01963210105896,1884213120.0,0.0007,-14178.7094246,0.0,5299
-12.947089195251465,10.34,27597.6875,5400,385,108000,279,1.0209308862686157,3421267712.0,0.0007,-14973.154719270002,0.0,5399
-12.92455768585205,10.93,38018.0625,5500,386,110000,284,1.0189111232757568,3690872832.0,0.0007,-39009.15806427,0.0,5499
-12.908838272094727,9.43,328206.78125,5600,386,112000,289,1.0166895389556885,2813159680.0,0.0007,17800.41075983,1.1920928955078125e-07,5599
-12.890167236328125,8.68,-36263.7734375,5700,386,114000,294,1.0147119760513306,2060919680.0,0.0007,27850.635205990002,0.0,5699
-12.918307304382324,9.33,-14791.4755859375,5800,386,116000,300,1.0178829431533813,3929282560.0,0.0007,24694.72671625,0.0,5799
-12.918950080871582,8.37,388380.8125,5900,386,118000,305,1.0177977085113525,3211500288.0,0.0007,17850.0444925,1.1920928955078125e-07,5899
-12.88443660736084,9.29,-87036.0546875,6000,386,120000,310,1.0139970779418945,4605881856.0,0.0007,25169.3120482,0.0,5999
-12.84777545928955,9.77,-80755.3828125,6100,386,122000,315,1.0100970268249512,2814209792.0,0.0007,25506.86759499,0.0,6099
-12.825472831726074,9.41,390589.59375,6200,386,124000,320,1.0071407556533813,3032263936.0,0.0007,26306.928608050002,-1.1920928955078125e-07,6199
-12.833650588989258,11.77,127526.828125,6300,386,126000,325,1.0084986686706543,2046888960.0,0.0007,-21451.05643127,0.0,6299
-12.856719970703125,12.26,-92446.9765625,6400,386,128000,331,1.0107208490371704,5691288064.0,0.0007,-36459.39135862,0.0,6399
-12.863337516784668,10.81,-262599.84375,6500,386,130000,336,1.0116136074066162,2132816512.0,0.0007,-35712.467381279996,1.7881393432617188e-07,6499
-12.830118179321289,11.84,283549.75,6600,386,132000,341,1.0075589418411255,4168298496.0,0.0007,-3925.7929312300007,5.960464477539063e-08,6599
-12.838922500610352,8.88,527564.75,6700,386,134000,346,1.0090086460113525,4745636864.0,0.0007,55939.84517154001,0.0,6699
-12.845044136047363,9.18,-211971.046875,6800,386,136000,351,1.0099231004714966,3189449216.0,0.0007,49873.94146032,0.0,6799
-12.857927322387695,10.0,482192.15625,6900,386,138000,356,1.010812759399414,6221041152.0,0.0007,13735.065215659999,-1.1920928955078125e-07,6899
-12.875933647155762,12.21,121908.8046875,7000,386,140000,361,1.0126190185546875,3109344000.0,0.0007,-57245.071110970006,0.0,6999
-12.879931449890137,14.44,92892.765625,7100,386,142000,367,1.0131688117980957,1163836032.0,0.0007,-14383.311327559999,1.1920928955078125e-07,7099
-12.862922668457031,8.58,54425.76171875,7200,386,144000,372,1.0108718872070312,877416960.0,0.0007,40335.53493171,0.0,7199
-12.897407531738281,9.72,162264.421875,7300,387,146000,377,1.0146604776382446,1806550272.0,0.0007,49474.95504406001,0.0,7299
-12.909357070922852,14.12,-190356.234375,7400,387,148000,382,1.0163921117782593,2641073152.0,0.0007,-7440.696382460001,0.0,7399
-12.880449295043945,17.82,109094.5234375,7500,387,150000,387,1.0130467414855957,2449098496.0,0.0007,-73603.06314863,0.0,7499
-12.854333877563477,10.93,-339804.90625,7600,387,152000,392,1.0103569030761719,3661187584.0,0.0007,-15553.111204530001,0.0,7599
-12.838203430175781,12.68,44702.85546875,7700,387,154000,397,1.0084797143936157,1041381184.0,0.0007,15256.07360671,0.0,7699
-12.8403902053833,8.76,215614.15625,7800,387,156000,402,1.008360505104065,4081437184.0,0.0007,20987.875828940003,0.0,7799
-12.830713272094727,11.02,130808.640625,7900,387,158000,407,1.007391333580017,2248426240.0,0.0007,42779.83059953,1.1920928955078125e-07,7899
-12.820093154907227,8.8,-169881.609375,8000,387,160000,412,1.0067325830459595,3211780096.0,0.0007,66578.46668561001,-1.1920928955078125e-07,7999
-12.812838554382324,10.57,19076.755859375,8100,387,162000,417,1.0055747032165527,2821040896.0,0.0007,16535.52849469,0.0,8099
-12.826525688171387,19.69,-503020.5,8200,387,164000,422,1.0066362619400024,2955466496.0,0.0007,-215328.31126086,-1.1920928955078125e-07,8199
-12.829965591430664,14.79,-112210.578125,8300,388,166000,427,1.0070550441741943,4698244608.0,0.0007,-61579.81519008,0.0,8299
-12.835650444030762,8.86,134261.96875,8400,388,168000,432,1.0077139139175415,2916108288.0,0.0007,58965.443508640004,0.0,8399
-12.850817680358887,12.04,190408.453125,8500,388,170000,438,1.0098644495010376,2449679104.0,0.0007,-348.4202551900037,-1.1920928955078125e-07,8499
-12.879870414733887,9.78,359704.625,8600,388,172000,443,1.0130846500396729,3894502144.0,0.0007,46584.76534003,0.0,8599
-12.870877265930176,17.12,-335120.65625,8700,387,174000,448,1.0120172500610352,1943123200.0,0.0007,-84840.82561309001,0.0,8699
-12.869366645812988,14.74,137480.921875,8800,387,176000,454,1.0116795301437378,2843290368.0,0.0007,-64861.1511279,0.0,8799
-12.873018264770508,9.17,67070.3359375,8900,387,178000,459,1.0121203660964966,2954287104.0,0.0007,-4235.079438260001,0.0,8899
-12.860223770141602,10.83,-61352.15625,9000,387,180000,464,1.0104742050170898,4309893120.0,0.0007,-1406.3161764799995,0.0,8999
-12.879061698913574,6.43,-200779.375,9100,387,182000,469,1.013497233390808,3757722368.0,0.0007,-43699.55742131,0.0,9099
-12.878094673156738,8.57,499454.25,9200,387,184000,474,1.0131661891937256,3931524352.0,0.0007,43580.67634127,0.0,9199
-12.87088680267334,8.49,247662.046875,9300,387,186000,479,1.0125346183776855,2520075776.0,0.0007,53946.58504443,0.0,9299
-12.8620023727417,13.76,-541326.625,9400,387,188000,484,1.011258602142334,2870755840.0,0.0007,-120115.17740080999,1.1920928955078125e-07,9399
-12.876477241516113,10.13,66240.765625,9500,387,190000,490,1.0127756595611572,1391965824.0,0.0007,-36941.14787662,0.0,9499
-12.89691162109375,10.19,491276.21875,9600,387,192000,495,1.0151562690734863,4067274752.0,0.0007,24406.05310255,0.0,9599
-12.889724731445312,9.08,464487.15625,9700,387,194000,500,1.0141422748565674,4242529536.0,0.0007,27497.89462013,0.0,9699
-12.874346733093262,9.9,-226830.984375,9800,387,196000,505,1.012946367263794,649208320.0,0.0007,37626.025167830005,0.0,9799
-12.851092338562012,12.96,-79385.6484375,9900,387,198000,510,1.0099865198135376,4712708608.0,0.0007,-7537.077490640001,0.0,9899
-12.840155601501465,12.89,-255314.703125,10000,387,200000,515,1.008832335472107,714514240.0,0.0007,21973.29821147,0.0,9999
-12.824042320251465,11.42,67267.5390625,10100,387,202000,521,1.0068809986114502,1491517056.0,0.0007,11329.309567420001,0.0,10099
-12.8021821975708,12.99,-279317.65625,10200,387,204000,526,1.0044618844985962,733259200.0,0.0007,27625.04743314,0.0,10199
-12.8063383102417,12.23,-87708.1796875,10300,387,206000,531,1.0052618980407715,2093674880.0,0.0007,-19181.906441979998,0.0,10299
-12.7743558883667,10.62,-161753.0,10400,387,208000,536,1.0017411708831787,349527616.0,0.0007,-16285.57778723,5.960464477539063e-08,10399
-12.755358695983887,12.68,-48011.43359375,10500,387,210000,541,0.9997889399528503,4033486848.0,0.0007,-30247.02573053,0.0,10499
-12.696322441101074,9.47,-121359.0,10600,387,212000,546,0.9932686686515808,169509952.0,0.0007,69838.58394408,0.0,10599
-12.686803817749023,11.25,406968.90625,10700,387,214000,551,0.9920254945755005,6174167040.0,0.0007,28665.212515799998,1.1920928955078125e-07,10699
-12.70606803894043,9.42,307835.84375,10800,388,216000,556,0.9943084716796875,2232459776.0,0.0007,40438.094867190004,0.0,10799
-12.666446685791016,10.35,54096.3125,10900,387,218000,561,0.9895395636558533,2692802304.0,0.0007,44849.50974524999,-1.1920928955078125e-07,10899
-12.621851921081543,13.43,-367587.59375,11000,387,220000,567,0.9851199388504028,1134723968.0,0.0007,8879.027209410002,0.0,10999
-12.605264663696289,14.83,-94884.0,11100,387,222000,572,0.9833042621612549,1674052992.0,0.0007,-11715.95527639,1.7881393432617188e-07,11099
-12.611248016357422,12.89,147909.421875,11200,388,224000,577,0.9840507507324219,2433471744.0,0.0007,-35349.745227039995,0.0,11199
-12.620092391967773,13.21,274061.3125,11300,388,226000,582,0.9847887754440308,2764382464.0,0.0007,-199.9764244499989,0.0,11299
-12.603048324584961,11.02,-303628.84375,11400,388,228000,587,0.9827350974082947,3575332096.0,0.0007,-28811.833658479998,0.0,11399
-12.609455108642578,12.29,-4362.6875,11500,388,230000,592,0.9837801456451416,5579086336.0,0.0007,11649.08957797,0.0,11499
-12.603732109069824,8.61,-34467.71484375,11600,388,232000,597,0.983170747756958,4558427648.0,0.0007,3762.7717310799994,0.0,11599
-12.612783432006836,12.08,-37122.2421875,11700,388,234000,602,0.9842612147331238,1976249344.0,0.0007,-13555.658758199996,5.960464477539063e-08,11699
-12.633440971374512,15.2,280046.3125,11800,388,236000,608,0.9865725040435791,4971256320.0,0.0007,-87046.32376202001,-1.1920928955078125e-07,11799
-12.635995864868164,10.97,-39740.67578125,11900,388,238000,613,0.9871470332145691,7800733696.0,0.0007,-46593.909757009984,0.0,11899
-12.647459030151367,13.14,640398.8125,12000,387,240000,618,0.98829585313797,5469851136.0,0.0007,-36139.5973192,-1.1920928955078125e-07,11999
-12.669054985046387,9.57,-191164.921875,12100,387,242000,623,0.9908080697059631,2179051520.0,0.0007,3021.043379799999,1.1920928955078125e-07,12099
-12.657355308532715,14.71,488722.25,12200,388,244000,628,0.98906409740448,4117805568.0,0.0007,-18605.60371962,1.1920928955078125e-07,12199
-12.65359878540039,13.3,129474.0546875,12300,388,246000,633,0.9881534576416016,1502060928.0,0.0007,17012.710495690004,0.0,12299
-12.651603698730469,10.52,487692.96875,12400,388,248000,638,0.9881981611251831,3225690624.0,0.0007,40235.19719712999,5.960464477539063e-08,12399
-12.60029411315918,11.48,145188.453125,12500,388,250000,643,0.9826480150222778,1873386752.0,0.0007,16658.390723570003,0.0,12499
-12.59946346282959,9.81,3577.09375,12600,388,252000,649,0.9832534790039062,3460802304.0,0.0007,-9609.88997683,0.0,12599
-12.571554183959961,9.06,-104291.6015625,12700,388,254000,654,0.9804770350456238,2747192576.0,0.0007,30295.61620433,0.0,12699
-12.567790031433105,8.24,91802.234375,12800,388,256000,659,0.9801310300827026,495174752.0,0.0007,55624.778971379994,0.0,12799
-12.60650634765625,14.16,-60964.7890625,12900,388,258000,664,0.9842050671577454,551358080.0,0.0007,-10130.88734556,0.0,12899
-12.570101737976074,13.1,92886.1171875,13000,388,260000,669,0.9806353449821472,1342489984.0,0.0007,-25051.132623070003,0.0,12999
-12.543437004089355,7.25,-844695.1875,13100,388,262000,674,0.9774263501167297,5829359104.0,0.0007,-11900.810300899997,0.0,13099
-12.55319595336914,7.65,256035.171875,13200,388,264000,680,0.9791182279586792,2332053504.0,0.0007,-55952.22028434,0.0,13199
-12.563815116882324,9.76,29212.818359375,13300,388,266000,685,0.9796104431152344,2689295104.0,0.0007,-62471.149589579996,0.0,13299
-12.551074028015137,14.92,-543684.4375,13400,388,268000,690,0.9779807329177856,4754123264.0,0.0007,-112847.15057289001,5.960464477539063e-08,13399
-12.599040031433105,21.82,-1231909.25,13500,388,270000,695,0.9824856519699097,9209866240.0,0.0007,-375142.77247197,0.0,13499
-12.546839714050293,35.54,-950286.625,13600,388,272000,700,0.9779766798019409,7317504000.0,0.0007,-834613.2585810301,0.0,13599
-12.581873893737793,14.18,-1109691.875,13700,388,274000,705,0.9814674854278564,8374897152.0,0.0007,-342130.58409031,1.7881393432617188e-07,13699
-12.612086296081543,16.79,-1089461.75,13800,388,276000,710,0.9851886034011841,9790440448.0,0.0007,-414997.32209778996,-1.1920928955078125e-07,13799
-12.616329193115234,40.85,-1080709.625,13900,388,278000,716,0.9853388667106628,8720337920.0,0.0007,-1130216.10601879,5.960464477539063e-08,13899
-12.686336517333984,50.82,-1081822.875,14000,388,280000,721,0.9934601187705994,9790379008.0,0.0007,-1426089.8082832,0.0,13999
-12.657782554626465,80.85,-1013662.625,14100,388,282000,725,0.98987877368927,7929977344.0,0.0007,-2318072.91666272,-1.1920928955078125e-07,14099
-12.649304389953613,90.82,-1080657.25,14200,388,284000,731,0.9892981052398682,9790320640.0,0.0007,-2617686.23732688,1.1920928955078125e-07,14199
-12.657803535461426,120.66,-1095962.625,14300,388,286000,736,0.990057110786438,9790291968.0,0.0007,-3516249.1451390805,1.1920928955078125e-07,14299
-12.638941764831543,130.33,-1111194.75,14400,388,288000,740,0.9876481294631958,9790262272.0,0.0007,-3808740.424732231,0.0,14399
-12.624372482299805,159.96,-1062797.375,14500,388,290000,746,0.985920786857605,8893768704.0,0.0007,-4703113.154739041,0.0,14499
-12.66523551940918,186.87,-909137.3125,14600,388,292000,751,0.9900200963020325,6652716544.0,0.0007,-5476285.47014537,0.0,14599
-12.690876007080078,36.76,-741287.1875,14700,388,294000,756,0.9931708574295044,5611230208.0,0.0007,-944963.7072905902,0.0,14699
-12.720884323120117,14.43,-772141.75,14800,388,296000,761,0.996232807636261,5601520128.0,0.0007,-273014.16593168007,-1.1920928955078125e-07,14799
-12.724275588989258,24.73,-739570.1875,14900,388,298000,766,0.9969509840011597,5255595520.0,0.0007,-567845.9006424099,-1.1920928955078125e-07,14899
-12.770320892333984,18.63,-1042522.0,15000,388,300000,771,1.0026133060455322,9061405696.0,0.0007,-405578.81091361004,-1.1920928955078125e-07,14999
-12.7911376953125,32.56,-347394.5625,15100,388,302000,776,1.004597544670105,2390183680.0,0.0007,-818664.35349609,5.960464477539063e-08,15099
-12.8035306930542,17.52,-863175.4375,15200,388,304000,781,1.0057144165039062,4961397760.0,0.0007,-358838.92209525994,0.0,15199
-12.820136070251465,22.19,-1060009.0,15300,388,306000,787,1.0078223943710327,8690065408.0,0.0007,-487515.24753662007,0.0,15299
-12.818099975585938,28.09,-1054496.0,15400,388,308000,792,1.0082454681396484,9789986816.0,0.0007,-662700.1433577101,0.0,15399
-12.852179527282715,60.47,-1094636.0,15500,388,310000,797,1.011840581893921,9134704640.0,0.0007,-1640274.4211070198,0.0,15499
-12.893750190734863,65.31,-1163379.25,15600,388,312000,802,1.0163942575454712,9789934592.0,0.0007,-1811255.5279034404,-1.1920928955078125e-07,15599
-12.894848823547363,65.31,-1252671.25,15700,388,314000,807,1.015902042388916,9789901824.0,0.0007,-1811255.5279034404,0.0,15699
-12.899238586425781,104.82,-1134050.875,15800,388,316000,812,1.0170618295669556,9789876224.0,0.0007,-3002177.40063056,5.960464477539063e-08,15799
-12.903345108032227,80.14,-964356.3125,15900,388,318000,817,1.0178865194320679,7620916224.0,0.0007,-2183929.0571611,-1.1920928955078125e-07,15899
-12.949981689453125,13.83,-707458.9375,16000,388,320000,823,1.0231777429580688,5126802432.0,0.0007,-127039.97047706,0.0,15999
-12.937349319458008,22.48,-1113944.0,16100,388,322000,828,1.0220264196395874,9789799424.0,0.0007,-390014.90493833,0.0,16099
-12.943429946899414,22.48,-1024836.5,16200,388,324000,833,1.02245032787323,8174621696.0,0.0007,-390014.90493833,0.0,16199
-12.960977554321289,68.57,-521585.21875,16300,388,326000,839,1.0240514278411865,3778787328.0,0.0007,-1642984.9097945401,0.0,16299
-12.983909606933594,51.33,-812517.8125,16400,388,328000,844,1.0269652605056763,5017697792.0,0.0007,-1068946.42566921,5.960464477539063e-08,16399
-12.962658882141113,40.27,-684439.875,16500,388,330000,850,1.0244522094726562,5524894720.0,0.0007,-722701.1484359703,0.0,16499
-12.955408096313477,48.52,-768013.0,16600,388,332000,855,1.0237312316894531,5192308224.0,0.0007,-906324.06678641,0.0,16599
-12.970260620117188,54.79,-786995.6875,16700,387,334000,861,1.0252701044082642,4530228736.0,0.0007,-1066405.1236217,0.0,16699
-13.009753227233887,47.51,-922313.4375,16800,387,336000,866,1.0298960208892822,6288276992.0,0.0007,-895768.754377,0.0,16799
-13.013388633728027,47.77,-208275.875,16900,387,338000,872,1.0304991006851196,2766175488.0,0.0007,-944207.6259201,0.0,16899
-13.0495023727417,42.25,-862836.4375,17000,387,340000,877,1.0344713926315308,5453156864.0,0.0007,-817375.1433378201,0.0,16999
-13.121853828430176,41.52,-527487.125,17100,387,342000,882,1.042547583580017,2760439040.0,0.0007,-926547.30645721,0.0,17099
-13.177057266235352,28.52,-496046.65625,17200,387,344000,888,1.049770712852478,3904853760.0,0.0007,-579340.36240658,-2.384185791015625e-07,17199
-13.185076713562012,26.94,-987271.1875,17300,387,346000,893,1.050061821937561,6981266944.0,0.0007,-500692.16087991,-2.384185791015625e-07,17299
-13.177133560180664,41.82,-939771.9375,17400,387,348000,898,1.0494359731674194,6856056320.0,0.0007,-881478.90371285,-1.1920928955078125e-07,17399
-13.18652629852295,53.01,-1237319.75,17500,387,350000,904,1.0503050088882446,10415385600.0,0.0007,-1188478.12034506,1.1920928955078125e-07,17499
-13.204398155212402,42.38,-710588.4375,17600,386,352000,909,1.0532280206680298,4624372736.0,0.0007,-915241.69763494,1.1920928955078125e-07,17599
-13.183966636657715,33.1,-770193.3125,17700,386,354000,914,1.050112009048462,4604509696.0,0.0007,-655063.22947131,1.1920928955078125e-07,17699
-13.209307670593262,46.51,-777418.9375,17800,386,356000,920,1.0535374879837036,4671045120.0,0.0007,-934752.85496688,-1.1920928955078125e-07,17799
-13.245851516723633,62.76,-893028.6875,17900,386,358000,925,1.0574804544448853,5699835392.0,0.0007,-1285045.31129039,2.384185791015625e-07,17899
-13.267779350280762,62.66,-819455.0625,18000,387,360000,930,1.0598061084747314,4358538752.0,0.0007,-1291860.0376854602,-1.1920928955078125e-07,17999
-13.206381797790527,83.44,-861003.5,18100,387,362000,935,1.0530598163604736,5365637120.0,0.0007,-1762143.6562383203,5.960464477539063e-08,18099
-13.19800090789795,92.98,-925860.5,18200,387,364000,940,1.051833152770996,6038164480.0,0.0007,-1995203.2196574798,0.0,18199
-13.179532051086426,71.54,-799942.6875,18300,387,366000,945,1.0500274896621704,4672705536.0,0.0007,-1529933.3268173302,0.0,18299
-13.190881729125977,85.67,-828999.6875,18400,387,368000,950,1.051527738571167,4710861824.0,0.0007,-1837700.3556614397,-1.1920928955078125e-07,18399
-13.21195125579834,54.03,-915409.1875,18500,387,370000,955,1.0541912317276,5913382912.0,0.0007,-1123698.4959503,-1.1920928955078125e-07,18499
-13.243700981140137,65.57,-882048.1875,18600,387,372000,960,1.0580496788024902,5760992768.0,0.0007,-1407441.67431508,0.0,18599
-13.215603828430176,52.98,-545442.3125,18700,387,374000,966,1.0544008016586304,2707677440.0,0.0007,-1150939.2121926097,0.0,18699
-13.223433494567871,63.01,-873274.0,18800,387,376000,971,1.055438756942749,5071724032.0,0.0007,-1382508.32853372,0.0,18799
-13.247583389282227,72.63,-945813.625,18900,387,378000,975,1.0587005615234375,6913174016.0,0.0007,-1596125.22844733,-1.1920928955078125e-07,18899
-13.24505615234375,102.21,-462077.65625,19000,387,380000,980,1.0582605600357056,3949187072.0,0.0007,-2264733.76578587,0.0,18999
-13.26403522491455,81.13,-625222.0,19100,387,382000,985,1.0609697103500366,5075846656.0,0.0007,-1747244.9644092398,0.0,19099
-13.27843952178955,81.31,-1057844.625,19200,387,384000,990,1.0629814863204956,8318555648.0,0.0007,-1747541.5864703301,-1.1920928955078125e-07,19199
-13.336491584777832,108.49,-1057389.125,19300,387,386000,995,1.0698926448822021,7175338496.0,0.0007,-2493649.19019688,-2.384185791015625e-07,19299
-13.325881958007812,121.11,-1178472.625,19400,387,388000,1000,1.0689263343811035,9530153984.0,0.0007,-2838691.42291815,0.0,19399
-13.375773429870605,141.16,-1056941.375,19500,387,390000,1005,1.0750479698181152,7656397312.0,0.0007,-3415150.3345990693,0.0,19499
-13.373812675476074,148.89,-839062.8125,19600,387,392000,1011,1.075050950050354,5419785728.0,0.0007,-3675422.4358582096,0.0,19599
-13.364468574523926,136.07,-905512.0,19700,387,394000,1016,1.0735514163970947,5586088960.0,0.0007,-3465522.12622398,0.0,19699
-13.378570556640625,152.5,-795592.6875,19800,387,396000,1022,1.0755829811096191,4395738624.0,0.0007,-3827835.78237151,0.0,19799
-13.363675117492676,162.22,-640416.4375,19900,387,398000,1027,1.0741467475891113,4180675072.0,0.0007,-4069194.3529558205,0.0,19899
-13.360014915466309,85.46,-770091.4375,20000,387,400000,1033,1.0735927820205688,4021554432.0,0.0007,-1866486.5853698896,0.0,19999
-13.369860649108887,80.22,-847833.625,20100,386,402000,1038,1.0752826929092407,5447754752.0,0.0007,-1696542.00570611,-1.1920928955078125e-07,20099
-13.356738090515137,64.54,-888567.0,20200,386,404000,1044,1.0728126764297485,4586794496.0,0.0007,-1331250.2143804599,-1.1920928955078125e-07,20199
-13.34252643585205,58.52,-799883.6875,20300,386,406000,1050,1.071777582168579,6172327424.0,0.0007,-1227625.56399062,-1.1920928955078125e-07,20299
-13.328668594360352,43.72,-843799.625,20400,386,408000,1056,1.0700658559799194,5134152704.0,0.0007,-986159.3503671702,-1.1920928955078125e-07,20399
-13.319971084594727,49.09,-940993.0,20500,386,410000,1061,1.0688285827636719,5711752704.0,0.0007,-1103826.95292452,5.960464477539063e-08,20499
-13.310449600219727,60.7,-1141076.25,20600,385,412000,1067,1.0677871704101562,8721265664.0,0.0007,-1369691.58085432,0.0,20599
-13.305109977722168,88.22,-1054939.875,20700,385,414000,1072,1.066357135772705,6410675200.0,0.0007,-2011328.8978529102,1.1920928955078125e-07,20699
-13.307764053344727,92.21,-768542.5,20800,385,416000,1078,1.0678154230117798,4357453312.0,0.0007,-2111760.58901916,0.0,20799
-13.322772026062012,126.88,-740387.5,20900,385,418000,1084,1.0688655376434326,3838406656.0,0.0007,-2883850.32060479,-1.1920928955078125e-07,20899
-13.3513765335083,120.82,-880083.5,21000,385,420000,1089,1.0721830129623413,5198774272.0,0.0007,-2617595.10046841,1.7881393432617188e-07,20999
-13.368125915527344,142.96,-893626.4375,21100,385,422000,1095,1.0746785402297974,6711325696.0,0.0007,-3100464.69726519,0.0,21099
-13.374971389770508,65.08,-945439.5,21200,385,424000,1101,1.0749086141586304,5723774976.0,0.0007,-1309607.56422673,1.7881393432617188e-07,21199
-13.400128364562988,67.73,-884618.1875,21300,384,426000,1106,1.078169345855713,5474694656.0,0.0007,-1377442.90171026,0.0,21299
-13.4022855758667,73.65,-614374.25,21400,384,428000,1112,1.0784257650375366,2997232640.0,0.0007,-1542663.3246701104,0.0,21399
-13.4183988571167,59.84,-821738.5,21500,384,430000,1118,1.0804331302642822,5415818240.0,0.0007,-1240546.6020309199,1.1920928955078125e-07,21499
-13.44608211517334,64.72,-787384.8125,21600,384,432000,1123,1.0837528705596924,5253098496.0,0.0007,-1349123.8790812397,-1.1920928955078125e-07,21599
-13.471298217773438,62.5,-779190.3125,21700,384,434000,1129,1.0864976644515991,4328563200.0,0.0007,-1297363.95337729,0.0,21699
-13.456171035766602,79.19,-477413.75,21800,384,436000,1134,1.0850130319595337,4030925312.0,0.0007,-1652840.1034014705,0.0,21799
-13.444594383239746,87.94,-750053.125,21900,384,438000,1140,1.0835931301116943,4040775424.0,0.0007,-1856244.4738392301,-1.1920928955078125e-07,21899
-13.445396423339844,63.51,-1061220.625,22000,384,440000,1145,1.083957552909851,8897615872.0,0.0007,-1329950.31211565,0.0,21999
-13.450711250305176,66.39,-852894.9375,22100,383,442000,1151,1.0845110416412354,4850165248.0,0.0007,-1397146.90724426,-1.1920928955078125e-07,22099
-13.45617389678955,73.46,-962464.0,22200,383,444000,1156,1.0853734016418457,6198691840.0,0.0007,-1571151.3952951801,-1.1920928955078125e-07,22199
-13.45389461517334,77.33,-973619.5,22300,383,446000,1162,1.0848642587661743,7877152768.0,0.0007,-1655692.73839878,0.0,22299
-13.474310874938965,85.11,-841937.4375,22400,383,448000,1167,1.086866855621338,4264769280.0,0.0007,-1860617.75330353,0.0,22399
-13.478415489196777,53.73,-884083.625,22500,383,450000,1172,1.0880138874053955,4759650304.0,0.0007,-1154848.06692381,0.0,22499
-13.476242065429688,58.87,-694236.0,22600,383,452000,1178,1.088083028793335,3207182592.0,0.0007,-1235779.83492275,0.0,22599
-13.493634223937988,58.92,-1073585.0,22700,383,454000,1183,1.090328335762024,8819457024.0,0.0007,-1213571.46998972,0.0,22699
-13.490241050720215,51.02,-686404.3125,22800,383,456000,1188,1.0903736352920532,4359200256.0,0.0007,-1072042.8496115,0.0,22799
-13.50639533996582,57.15,-943752.3125,22900,383,458000,1193,1.092225193977356,5745138688.0,0.0007,-1251858.6848131001,-1.1920928955078125e-07,22899
-13.502469062805176,65.85,-1049195.75,23000,383,460000,1198,1.0922044515609741,8392762880.0,0.0007,-1495191.22008164,0.0,22999
-13.487454414367676,87.73,-855266.1875,23100,383,462000,1203,1.0906788110733032,4923844096.0,0.0007,-2048243.2826002801,5.960464477539063e-08,23099
-13.487863540649414,87.66,-668899.75,23200,383,464000,1208,1.0909638404846191,3476007424.0,0.0007,-2013695.56602265,0.0,23199
-13.53509521484375,91.96,-1027892.4375,23300,383,466000,1213,1.0965758562088013,6767783424.0,0.0007,-2122446.3555661603,0.0,23299
-13.525491714477539,58.5,-985901.0,23400,383,468000,1218,1.0959086418151855,7691148800.0,0.0007,-1259282.2111758501,1.1920928955078125e-07,23399
-13.573397636413574,64.61,-747243.1875,23500,383,470000,1224,1.1013115644454956,3977389824.0,0.0007,-1403338.1840555698,5.960464477539063e-08,23499
-13.593835830688477,51.77,-836975.0,23600,383,472000,1229,1.1037575006484985,4757435904.0,0.0007,-1056005.33801781,-1.1920928955078125e-07,23599
-13.560386657714844,62.08,-724673.8125,23700,384,474000,1234,1.1002311706542969,3998447360.0,0.0007,-1261994.70639194,-1.1920928955078125e-07,23699
-13.635337829589844,45.26,-935116.0,23800,384,476000,1239,1.1086103916168213,5737705984.0,0.0007,-936991.72431595,-2.384185791015625e-07,23799
-13.6372652053833,35.43,-890267.0,23900,384,478000,1244,1.1092064380645752,5386774016.0,0.0007,-774509.0556644399,0.0,23899
-13.630380630493164,48.06,-807919.4375,24000,384,480000,1249,1.1083600521087646,4542633472.0,0.0007,-1036337.7056593099,5.960464477539063e-08,23999
-13.589911460876465,64.04,-842852.8125,24100,384,482000,1254,1.102927803993225,4776550400.0,0.0007,-1373322.87865425,5.960464477539063e-08,24099
-13.621167182922363,78.36,-891533.5,24200,384,484000,1259,1.106647253036499,5429687808.0,0.0007,-1666565.6151582294,2.384185791015625e-07,24199
-13.635749816894531,101.71,-784379.5625,24300,384,486000,1264,1.108368992805481,4416907776.0,0.0007,-2159984.00461233,0.0,24299
-13.674351692199707,116.7,-695991.4375,24400,384,488000,1269,1.1121424436569214,3844337664.0,0.0007,-2426525.67828267,-1.1920928955078125e-07,24399
-13.670211791992188,128.84,-909208.4375,24500,384,490000,1274,1.1115394830703735,5251772416.0,0.0007,-2705028.2909471695,-1.1920928955078125e-07,24499
-13.673266410827637,137.32,-1093619.0,24600,384,492000,1279,1.1118152141571045,8126025728.0,0.0007,-2890128.83944284,0.0,24599
-13.6943941116333,80.92,-976582.1875,24700,384,494000,1284,1.1148790121078491,6866486784.0,0.0007,-1713500.9349716604,1.1920928955078125e-07,24699
-13.715847969055176,81.15,-995467.4375,24800,384,496000,1289,1.117287278175354,6061497856.0,0.0007,-1717549.1272725302,0.0,24799
-13.72436237335205,106.49,-790317.6875,24900,384,498000,1294,1.1186643838882446,3600297984.0,0.0007,-2330255.4440325703,1.1920928955078125e-07,24899
-13.75190258026123,80.85,-862353.1875,25000,384,500000,1299,1.1226801872253418,5361186816.0,0.0007,-1743772.2207668,-2.384185791015625e-07,24999
-13.772564888000488,21.53,-824283.9375,25100,384,502000,1304,1.1249440908432007,4475195904.0,0.0007,-264308.49437508004,-1.1920928955078125e-07,25099
-13.7597017288208,27.99,-848120.8125,25200,384,504000,1309,1.1235806941986084,4902500864.0,0.0007,-400643.33548019995,1.1920928955078125e-07,25199
-13.744540214538574,42.33,-678994.0,25300,384,506000,1314,1.1219696998596191,3917669632.0,0.0007,-786689.1056500002,5.960464477539063e-08,25299
-13.787249565124512,14.15,-833614.375,25400,384,508000,1320,1.127057671546936,7694861824.0,0.0007,-121785.88760415999,-1.1920928955078125e-07,25399
-13.771629333496094,19.97,-828783.0,25500,384,510000,1325,1.1253982782363892,4627782144.0,0.0007,-207238.94950910003,5.960464477539063e-08,25499
-13.750149726867676,27.61,-540842.4375,25600,384,512000,1330,1.122075080871582,4144383744.0,0.0007,-375810.17092496,1.1920928955078125e-07,25599
-13.768821716308594,42.89,-847520.625,25700,384,514000,1335,1.124656081199646,4366066688.0,0.0007,-721812.54855031,0.0,25699
-13.737105369567871,49.71,-371369.59375,25800,384,516000,1340,1.1212531328201294,3879075840.0,0.0007,-882267.5804311399,0.0,25799
-13.754348754882812,65.68,-881433.3125,25900,384,518000,1346,1.1232248544692993,4753892864.0,0.0007,-1254011.90652901,0.0,25899
-13.789178848266602,58.16,-871854.1875,26000,384,520000,1351,1.1275697946548462,5888764928.0,0.0007,-1101594.20454312,0.0,25999
-13.771905899047852,17.72,-223363.375,26100,384,522000,1356,1.1252418756484985,2014729088.0,0.0007,-145777.23354041,5.960464477539063e-08,26099
-13.7959566116333,13.55,-136067.90625,26200,384,524000,1362,1.1280558109283447,790250176.0,0.0007,-69192.08506469,0.0,26199
-13.839471817016602,13.31,-102565.5234375,26300,384,526000,1367,1.1330384016036987,3595016192.0,0.0007,-38591.91561646,0.0,26299
-13.829513549804688,11.68,-226152.328125,26400,384,528000,1372,1.1322901248931885,514113632.0,0.0007,-30710.36465304,-1.1920928955078125e-07,26399
-13.793481826782227,10.57,-61030.80859375,26500,384,530000,1378,1.127462387084961,584784064.0,0.0007,-6216.760807019999,1.1920928955078125e-07,26499
-13.785690307617188,9.81,-49897.71875,26600,384,532000,1384,1.1266721487045288,929931584.0,0.0007,34297.692207379994,2.384185791015625e-07,26599
-13.804776191711426,14.58,-549320.375,26700,384,534000,1389,1.129333734512329,2856549376.0,0.0007,-46459.718958050005,0.0,26699
-13.78954792022705,27.15,-28714.8125,26800,384,536000,1394,1.128745436668396,1372598656.0,0.0007,-291536.14849999,0.0,26799
-13.75499439239502,14.4,-102968.765625,26900,384,538000,1400,1.1233285665512085,2167532032.0,0.0007,-32910.10202538,0.0,26899
-13.77697467803955,22.5,-602572.6875,27000,384,540000,1405,1.1266343593597412,7473833472.0,0.0007,-176702.35931943002,0.0,26999
-13.775247573852539,17.48,-341019.21875,27100,384,542000,1411,1.1261024475097656,2750709504.0,0.0007,-106625.16966474999,0.0,27099
-13.800793647766113,14.31,-502830.21875,27200,383,544000,1417,1.129529595375061,5455454720.0,0.0007,-47411.69988956,5.960464477539063e-08,27199
-13.817349433898926,13.76,106261.1796875,27300,383,546000,1422,1.1308166980743408,2136541824.0,0.0007,-98532.11062442999,-1.1920928955078125e-07,27299
-13.785006523132324,14.52,-312954.21875,27400,383,548000,1428,1.1267727613449097,1688346112.0,0.0007,-49952.64970911999,0.0,27399
-13.779574394226074,13.01,101569.234375,27500,383,550000,1433,1.1255874633789062,2700759552.0,0.0007,-45534.65719599999,0.0,27499
-13.766568183898926,10.37,-288836.59375,27600,383,552000,1439,1.1241604089736938,2990052608.0,0.0007,18520.117674840003,1.1920928955078125e-07,27599
-13.739892959594727,9.96,-218079.171875,27700,383,554000,1445,1.1209313869476318,5678463488.0,0.0007,-12581.895382039997,0.0,27699
-13.727398872375488,8.7,-948.6749877929688,27800,383,556000,1450,1.1198776960372925,1453191808.0,0.0007,34831.30991907,0.0,27799
-13.701387405395508,12.3,843821.1875,27900,383,558000,1456,1.1163297891616821,4870709248.0,0.0007,-7454.60072714,0.0,27899
-13.714555740356445,10.61,-259232.0,28000,383,560000,1461,1.1171174049377441,1445396864.0,0.0007,-56.97703494999965,0.0,27999
-13.7131929397583,17.17,78935.1484375,28100,383,562000,1467,1.1179167032241821,2521529344.0,0.0007,-56623.49769191001,0.0,28099
-13.712944030761719,13.71,69705.3671875,28200,382,564000,1472,1.1188994646072388,3341939456.0,0.0007,-36808.37588005,0.0,28199
-13.690564155578613,7.86,318329.5,28300,382,566000,1478,1.1153227090835571,2880064768.0,0.0007,24009.884994180004,0.0,28299
-13.719943046569824,8.15,-116310.0234375,28400,382,568000,1483,1.118935465812683,2593260800.0,0.0007,-4517.28245894,0.0,28399
-13.687037467956543,11.27,782050.1875,28500,382,570000,1489,1.1146334409713745,4578126336.0,0.0007,31974.47450855,1.1920928955078125e-07,28499
-13.676074028015137,9.73,232180.046875,28600,382,572000,1494,1.1139951944351196,4651289088.0,0.0007,20082.734980669993,0.0,28599
-13.677179336547852,11.04,56946.42578125,28700,382,574000,1500,1.113242268562317,329718240.0,0.0007,39492.35540984,0.0,28699
-13.662582397460938,9.06,-903294.4375,28800,382,576000,1505,1.1109107732772827,6325590016.0,0.0007,-10107.93269429,0.0,28799
-13.668846130371094,8.83,211767.28125,28900,382,578000,1511,1.1117089986801147,3404517376.0,0.0007,-25166.654379000003,0.0,28899
-13.666041374206543,9.52,267245.21875,29000,382,580000,1517,1.1114591360092163,1423354112.0,0.0007,21803.00345976,0.0,28999
-13.661852836608887,10.8,68478.8046875,29100,382,582000,1522,1.1114155054092407,1082155264.0,0.0007,14958.789658420003,0.0,29099
-13.653948783874512,15.15,-121746.9609375,29200,382,584000,1528,1.1100794076919556,175717856.0,0.0007,-23477.749147660004,-1.1920928955078125e-07,29199
-13.654574394226074,12.19,306540.875,29300,382,586000,1533,1.1099088191986084,2147701248.0,0.0007,4139.239406180001,0.0,29299
-13.626132011413574,15.58,-47268.2109375,29400,381,588000,1539,1.106245756149292,1012341184.0,0.0007,-22307.55907315999,0.0,29399
-13.609832763671875,11.24,-350159.75,29500,381,590000,1544,1.1049096584320068,3753003776.0,0.0007,27226.334206069998,0.0,29499
-13.65019702911377,13.05,-79552.2734375,29600,381,592000,1550,1.1096197366714478,2011615616.0,0.0007,-34696.4322906,0.0,29599
-13.655123710632324,12.53,-326264.5,29700,381,594000,1555,1.1104494333267212,1625979008.0,0.0007,-4076.2893456700003,0.0,29699
-13.632136344909668,9.98,-531043.6875,29800,381,596000,1560,1.1079211235046387,3670110208.0,0.0007,47214.440734330004,0.0,29799
-13.632034301757812,10.4,24616.724609375,29900,381,598000,1566,1.1082918643951416,3081801216.0,0.0007,11724.89916342,0.0,29899
-13.64118480682373,19.11,-622608.4375,30000,381,600000,1571,1.1090902090072632,2920961792.0,0.0007,-117609.58656385,0.0,29999
-13.617907524108887,32.27,-676061.1875,30100,381,602000,1577,1.1061580181121826,3999212032.0,0.0007,-282739.32716117,0.0,30099
-13.5758056640625,17.91,42985.7890625,30200,381,604000,1582,1.1005001068115234,2147501824.0,0.0007,-44037.31655223,-1.1920928955078125e-07,30199
-13.556836128234863,10.86,-632162.1875,30300,381,606000,1588,1.098440408706665,4410202624.0,0.0007,-31849.14360336,0.0,30299
-13.576342582702637,9.51,209241.609375,30400,381,608000,1593,1.1005693674087524,1682358528.0,0.0007,37746.01525378,2.980232238769531e-07,30399
-13.563735961914062,8.99,15534.9873046875,30500,381,610000,1599,1.0997620820999146,2603109120.0,0.0007,48875.817171970004,0.0,30499
-13.530179023742676,10.0,605926.5,30600,381,612000,1604,1.0960835218429565,3422489344.0,0.0007,44616.33884154,0.0,30599
-13.512321472167969,9.64,18413.412109375,30700,381,614000,1609,1.0941245555877686,2564507392.0,0.0007,40960.206343260004,0.0,30699
-13.501977920532227,14.06,-822470.8125,30800,381,616000,1615,1.0925709009170532,4448003584.0,0.0007,-100725.20909455,2.980232238769531e-07,30799
-13.564035415649414,21.69,-486651.90625,30900,381,618000,1621,1.1002696752548218,1917888512.0,0.0007,-334325.93585053,5.960464477539063e-08,30899
-13.552322387695312,10.02,-644465.9375,31000,381,620000,1626,1.0990709066390991,5023002624.0,0.0007,22841.210321090002,1.1920928955078125e-07,30999
-13.560442924499512,9.96,-103815.5703125,31100,381,622000,1632,1.1004440784454346,1849812224.0,0.0007,36781.79951359,0.0,31099
-13.579818725585938,6.5,-243700.046875,31200,381,624000,1637,1.102662444114685,4058059520.0,0.0007,-22886.906669489996,0.0,31199
-13.569537162780762,8.71,574710.8125,31300,380,626000,1643,1.1010777950286865,3399073024.0,0.0007,55927.46797851,1.7881393432617188e-07,31299
-13.585619926452637,9.63,122170.875,31400,380,628000,1649,1.1030608415603638,2490215424.0,0.0007,-4555.199846449998,0.0,31399
-13.59570026397705,8.94,-53086.27734375,31500,380,630000,1655,1.1044812202453613,2050583168.0,0.0007,46303.47515394,0.0,31499
-13.572918891906738,10.63,-27728.134765625,31600,380,632000,1660,1.1021919250488281,1787487488.0,0.0007,3401.8282325400005,0.0,31599
-13.588091850280762,11.69,213175.25,31700,380,634000,1665,1.104474425315857,2316674816.0,0.0007,21158.77343902,0.0,31699
-13.59290599822998,10.12,-409973.34375,31800,380,636000,1671,1.1044695377349854,1497526656.0,0.0007,55961.69878736001,-1.1920928955078125e-07,31799
-13.60547924041748,16.77,-187901.484375,31900,380,638000,1676,1.1059112548828125,4107873536.0,0.0007,-50900.725145899996,0.0,31899
-13.60168743133545,9.54,241400.046875,32000,380,640000,1682,1.1058529615402222,3534630912.0,0.0007,46855.86881336,0.0,31999
-13.599011421203613,12.37,-117234.7109375,32100,380,642000,1687,1.105215072631836,2182575360.0,0.0007,-24786.448247620003,0.0,32099
-13.563071250915527,8.21,-318182.71875,32200,380,644000,1693,1.1013002395629883,5245269504.0,0.0007,54317.525761369994,1.1920928955078125e-07,32199
-13.526080131530762,7.22,592956.0625,32300,380,646000,1698,1.0970760583877563,3089434624.0,0.0007,48321.45016323,0.0,32299
-13.4979829788208,8.05,201931.734375,32400,380,648000,1703,1.0936199426651,6983945728.0,0.0007,54492.6589085,0.0,32399
-13.500381469726562,11.6,613320.125,32500,380,650000,1709,1.0948928594589233,4692327936.0,0.0007,9194.081682760003,0.0,32499
-13.48840618133545,14.87,-93871.0546875,32600,380,652000,1714,1.093005895614624,1565841664.0,0.0007,-19617.573801870003,0.0,32599
-13.44504451751709,10.88,245886.40625,32700,380,654000,1720,1.0875040292739868,1650169088.0,0.0007,-23504.61315354,0.0,32699
-13.387396812438965,10.92,192886.96875,32800,380,656000,1725,1.0800236463546753,3095446272.0,0.0007,8190.537221949998,0.0,32799
-13.388426780700684,7.41,211147.203125,32900,380,658000,1730,1.0807267427444458,1642404992.0,0.0007,66840.95755918002,-2.384185791015625e-07,32899
-13.375442504882812,12.73,164368.546875,33000,380,660000,1736,1.0797381401062012,1200665984.0,0.0007,-13630.225620539999,-1.1920928955078125e-07,32999
-13.366778373718262,6.73,-12687.265625,33100,380,662000,1741,1.0780540704727173,1935330688.0,0.0007,38546.91739789,0.0,33099
-13.3601655960083,7.12,509091.96875,33200,380,664000,1746,1.0771898031234741,3180216832.0,0.0007,72505.77710502999,-1.1920928955078125e-07,33199
-13.326006889343262,8.26,-212783.65625,33300,380,666000,1752,1.0739110708236694,2265372416.0,0.0007,47420.86148911,1.1920928955078125e-07,33299
-13.307388305664062,8.4,-46655.89453125,33400,379,668000,1758,1.0715922117233276,2571579648.0,0.0007,49962.33966527,0.0,33399
-13.262720108032227,8.17,582083.6875,33500,379,670000,1763,1.0661598443984985,5354024448.0,0.0007,-35440.37982965,0.0,33499
-13.252326965332031,3.04,-1105030.75,33600,379,672000,1768,1.0658270120620728,7801667584.0,0.0007,-86473.09119537001,0.0,33599
-13.239577293395996,3.0,-1125967.875,33700,379,674000,1773,1.0642037391662598,7822207488.0,0.0007,-86012.71784182999,2.980232238769531e-07,33699
-13.236557006835938,3.37,-837121.1875,33800,379,676000,1779,1.0640528202056885,5954903552.0,0.0007,-91061.4954434,0.0,33799
-13.252352714538574,3.0,-1044415.625,33900,379,678000,1784,1.0660487413406372,7409106944.0,0.0007,-85892.43295500001,0.0,33899
-13.258125305175781,3.0,-1055635.0,34000,379,680000,1790,1.066780924797058,7285812736.0,0.0007,-85736.32266117998,0.0,33999
-13.26126766204834,3.0,-801065.125,34100,379,682000,1795,1.0681116580963135,6011859968.0,0.0007,-85748.04047085,0.0,34099
-13.241381645202637,8.3,524745.625,34200,379,684000,1800,1.0655242204666138,3133262592.0,0.0007,50923.015100100005,0.0,34199
-13.230262756347656,8.01,145133.25,34300,379,686000,1806,1.0643424987792969,1443517824.0,0.0007,68672.41562848,0.0,34299
-13.236538887023926,8.13,385977.15625,34400,379,688000,1811,1.065341591835022,2759699200.0,0.0007,60636.75740719,0.0,34399
-13.251507759094238,7.72,97287.859375,34500,379,690000,1817,1.0665520429611206,1803400064.0,0.0007,23292.52016295,0.0,34499
-13.2427339553833,8.7,47367.64453125,34600,379,692000,1822,1.0656969547271729,1756010752.0,0.0007,45472.56740561,0.0,34599
-13.220499038696289,10.07,-30140.806640625,34700,379,694000,1827,1.0628212690353394,1491919232.0,0.0007,56467.71291766,0.0,34699
-13.188959121704102,10.8,-616014.9375,34800,379,696000,1833,1.0600569248199463,5584760832.0,0.0007,27618.704025260005,-1.1920928955078125e-07,34799
-13.19677448272705,7.77,279937.65625,34900,379,698000,1838,1.061105728149414,2771488512.0,0.0007,28042.440237919996,1.1920928955078125e-07,34899
-13.178454399108887,7.5,-11705.0126953125,35000,379,700000,1844,1.0591179132461548,4495545344.0,0.0007,62160.89914661,1.1920928955078125e-07,34999
-13.148920059204102,7.94,851885.8125,35100,379,702000,1849,1.0553854703903198,5609726976.0,0.0007,71375.75479121,-2.384185791015625e-07,35099
-13.102007865905762,7.48,354390.3125,35200,379,704000,1855,1.0497461557388306,2771349248.0,0.0007,38590.37383063,0.0,35199
-13.096061706542969,7.61,82513.8359375,35300,379,706000,1860,1.0488773584365845,1269437056.0,0.0007,46788.67355310999,0.0,35299
-13.058279991149902,9.04,332917.125,35400,379,708000,1866,1.0443918704986572,2408824064.0,0.0007,48517.91227984,0.0,35399
-13.02731990814209,7.33,329094.84375,35500,379,710000,1871,1.0412030220031738,1530978048.0,0.0007,29786.38370406,-1.1920928955078125e-07,35499
-13.016837120056152,7.97,69348.3828125,35600,379,712000,1876,1.039682388305664,5311024640.0,0.0007,44883.38588387999,0.0,35599
-13.006924629211426,12.76,-505453.71875,35700,379,714000,1882,1.0385375022888184,4979912704.0,0.0007,-72462.36805641999,-1.1920928955078125e-07,35699
-13.043106079101562,9.68,323887.96875,35800,379,716000,1887,1.0422723293304443,1871389952.0,0.0007,3474.4478998000013,-1.1920928955078125e-07,35799
-13.036471366882324,8.39,518960.84375,35900,379,718000,1893,1.0423593521118164,3993284608.0,0.0007,55800.88479303,0.0,35899
-13.038336753845215,14.69,-310624.96875,36000,379,720000,1898,1.0426136255264282,1414485248.0,0.0007,-129438.58024592,5.960464477539063e-08,35999
-13.036404609680176,8.15,452890.15625,36100,379,722000,1903,1.0425153970718384,2328567552.0,0.0007,26331.28895345,0.0,36099
-13.066606521606445,7.22,-22427.490234375,36200,379,724000,1909,1.0458534955978394,355065600.0,0.0007,55892.60988461,-2.384185791015625e-07,36199
-13.0348539352417,7.57,-511358.25,36300,379,726000,1914,1.0415740013122559,4563646464.0,0.0007,63017.38090613,5.960464477539063e-08,36299
-13.001092910766602,8.67,-235465.609375,36400,379,728000,1920,1.0378731489181519,2948377600.0,0.0007,31387.173524219997,0.0,36399
-12.990898132324219,22.32,-874509.1875,36500,379,730000,1925,1.0366101264953613,5075688960.0,0.0007,-306473.9032652,-2.384185791015625e-07,36499
-13.004874229431152,7.94,173086.4375,36600,379,732000,1930,1.0386995077133179,1212798592.0,0.0007,48118.69755868999,-1.1920928955078125e-07,36599
-12.974326133728027,7.3,92821.25,36700,379,734000,1935,1.034548044204712,3676975872.0,0.0007,49097.11033137,0.0,36699
-12.983413696289062,8.86,500868.0,36800,379,736000,1941,1.0356205701828003,3196171776.0,0.0007,15083.204580830003,-1.1920928955078125e-07,36799
-12.972674369812012,12.75,-119182.0546875,36900,379,738000,1947,1.0343914031982422,3283978752.0,0.0007,-103819.74585453,-1.1920928955078125e-07,36899
-12.965057373046875,15.24,-1115707.625,37000,379,740000,1952,1.0334184169769287,10513476608.0,0.0007,-210583.73369023998,0.0,36999
-12.937176704406738,9.6,234290.609375,37100,378,742000,1958,1.0297647714614868,3979143680.0,0.0007,-9212.02871444,0.0,37099
-12.972155570983887,4.52,-985415.625,37200,378,744000,1963,1.0341439247131348,8598779904.0,0.0007,-65160.10858503999,0.0,37199
-13.014755249023438,3.01,-1153638.5,37300,378,746000,1968,1.0392080545425415,9200409600.0,0.0007,-85482.67693875002,0.0,37299
-12.982337951660156,7.97,-1083600.625,37400,378,748000,1974,1.0348434448242188,8410788864.0,0.0007,-15424.405616549999,2.980232238769531e-07,37399
-12.977200508117676,13.09,-1154482.75,37500,378,750000,1979,1.0348619222640991,9786515456.0,0.0007,-115164.18323565001,0.0,37499
-13.031457901000977,13.09,-1109818.375,37600,378,752000,1985,1.0407462120056152,9786482688.0,0.0007,-115164.18323565001,1.1920928955078125e-07,37599
-13.008079528808594,66.24,-111204.625,37700,378,754000,1990,1.0376619100570679,3219250944.0,0.0007,-1725309.1442718701,0.0,37699
-13.016058921813965,8.18,-1158760.375,37800,378,756000,1996,1.0384881496429443,9786456064.0,0.0007,27645.47786494,-1.1920928955078125e-07,37799
-13.012578010559082,18.75,-1162891.375,37900,378,758000,2001,1.0381821393966675,9786440704.0,0.0007,-292837.07440259994,5.960464477539063e-08,37899
-13.065630912780762,18.75,-1208671.125,38000,378,760000,2006,1.0435552597045898,9786405888.0,0.0007,-292837.07440259994,0.0,37999
-13.047967910766602,58.63,-1105992.875,38100,378,762000,2012,1.0419303178787231,9131244544.0,0.0007,-1498962.06858642,1.7881393432617188e-07,38099
-13.05712604522705,72.63,-1154475.25,38200,378,764000,2017,1.043558120727539,9786349568.0,0.0007,-1922449.0064597903,0.0,38199
-13.036816596984863,91.63,-1067427.875,38300,378,766000,2023,1.0409218072891235,8186217984.0,0.0007,-2506008.20918201,0.0,38299
-13.032356262207031,105.26,-1121406.375,38400,378,768000,2028,1.0407428741455078,9786294272.0,0.0007,-2931298.30992119,5.960464477539063e-08,38399
-13.03722858428955,46.5,-1041340.125,38500,378,770000,2033,1.0416946411132812,8612349952.0,0.0007,-1191778.9311775898,0.0,38499
-13.046856880187988,17.76,-595578.6875,38600,378,772000,2039,1.042549729347229,4209967872.0,0.0007,-366258.30094129994,0.0,38599
-13.05383014678955,12.44,-799590.125,38700,378,774000,2044,1.0440082550048828,6342314496.0,0.0007,-246748.36364306,0.0,38699
-13.050226211547852,16.96,-629042.9375,38800,378,776000,2050,1.0441303253173828,4787997184.0,0.0007,-332532.45564937,1.1920928955078125e-07,38799
-13.062005996704102,11.33,-995136.8125,38900,378,778000,2055,1.0450325012207031,7738617856.0,0.0007,-169222.31173243,0.0,38899
-13.055890083312988,20.52,-704635.4375,39000,378,780000,2060,1.0445340871810913,5199818752.0,0.0007,-459419.27529700013,-1.1920928955078125e-07,38999
-13.057568550109863,8.6,-1209366.0,39100,378,782000,2066,1.0446141958236694,9786112000.0,0.0007,-143390.39435242,-1.1920928955078125e-07,39099
-13.039346694946289,24.17,-1131081.625,39200,378,784000,2071,1.0427734851837158,9444240384.0,0.0007,-610930.8179623701,1.7881393432617188e-07,39199
-13.04804515838623,35.3,-1113469.875,39300,378,786000,2076,1.0447701215744019,9786055680.0,0.0007,-943742.4583744898,1.1920928955078125e-07,39299
-13.046304702758789,54.94,-843890.125,39400,378,788000,2082,1.044075846672058,7375675392.0,0.0007,-1537545.54532114,0.0,39399
-13.068646430969238,73.48,-1151708.625,39500,378,790000,2087,1.0465370416641235,9152805888.0,0.0007,-2055418.59412895,1.7881393432617188e-07,39499
-13.063326835632324,26.83,-1112105.875,39600,378,792000,2093,1.0467039346694946,9369938944.0,0.0007,-626941.46784114,-1.1920928955078125e-07,39599
-13.052136421203613,46.17,-912978.625,39700,378,794000,2098,1.0460139513015747,6368128512.0,0.0007,-1197808.8617951302,0.0,39699
-13.066754341125488,54.56,-890514.4375,39800,378,796000,2103,1.0478852987289429,7565459456.0,0.0007,-1444102.8478214706,0.0,39799
-13.075632095336914,64.56,-1218945.625,39900,378,798000,2108,1.0485445261001587,9785881600.0,0.0007,-1747112.15595316,1.1920928955078125e-07,39899
-13.107708930969238,64.56,-1241491.0,40000,378,800000,2113,1.051992416381836,9785850880.0,0.0007,-1747112.15595316,0.0,39999
-13.089133262634277,102.56,-1068789.625,40100,378,802000,2119,1.0503538846969604,9785827328.0,0.0007,-2890883.06437826,5.960464477539063e-08,40099
-13.157861709594727,102.56,-1123070.625,40200,378,804000,2124,1.0582436323165894,9369775104.0,0.0007,-2890883.06437826,0.0,40199
-13.191596031188965,141.12,-1166974.375,40300,378,806000,2130,1.0617424249649048,8532348416.0,0.0007,-4055472.9799868204,0.0,40299
-13.247528076171875,141.12,-1184262.125,40400,378,808000,2135,1.0674809217453003,9391439872.0,0.0007,-4055472.9799868204,1.7881393432617188e-07,40399
-13.24763011932373,173.01,-1208033.0,40500,378,810000,2140,1.0673834085464478,9785706496.0,0.0007,-5020829.22224591,1.1920928955078125e-07,40499
-13.237899780273438,173.01,-1122054.75,40600,378,812000,2146,1.0667821168899536,9014489088.0,0.0007,-5020829.22224591,0.0,40599
-13.287447929382324,191.91,-983278.1875,40700,378,814000,2151,1.0729511976242065,7168029696.0,0.0007,-5590918.781499449,5.960464477539063e-08,40699
-13.315376281738281,24.14,-1143233.5,40800,378,816000,2157,1.075249195098877,9372901376.0,0.0007,-540356.00381929,0.0,40799
-13.30176067352295,11.99,-1267749.25,40900,378,818000,2162,1.0740944147109985,11535691776.0,0.0007,-240053.30573806996,0.0,40899
-13.30919361114502,12.86,-1260983.25,41000,378,820000,2167,1.074297547340393,9785564160.0,0.0007,-267200.27492005995,-1.1920928955078125e-07,40999
-13.327629089355469,38.98,-1048065.0,41100,378,822000,2172,1.07768976688385,8217629696.0,0.0007,-1050205.98934163,0.0,41099
-13.3272066116333,16.45,-806805.125,41200,378,824000,2178,1.0770944356918335,5941814784.0,0.0007,-364779.8164616999,1.1920928955078125e-07,41199
-13.362757682800293,17.98,-980690.4375,41300,378,826000,2183,1.0813202857971191,7168208896.0,0.0007,-407794.31250483997,0.0,41299
-13.35715389251709,12.34,-128932.8984375,41400,378,828000,2189,1.0796371698379517,4806467584.0,0.0007,-170824.80806718004,0.0,41399
-13.387335777282715,22.4,-1141113.875,41500,378,830000,2194,1.0837900638580322,9807444992.0,0.0007,-408852.07814037,0.0,41499
-13.4060640335083,10.96,-1104440.375,41600,378,832000,2199,1.0866693258285522,8981083136.0,0.0007,-162642.86503594,0.0,41599
-13.428875923156738,12.53,-115658.2265625,41700,378,834000,2205,1.0894131660461426,2521512704.0,0.0007,-145462.23173630002,0.0,41699
-13.453821182250977,7.76,128415.6796875,41800,378,836000,2210,1.0930042266845703,1047493248.0,0.0007,15313.652050139997,0.0,41799
-13.47324275970459,16.68,-60972.34375,41900,378,838000,2215,1.0953794717788696,1750373376.0,0.0007,-203350.05314441,0.0,41899
-13.475419998168945,18.5,277490.78125,42000,378,840000,2221,1.0954511165618896,1866482560.0,0.0007,-283824.95615435,0.0,41999
-13.449304580688477,8.4,-725787.4375,42100,378,842000,2226,1.0915625095367432,4854637568.0,0.0007,28997.62645467,0.0,42099
-13.433794975280762,14.83,-967909.8125,42200,378,844000,2231,1.0897363424301147,6851257856.0,0.0007,-146611.23054930998,0.0,42199
-13.4163236618042,14.95,-1253142.25,42300,378,846000,2237,1.0873624086380005,9785285632.0,0.0007,-146927.26011283003,0.0,42299
-13.421931266784668,7.56,-141944.734375,42400,378,848000,2242,1.0882551670074463,4007018240.0,0.0007,203.8636845700015,-1.1920928955078125e-07,42399
-13.422335624694824,7.83,123812.75,42500,377,850000,2248,1.0890214443206787,1393277184.0,0.0007,52849.37844862999,0.0,42499
-13.435539245605469,9.39,-1249240.125,42600,377,852000,2254,1.0898988246917725,9369242624.0,0.0007,16723.5481002,0.0,42599
-13.469021797180176,9.39,-1302936.625,42700,377,854000,2259,1.0928502082824707,9785220096.0,0.0007,16723.5481002,-1.1920928955078125e-07,42699
-13.469489097595215,59.4,-1164223.0,42800,377,856000,2264,1.0933923721313477,9267922944.0,0.0007,-1502784.5687485398,5.960464477539063e-08,42799
-13.472620010375977,33.98,-1064176.375,42900,377,858000,2269,1.0933189392089844,9772581888.0,0.0007,-839678.81740292,0.0,42899
-13.531384468078613,11.27,-361927.71875,43000,377,860000,2275,1.1010690927505493,4445936128.0,0.0007,-204595.27716253005,0.0,42999
-13.581088066101074,9.91,-1152276.375,43100,377,862000,2280,1.1066709756851196,9013943296.0,0.0007,-170904.49814397,0.0,43099
-13.588546752929688,29.12,-1237356.375,43200,377,864000,2286,1.1079576015472412,10790424576.0,0.0007,-743724.25487102,0.0,43199
-13.633316040039062,47.96,-885095.9375,43300,377,866000,2291,1.11337149143219,7368643584.0,0.0007,-1323297.93000425,-1.1920928955078125e-07,43299
-13.637707710266113,54.47,-868134.4375,43400,377,868000,2297,1.1140791177749634,6970796544.0,0.0007,-1512250.81255554,0.0,43399
-13.650995254516602,13.78,-1248712.5,43500,377,870000,2303,1.115965485572815,9079857152.0,0.0007,-297542.12020615,-1.1920928955078125e-07,43499
-13.679156303405762,18.0,-1261652.25,43600,377,872000,2308,1.1193479299545288,9784961024.0,0.0007,-424929.24883064,0.0,43599
-13.695556640625,43.4,-944952.8125,43700,377,874000,2313,1.1214287281036377,7707074048.0,0.0007,-1185463.37077386,-1.1920928955078125e-07,43699
-13.732841491699219,52.85,-1195665.25,43800,377,876000,2318,1.1268383264541626,9784901632.0,0.0007,-1472920.2483922096,0.0,43799
-13.719534873962402,13.02,-924575.5,43900,377,878000,2324,1.1248557567596436,7396470272.0,0.0007,-384290.13677515,0.0,43899
-13.7317533493042,3.0,-1016594.625,44000,377,880000,2329,1.1264787912368774,7256861184.0,0.0007,-85442.43350080999,-1.1920928955078125e-07,43999
-13.732409477233887,3.26,-340454.125,44100,377,882000,2335,1.127205491065979,3562906112.0,0.0007,-82330.40974478,0.0,44099
-13.751486778259277,10.15,-638181.375,44200,377,884000,2340,1.1311837434768677,3237272320.0,0.0007,-130741.02355963999,5.960464477539063e-08,44199
-13.784796714782715,13.72,-628780.0,44300,377,886000,2346,1.1355122327804565,8332823040.0,0.0007,-181913.99749217997,0.0,44299
-13.802020072937012,14.58,399947.0625,44400,377,888000,2351,1.13713538646698,3013775360.0,0.0007,-204540.27592867002,0.0,44399
-13.775833129882812,8.82,-307599.46875,44500,377,890000,2357,1.1346325874328613,3252851456.0,0.0007,9550.9719354,0.0,44499
-13.772778511047363,8.18,-195854.5,44600,377,892000,2362,1.132571816444397,1888143360.0,0.0007,-18196.892771140003,0.0,44599
-13.790844917297363,8.8,258285.984375,44700,377,894000,2368,1.1352910995483398,1745364608.0,0.0007,4314.683818440002,-1.1920928955078125e-07,44699
-13.79395580291748,9.43,153974.15625,44800,377,896000,2373,1.135907769203186,8606321664.0,0.0007,-3901.5588659299992,0.0,44799
-13.80383586883545,8.83,-24386.494140625,44900,377,898000,2378,1.1368428468704224,5980519936.0,0.0007,18795.27695157,0.0,44899
-13.78088092803955,8.97,-156762.375,45000,377,900000,2383,1.134210228919983,3659106048.0,0.0007,-8101.429928660001,0.0,44999
-13.760455131530762,9.45,-358078.90625,45100,377,902000,2389,1.1318105459213257,3169331968.0,0.0007,9236.59745433,0.0,45099
-13.740155220031738,8.8,314572.78125,45200,377,904000,2394,1.1294708251953125,2100864896.0,0.0007,6668.004022119999,5.960464477539063e-08,45199
-13.754406929016113,14.97,-706809.1875,45300,377,906000,2400,1.131393551826477,6620686336.0,0.0007,-155181.50690878,0.0,45299
-13.751294136047363,14.17,-1185280.875,45400,377,908000,2405,1.1315336227416992,8729753600.0,0.0007,-116996.89435932001,0.0,45399
-13.767477989196777,18.32,-1274271.875,45500,377,910000,2410,1.1334606409072876,9784690688.0,0.0007,-240464.58285233003,2.384185791015625e-07,45499
-13.762982368469238,32.44,-1151343.375,45600,377,912000,2416,1.1330899000167847,8433511936.0,0.0007,-663962.7510563,0.0,45599
-13.808298110961914,14.73,-731722.125,45700,377,914000,2421,1.138486385345459,3767129344.0,0.0007,-212240.24344581002,2.980232238769531e-07,45699
-13.798799514770508,10.81,-489092.21875,45800,377,916000,2426,1.138260006904602,2730967552.0,0.0007,-115325.21165748,0.0,45799
-13.773900032043457,10.43,-838629.0625,45900,377,918000,2432,1.1351085901260376,5836378112.0,0.0007,-143943.2371977,-1.1920928955078125e-07,45899
-13.795836448669434,9.5,-887090.125,46000,377,920000,2437,1.1376711130142212,5563113472.0,0.0007,-117357.97709823001,0.0,45999
-13.79838752746582,11.46,-143395.109375,46100,377,922000,2443,1.1381829977035522,5667139072.0,0.0007,-91032.08742656,0.0,46099
-13.81616497039795,8.8,725395.1875,46200,377,924000,2448,1.1407686471939087,4205977600.0,0.0007,10797.724998819998,1.1920928955078125e-07,46199
-13.793478965759277,9.03,260.11407470703125,46300,377,926000,2454,1.1369680166244507,264086016.0,0.0007,-19748.063441110004,-1.1920928955078125e-07,46299
-13.811639785766602,9.71,178748.453125,46400,377,928000,2459,1.1394230127334595,1412703232.0,0.0007,-42750.62894472999,0.0,46399
-13.841394424438477,10.41,-279225.0,46500,377,930000,2464,1.1435620784759521,3638814464.0,0.0007,-37554.41700449,-1.1920928955078125e-07,46499
-13.84424114227295,14.85,111380.078125,46600,377,932000,2470,1.1432805061340332,2891633920.0,0.0007,-196715.59119677998,1.1920928955078125e-07,46599
-13.833534240722656,8.52,1993.9375,46700,377,934000,2475,1.1422754526138306,2526378752.0,0.0007,44146.20094289,-1.1920928955078125e-07,46699
-13.860568046569824,10.12,-910578.8125,46800,377,936000,2481,1.1454696655273438,6187379712.0,0.0007,-37008.24616858,0.0,46799
-13.90886402130127,17.71,248303.796875,46900,377,938000,2486,1.1523371934890747,4992223744.0,0.0007,-289840.96489457,0.0,46899
-13.936293601989746,12.94,-280205.0625,47000,377,940000,2491,1.1562106609344482,4879291904.0,0.0007,-94217.65415619001,0.0,46999
-13.9583101272583,14.0,-398932.8125,47100,377,942000,2497,1.1576786041259766,5034003968.0,0.0007,-208374.11473347002,1.1920928955078125e-07,47099
-13.948948860168457,10.34,-453125.09375,47200,377,944000,2502,1.1567716598510742,3324627712.0,0.0007,-48922.52738282001,0.0,47199
-13.9913969039917,10.18,-8599.7060546875,47300,377,946000,2508,1.1618365049362183,1409271168.0,0.0007,-25478.745265999998,1.1920928955078125e-07,47299
-13.953887939453125,16.38,9969.392578125,47400,377,948000,2513,1.1564358472824097,3739982592.0,0.0007,-220842.22384972003,0.0,47399
-13.960232734680176,9.23,440274.40625,47500,377,950000,2518,1.1577595472335815,3036770816.0,0.0007,8796.394501480001,0.0,47499
-13.93572998046875,15.55,-771369.3125,47600,377,952000,2524,1.1547987461090088,7370182144.0,0.0007,-135437.62347042,1.1920928955078125e-07,47599
-13.965628623962402,14.41,-437278.21875,47700,377,954000,2529,1.1584831476211548,5386001408.0,0.0007,-84529.80900331998,0.0,47699
-13.95398235321045,15.87,-370121.34375,47800,377,956000,2534,1.1567764282226562,2066923904.0,0.0007,-128276.42093159999,-1.1920928955078125e-07,47799
-13.988044738769531,10.47,-535655.6875,47900,377,958000,2540,1.1608097553253174,6651352576.0,0.0007,-32386.446037269998,0.0,47899
-13.981805801391602,15.9,-674197.3125,48000,377,960000,2545,1.1593492031097412,2481402624.0,0.0007,-172992.79062098998,0.0,47999
-13.972201347351074,19.38,-36394.41796875,48100,377,962000,2550,1.158978819847107,1532275072.0,0.0007,-220886.2695061,0.0,48099
-14.003067016601562,13.84,-98518.5390625,48200,377,964000,2556,1.1631343364715576,4487618560.0,0.0007,-76434.92469452,0.0,48199
-14.010324478149414,11.8,-130497.578125,48300,377,966000,2561,1.163526177406311,4473703936.0,0.0007,-78202.1831274,-1.1920928955078125e-07,48299
-14.029072761535645,18.25,257402.453125,48400,377,968000,2567,1.1654154062271118,2252347392.0,0.0007,-188011.56965217003,0.0,48399
-14.065726280212402,15.18,-165270.484375,48500,377,970000,2572,1.1707921028137207,3442611968.0,0.0007,-142971.28162793,0.0,48499
-14.073987007141113,14.75,-200633.828125,48600,377,972000,2578,1.1716915369033813,6190998528.0,0.0007,-93696.08613385,0.0,48599
-14.069294929504395,9.74,153919.484375,48700,376,974000,2583,1.170958161354065,1755372800.0,0.0007,7746.9558111100005,0.0,48699
-14.059717178344727,9.4,328819.25,48800,376,976000,2589,1.169527292251587,3590777344.0,0.0007,26049.002818999998,0.0,48799
-14.050616264343262,8.04,233659.25,48900,376,978000,2594,1.169146180152893,1246072832.0,0.0007,53892.05725068999,1.1920928955078125e-07,48899
-14.011459350585938,8.18,19878.92578125,49000,376,980000,2600,1.1632753610610962,2094225024.0,0.0007,68439.34971179,5.960464477539063e-08,48999
-13.999354362487793,9.55,194696.859375,49100,376,982000,2605,1.1605377197265625,1656565120.0,0.0007,51315.36147259,-1.1920928955078125e-07,49099
-13.963046073913574,12.06,-90399.3671875,49200,376,984000,2611,1.1561180353164673,1604156288.0,0.0007,4953.822966819998,0.0,49199
-13.96107006072998,7.62,361100.3125,49300,376,986000,2616,1.1559802293777466,3585905920.0,0.0007,35198.41303919,5.960464477539063e-08,49299
-13.919445991516113,10.21,205009.109375,49400,376,988000,2622,1.1503063440322876,2509217792.0,0.0007,27630.97850536,-3.5762786865234375e-07,49399
-13.92560863494873,9.35,94963.734375,49500,376,990000,2627,1.149986743927002,1558278656.0,0.0007,55370.520063079995,0.0,49499
-13.931355476379395,9.08,185707.328125,49600,376,992000,2632,1.150093674659729,3008018176.0,0.0007,59541.58030157,0.0,49599
-13.950055122375488,8.98,-294573.5625,49700,376,994000,2638,1.1530743837356567,3531922176.0,0.0007,2704.77521705,0.0,49699
-13.946906089782715,9.37,-412799.8125,49800,376,996000,2643,1.1518720388412476,2014343808.0,0.0007,-53778.530377359995,1.1920928955078125e-07,49799
-13.949623107910156,13.87,-74937.6171875,49900,376,998000,2649,1.1522760391235352,2073490304.0,0.0007,-125956.63955171,0.0,49899
-13.99889850616455,15.56,-739001.3125,50000,376,1000000,2654,1.1582382917404175,4408739328.0,0.0007,-128235.43128639,0.0,49999
