train/critic_loss,train/ent_coef_loss,rollout/ep_len_mean,train/ent_coef,train/learning_rate,train/n_updates,time/episodes,train/actor_loss,time/time_elapsed,time/total_timesteps,time/fps,rollout/ep_rew_mean
40582416.0,-0.09544563293457031,41.25,0.9889830350875854,0.001,35,4,-161.68006896972656,1,244,203,-95376.25
272934912.0,-0.17220455408096313,35.5,0.9819931387901306,0.001,57,8,-345.92401123046875,1,332,176,-96565.46875
427023616.0,-0.19903752207756042,31.833333333333332,0.9741472601890564,0.001,79,12,-369.961669921875,2,420,160,-97788.64583333333
153569312.0,-0.18765828013420105,29.0,0.9686087965965271,0.001,97,16,-282.62725830078125,3,492,152,-98390.234375
425318336.0,-0.11069393157958984,26.6,0.9644947648048401,0.001,113,20,-409.345947265625,3,556,148,-98744.1875
425108096.0,0.02280617319047451,24.791666666666668,0.9613327383995056,0.001,128,24,-547.162353515625,4,616,145,-98978.07291666667
307754944.0,0.044278018176555634,23.785714285714285,0.9591388702392578,0.001,148,28,-603.5867919921875,4,696,143,-99147.99107142857
536839872.0,0.10606373101472855,23.0,0.9585501551628113,0.001,167,32,-672.9024658203125,5,772,142,-99275.1171875
536157184.0,0.08659610152244568,22.52777777777778,0.9587494134902954,0.001,184,36,-764.65478515625,5,840,140,-99375.38194444444
528881984.0,0.14306238293647766,23.025,0.9602624177932739,0.001,218,40,-769.413330078125,6,976,139,-99464.34375
295238592.0,0.2092951536178589,24.09090909090909,0.9646115899085999,0.001,252,44,-660.7091064453125,8,1112,138,-99543.72159090909
292915104.0,0.18493254482746124,24.625,0.9711713790893555,0.001,281,48,-464.5372314453125,9,1228,135,-99606.328125
364370176.0,0.1254105567932129,24.76923076923077,0.9774227142333984,0.001,304,52,-444.2737731933594,9,1320,133,-99656.22596153847
212701344.0,0.09128785133361816,25.017857142857142,0.9839861392974854,0.001,328,56,-590.9988403320312,10,1416,133,-99700.24553571429
283399552.0,0.021835315972566605,25.2,0.9971213936805725,0.001,375,60,-535.022705078125,12,1604,133,-99738.0625
466538432.0,-0.09148856997489929,25.8125,1.0073407888412476,0.001,402,64,-368.57421875,12,1712,133,-99617.3828125
314542528.0,-0.1413198709487915,25.808823529411764,1.0187183618545532,0.001,426,68,-399.55780029296875,13,1808,133,-99654.44852941176
462497216.0,-0.3408496081829071,25.945205479452056,1.0335842370986938,0.001,456,72,-251.7953338623047,14,1928,133,-99696.47260273973
272313952.0,-0.6123067736625671,25.776315789473685,1.0442121028900146,0.001,475,76,-201.56593322753906,15,2004,132,-99716.61184210527
198905408.0,-0.7781702876091003,25.8,1.057342767715454,0.001,499,80,-168.2897491455078,15,2100,132,-99743.40625
207296448.0,-1.1268173456192017,26.011904761904763,1.0701463222503662,0.001,521,84,-58.18352508544922,16,2188,132,-99769.55357142857
221573424.0,-1.4534480571746826,25.829545454545453,1.08335542678833,0.001,543,88,151.52264404296875,17,2276,132,-99789.57386363637
299201472.0,-1.4819949865341187,25.52173913043478,1.0963984727859497,0.001,562,92,26.0849666595459,17,2352,132,-99806.44021739131
238060400.0,-1.7042179107666016,25.260416666666668,1.1076295375823975,0.001,581,96,48.04674530029297,18,2428,132,-99822.109375
194793904.0,-1.5609265565872192,25.01,1.1187341213226318,0.001,600,100,-268.63238525390625,18,2504,132,-99836.425
500313184.0,-1.6641778945922852,24.04,1.129465103149414,0.001,617,104,-196.54354858398438,19,2572,132,-100027.775
464020864.0,-2.1665258407592773,23.54,1.1400631666183472,0.001,635,108,11.988304138183594,19,2644,132,-100124.0875
281187808.0,-2.6481637954711914,23.77,1.1761847734451294,0.001,694,112,65.94493865966797,21,2880,132,-99923.34583333001
298537536.0,-3.487164258956909,24.11,1.189347743988037,0.001,717,116,219.83810424804688,22,2972,132,-99926.74583333
148660480.0,-3.6421823501586914,24.86,1.2011401653289795,0.001,734,120,-124.20025634765625,22,3040,132,-99829.60833333
236914000.0,-3.549229145050049,24.98,1.2149335145950317,0.001,754,124,-486.67095947265625,23,3120,132,-99830.80833333
255543952.0,-4.358362197875977,25.94,1.2400151491165161,0.001,793,128,-872.326171875,24,3276,132,-99840.40833333001
156144208.0,-4.288728713989258,26.7,1.2655761241912842,0.001,832,132,-543.0039672851562,25,3432,132,-99848.00833333
335348512.0,-5.63862943649292,27.54,1.2910658121109009,0.001,872,136,-432.60015869140625,27,3592,132,-99856.40833333001
296988800.0,-6.219142436981201,28.12,1.3192713260650635,0.001,914,140,-253.8645782470703,28,3760,132,-99862.20833333001
213343552.0,-5.886045455932617,27.71,1.3391112089157104,0.001,943,144,-248.07199096679688,29,3876,132,-99858.10833333
454972544.0,-6.265850067138672,27.41,1.350488543510437,0.001,963,148,225.74208068847656,29,3956,132,-99855.10833333
240567696.0,-6.050096035003662,27.13,1.3635047674179077,0.001,983,152,183.32566833496094,30,4036,132,-99852.30833333
270500928.0,-6.463854789733887,27.19,1.3866688013076782,0.001,1022,156,664.4920654296875,31,4192,132,-99852.90833333001
357154752.0,-6.402431488037109,26.76,1.3989988565444946,0.001,1043,160,538.6891479492188,32,4276,132,-99949.92083333
156574048.0,-6.681119918823242,26.59,1.4116222858428955,0.001,1064,164,694.0838623046875,33,4360,131,-99948.22083333001
257828080.0,-6.651015281677246,26.27,1.4226903915405273,0.001,1082,168,340.5329895019531,33,4432,131,-99945.02083333001
243293424.0,-6.447416305541992,26.07,1.4354804754257202,0.001,1104,172,322.076171875,34,4520,131,-99943.02083333001
57865856.0,-7.2824554443359375,26.05,1.4572006464004517,0.001,1138,176,775.3221435546875,35,4656,131,-99942.82083333
336012096.0,-7.039677619934082,26.28,1.4773228168487549,0.001,1171,180,977.4315795898438,36,4788,131,-99945.12083333
195071408.0,-7.072031497955322,26.44,1.493772029876709,0.001,1198,184,997.7666015625,37,4896,131,-99946.72083333001
343208384.0,-8.186481475830078,26.99,1.5065977573394775,0.001,1219,188,790.303955078125,37,4980,131,-99849.94583333
311165760.0,-8.054781913757324,27.03,1.5179179906845093,0.001,1238,192,828.0117797851562,38,5056,131,-99850.34583333001
272809376.0,-8.113943099975586,27.0,1.5291773080825806,0.001,1257,196,907.0772705078125,38,5132,131,-99850.04583333
98441152.0,-10.149316787719727,29.07,1.6122535467147827,0.001,1385,200,2022.021240234375,42,5644,131,-99665.67083333
118622776.0,-11.292938232421875,30.93,1.6524806022644043,0.001,1442,204,2060.26611328125,44,5872,131,-99575.69583333
131246768.0,-11.084304809570312,33.34,1.6825231313705444,0.001,1484,208,1834.568359375,45,6040,131,-99487.37083333
99843216.0,-11.785126686096191,33.67,1.7036019563674927,0.001,1514,212,2345.933837890625,46,6160,131,-99593.275
175917344.0,-11.34271240234375,33.77,1.7285906076431274,0.001,1550,216,2124.358154296875,47,6304,131,-99594.275
91478752.0,-12.347634315490723,33.58,1.7649906873703003,0.001,1600,220,2377.21826171875,49,6504,131,-99697.0125
201391760.0,-13.271211624145508,34.73,1.7847245931625366,0.001,1629,224,2684.58056640625,50,6620,131,-99506.875
70284112.0,-14.559678077697754,35.08,1.8334550857543945,0.001,1692,228,3015.6904296875,52,6872,131,-99405.3875
115534520.0,-15.76883602142334,35.84,1.8805946111679077,0.001,1747,232,3656.27001953125,53,7092,131,-99208.18333333
140460768.0,-15.84289836883545,35.9,1.9131557941436768,0.001,1786,236,2650.0439453125,55,7248,131,-99208.78333333001
131075808.0,-17.10366439819336,35.52,1.9307727813720703,0.001,1809,240,3337.34814453125,55,7340,131,-99204.98333333
39470164.0,-17.12436294555664,35.71,1.956717610359192,0.001,1837,244,3534.6904296875,56,7452,131,-99206.88333333
237454912.0,-15.995869636535645,35.8,1.9803014993667603,0.001,1865,248,3527.17724609375,57,7564,130,-99207.78333333001
64392864.0,-16.520366668701172,36.03,2.001030206680298,0.001,1888,252,4221.5390625,58,7656,130,-99210.08333333001
65106328.0,-17.921409606933594,36.38,2.0372745990753174,0.001,1930,256,3687.87451171875,60,7824,130,-99213.58333333001
33168272.0,-16.651180267333984,36.82,2.0607025623321533,0.001,1959,260,3838.75390625,61,7940,129,-99217.98333333
139667216.0,-17.352018356323242,37.06,2.0836575031280518,0.001,1986,264,4544.3125,61,8048,129,-99220.38333333
105579480.0,-17.3617000579834,37.33,2.106241226196289,0.001,2013,268,3527.138671875,62,8156,129,-99223.08333333001
83139168.0,-18.96063995361328,37.47,2.126354694366455,0.001,2035,272,5471.6298828125,63,8244,129,-99224.48333333
145249296.0,-19.457048416137695,37.43,2.144235610961914,0.001,2057,276,3674.34619140625,64,8332,129,-99224.08333333001
80069744.0,-18.948020935058594,36.96,2.1624090671539307,0.001,2078,280,3643.1474609375,64,8416,129,-99219.38333333
79003984.0,-19.37992286682129,36.77,2.1918675899505615,0.001,2111,284,3761.10986328125,65,8548,129,-99217.48333333
51171248.0,-19.321002960205078,36.37,2.213467597961426,0.001,2134,288,4197.2880859375,66,8640,129,-99315.75833333
92228016.0,-18.99410629272461,36.43,2.2296030521392822,0.001,2153,292,3241.482421875,67,8716,129,-99316.35833333
70543808.0,-18.669334411621094,36.47,2.245739698410034,0.001,2172,296,3834.177001953125,67,8792,129,-99316.75833333
200491264.0,-16.73189926147461,34.48,2.2666752338409424,0.001,2194,300,5009.1796875,68,8880,129,-99501.93333333
67626192.0,-18.263370513916016,33.18,2.2948081493377686,0.001,2229,304,4541.8681640625,69,9020,129,-99295.58333333001
216729584.0,-19.1135311126709,31.58,2.3386330604553223,0.001,2280,308,5413.1640625,71,9224,129,-99290.60833333
106698864.0,-20.643566131591797,31.43,2.3669331073760986,0.001,2313,312,5791.3388671875,72,9356,129,-99187.70833333001
67785008.0,-20.946277618408203,32.11,2.421184778213501,0.001,2373,316,5083.5634765625,73,9596,129,-98991.44583333
85932832.0,-22.553163528442383,31.81,2.455188751220703,0.001,2409,320,5673.849609375,74,9740,130,-98988.44583333
72708728.0,-20.74612045288086,30.79,2.481550693511963,0.001,2436,324,5251.71826171875,75,9848,130,-99179.88333333
120260544.0,-22.354721069335938,29.84,2.5253043174743652,0.001,2479,328,4821.3232421875,77,10020,130,-99275.37083333
73513720.0,-22.02560806274414,28.93,2.5635647773742676,0.001,2518,332,6309.44384765625,78,10176,129,-99471.075
137060144.0,-20.71617889404297,28.04,2.583768129348755,0.001,2539,336,6034.357421875,78,10260,129,-99462.175
70195488.0,-21.49220848083496,27.49,2.6037418842315674,0.001,2561,340,5434.310546875,79,10348,129,-99456.675
78933664.0,-22.30152130126953,31.68,2.6947996616363525,0.001,2655,344,6345.85302734375,82,10724,129,-99265.7625
150404896.0,-24.022930145263672,32.3,2.759122610092163,0.001,2718,348,6770.8720703125,84,10976,129,-99165.1375
65522004.0,-26.169355392456055,32.64,2.7846617698669434,0.001,2741,352,7201.9892578125,85,11068,129,-99168.5375
81134640.0,-24.19036293029785,32.05,2.826866388320923,0.001,2781,356,6166.35498046875,86,11228,129,-99162.6375
27805080.0,-25.17738151550293,33.66,2.846207857131958,0.001,2797,360,6281.25341796875,86,11292,129,-99062.025
29393104.0,-25.45644760131836,33.25,2.8815512657165527,0.001,2830,364,6812.28759765625,87,11424,129,-99057.925
42719264.0,-23.893871307373047,33.54,2.9134628772735596,0.001,2862,368,6545.37451171875,89,11552,129,-99060.825
64359348.0,-23.927383422851562,33.97,2.951260805130005,0.001,2896,372,6461.54052734375,90,11688,129,-99065.125
108650888.0,-25.63858985900879,34.13,2.96706485748291,0.001,2912,376,7576.58154296875,90,11752,129,-99066.725
65399960.0,-25.62070655822754,33.96,2.9831409454345703,0.001,2928,380,8309.0,91,11816,129,-99065.025
20625064.0,-23.930721282958984,33.43,3.0025997161865234,0.001,2945,384,5981.9384765625,92,11884,129,-99059.725
131479856.0,-23.992427825927734,33.08,3.021878242492676,0.001,2962,388,6477.05810546875,92,11952,129,-99056.225
125993168.0,-22.090362548828125,33.16,3.0660414695739746,0.001,3005,392,6345.98388671875,93,12124,129,-99057.025
143146096.0,-23.92805290222168,33.83,3.0845227241516113,0.001,3024,396,7489.201171875,94,12200,129,-99063.725
51382576.0,-24.78899383544922,33.69,3.1059558391571045,0.001,3044,400,6912.59912109375,95,12280,129,-99062.325
111284544.0,-24.77425193786621,33.14,3.127753257751465,0.001,3064,404,6347.349609375,95,12360,129,-99460.15
62748092.0,-23.625301361083984,32.64,3.1465699672698975,0.001,3084,408,5179.82080078125,96,12440,129,-99455.15
52477512.0,-23.27959442138672,32.2,3.196171283721924,0.001,3131,412,7749.4814453125,97,12628,129,-99652.5875
67149048.0,-23.257579803466797,32.69,3.246878147125244,0.001,3178,416,6991.45263671875,99,12816,129,-99757.4875
96500784.0,-25.986900329589844,33.51,3.2890255451202393,0.001,3218,420,5604.6845703125,100,12976,129,-99765.6875
81010760.0,-24.964548110961914,33.93,3.32492733001709,0.001,3251,424,6214.38134765625,101,13108,129,-99769.8875
66640712.0,-24.918102264404297,34.04,3.3479554653167725,0.001,3271,428,6059.5546875,101,13188,129,-99770.9875
109776688.0,-25.845684051513672,33.67,3.364431858062744,0.001,3288,432,6476.3173828125,102,13256,129,-99767.2875
55385868.0,-23.909626007080078,33.6,3.384117603302002,0.001,3305,436,6877.6337890625,103,13324,129,-99766.5875
49721124.0,-25.246992111206055,33.58,3.4037234783172607,0.001,3324,440,7234.8759765625,103,13400,129,-99766.3875
98613008.0,-27.459190368652344,29.38,3.450939416885376,0.001,3366,444,7425.30615234375,104,13568,129,-99957.2
60366064.0,-27.955900192260742,28.26,3.4964919090270996,0.001,3405,448,7303.52294921875,106,13724,129,-100052.825
39279252.0,-28.412317276000977,28.08,3.54374361038208,0.001,3444,452,7621.19921875,107,13880,129,-99950.5
78404928.0,-29.777437210083008,28.97,3.610654592514038,0.001,3497,456,6500.5830078125,108,14092,129,-99858.725
93020944.0,-29.285907745361328,29.59,3.6869969367980957,0.001,3557,460,7210.93994140625,110,14332,129,-99877.6625
130695680.0,-29.85393524169922,30.35,3.7141153812408447,0.001,3579,464,7767.96630859375,111,14420,129,-99685.0875
88718000.0,-29.172000885009766,30.39,3.769221782684326,0.001,3621,468,7961.65576171875,112,14588,129,-99280.325
124089544.0,-29.392242431640625,30.64,3.880174398422241,0.001,3702,472,7427.1767578125,115,14912,129,-98878.3625
65608648.0,-32.90735626220703,31.78,3.9264304637908936,0.001,3735,476,8155.75341796875,116,15044,129,-98378.8125
75083424.0,-29.92704200744629,34.06,4.041157245635986,0.001,3816,480,7517.12890625,118,15368,129,-98187.975
65390116.0,-31.930206298828125,48.36,4.743514060974121,0.001,4289,484,9746.912109375,132,17260,130,-97809.7
58471320.0,-31.552595138549805,55.44,4.866830348968506,0.001,4370,488,7704.33349609375,134,17584,130,-97730.8
35412496.0,-33.457069396972656,56.74,4.950170040130615,0.001,4425,492,9514.580078125,136,17804,130,-97538.575
53088384.0,-34.37580871582031,59.39,5.083954811096191,0.001,4508,496,7345.91796875,139,18136,130,-97464.375
55173856.0,-33.298187255859375,61.18,5.186914920806885,0.001,4570,500,7196.34375,140,18384,130,-97276.5
57463328.0,-32.56247329711914,61.63,5.231202602386475,0.001,4599,504,7378.6806640625,141,18500,130,-97281.0
38542796.0,-31.228757858276367,61.73,5.270524024963379,0.001,4621,508,7578.74169921875,142,18588,130,-97282.0
51047904.0,-34.305580139160156,61.64,5.304747104644775,0.001,4642,512,8052.857421875,143,18672,130,-97281.1
40575648.0,-33.70112228393555,60.37,5.354006290435791,0.001,4673,516,7290.3212890625,144,18796,130,-97371.4625
101947840.0,-31.676105499267578,59.89,5.413666248321533,0.001,4708,520,8509.9013671875,145,18936,130,-97366.6625
107409632.0,-33.82025146484375,60.72,5.4928693771362305,0.001,4758,524,9334.212890625,147,19136,130,-97374.9625
93403704.0,-31.95235824584961,60.5,5.537729740142822,0.001,4783,528,8571.97265625,147,19236,130,-97372.7625
40457288.0,-32.778106689453125,60.77,5.6123151779174805,0.001,4828,532,10533.84765625,149,19416,130,-97275.1125
120060640.0,-31.730937957763672,61.88,5.693058013916016,0.001,4878,536,9056.029296875,150,19616,130,-97182.1
70126736.0,-33.731468200683594,63.47,5.794925689697266,0.001,4936,540,8509.3427734375,152,19848,130,-96995.6375
62550992.0,-33.79332733154297,66.19,6.009127140045166,0.001,5060,544,9205.7578125,156,20344,130,-96806.125
57603312.0,-34.185916900634766,68.16,6.174765110015869,0.001,5149,548,8972.7978515625,158,20700,130,-96621.3625
111958408.0,-32.39118194580078,68.85,6.246138095855713,0.001,5190,552,9246.083984375,160,20864,130,-96527.7375
215742480.0,-31.58785057067871,68.63,6.327173233032227,0.001,5235,556,9386.45703125,161,21044,130,-96626.2125
85805408.0,-31.25326156616211,67.58,6.57917594909668,0.001,5374,560,10262.4775390625,165,21600,130,-96518.35
31618028.0,-33.10242462158203,70.17,6.986439228057861,0.001,5594,564,8417.2705078125,172,22480,130,-96532.325
72076336.0,-32.624107360839844,81.44,7.640049934387207,0.001,5921,568,9820.537109375,182,23788,130,-95662.7875
50895524.0,-33.66770935058594,81.54,7.757978439331055,0.001,5979,572,9527.3740234375,184,24020,130,-96068.25
36655104.0,-32.980140686035156,81.03,7.933853626251221,0.001,6063,576,11112.3427734375,186,24356,130,-96574.1
37036696.0,-31.698148727416992,79.19,8.049156188964844,0.001,6116,580,9757.251953125,188,24568,130,-96769.3375
30229742.0,-32.49863815307617,65.58,8.196150779724121,0.001,6184,584,11337.2392578125,190,24840,130,-97053.9125
18279410.0,-33.015968322753906,70.71,8.64696216583252,0.001,6388,588,10293.958984375,196,25656,130,-95867.5125
54243892.0,-33.08526611328125,81.6,9.109310150146484,0.001,6584,592,10446.48828125,202,26440,130,-94896.6
37358308.0,-32.6347770690918,79.48,9.352118492126465,0.001,6686,596,11518.794921875,205,26848,130,-94976.1
20848850.0,-30.029067993164062,82.42,9.604677200317383,0.001,6790,600,11102.2041015625,208,27264,130,-95211.275
24998384.0,-33.432708740234375,86.24,10.204050064086914,0.001,7031,604,12983.6865234375,215,28228,130,-95139.675
46677816.0,-34.06396484375,90.05,10.340517044067383,0.001,7083,608,11395.369140625,217,28436,130,-95177.775
24447680.0,-31.695266723632812,100.64,10.629742622375488,0.001,7187,612,13473.85546875,220,28852,130,-94967.07083333
32603936.0,-32.391998291015625,101.8,10.942045211791992,0.001,7297,616,13469.9111328125,224,29292,130,-94878.67083333
57007776.0,-31.299901962280273,104.99,11.248246192932129,0.001,7410,620,11567.427734375,227,29744,130,-94910.57083333
22169052.0,-29.143817901611328,108.61,11.435399055480957,0.001,7479,624,12408.8310546875,229,30020,130,-94846.59583333001
21130908.0,-30.12628173828125,110.0,11.748635292053223,0.001,7591,628,14813.2734375,233,30468,130,-94860.49583333
12394143.0,-30.925209045410156,113.63,12.084017753601074,0.001,7713,632,13240.7138671875,237,30956,130,-94881.83333333001
28195812.0,-30.824970245361328,114.31,12.532482147216797,0.001,7862,636,13740.2119140625,241,31552,130,-94891.87083333
32389148.0,-31.814695358276367,119.66,13.335076332092285,0.001,8119,640,14860.46484375,250,32580,130,-95027.70833333001
54977176.0,-30.745933532714844,122.9,13.641947746276855,0.001,8214,644,13212.51171875,252,32960,130,-95143.30833333
19724696.0,-27.84162139892578,122.56,14.00750732421875,0.001,8324,648,13943.625,256,33400,130,-95138.94583333
32217324.0,-31.295570373535156,123.65,14.209799766540527,0.001,8388,652,16890.69140625,258,33656,130,-95350.89583333001
44350180.0,-30.205427169799805,123.93,14.430192947387695,0.001,8452,656,12340.79296875,260,33912,130,-95353.69583333
21696644.0,-31.02174186706543,123.8,14.873255729675293,0.001,8582,660,15649.951171875,264,34432,130,-95451.98333333
13760066.0,-31.143428802490234,122.66,15.168167114257812,0.001,8663,664,15352.11328125,266,34756,130,-95544.95833333001
43054656.0,-31.812978744506836,123.65,15.630516052246094,0.001,8786,668,15746.482421875,270,35248,130,-95349.18333333
19515248.0,-30.48873519897461,124.96,16.19874382019043,0.001,8932,672,15393.4365234375,275,35832,130,-95261.14583333001
23328160.0,-33.107547760009766,128.97,16.35373878479004,0.001,8971,676,15377.048828125,276,35988,130,-94870.05
19142748.0,-28.233421325683594,131.69,17.011226654052734,0.001,9137,680,16514.54296875,281,36652,130,-94786.575
28196992.0,-26.206531524658203,136.14,17.545698165893555,0.001,9279,684,16894.0703125,286,37220,129,-94720.725
22052692.0,-26.772388458251953,124.25,17.760589599609375,0.001,9334,688,18590.755859375,288,37440,129,-95989.225
17921838.0,-27.803125381469727,118.42,19.032489776611328,0.001,9658,692,16719.90625,297,38736,130,-96879.695
36217800.0,-27.64405059814453,121.32,19.522401809692383,0.001,9780,696,16053.19921875,301,39224,130,-96689.17
58733440.0,-25.66515350341797,121.26,20.225635528564453,0.001,9947,700,19290.4296875,306,39892,130,-96579.995
15192164.0,-28.88001251220703,131.36,20.882003784179688,0.001,10100,704,19531.82421875,311,40504,130,-95519.9325
10128290.0,-28.04348373413086,135.52,22.053504943847656,0.001,10357,708,19080.576171875,318,41532,130,-95213.345
27024250.0,-25.11331558227539,134.77,23.2292537689209,0.001,10614,712,16175.94921875,326,42560,130,-95190.94916666999
15964412.0,-20.232616424560547,141.54,26.153100967407227,0.001,11252,716,20849.275390625,345,45112,130,-95036.86166667
20548290.0,-15.40418815612793,165.48,27.572179794311523,0.001,11579,720,21801.08984375,355,46420,130,-92912.67416667
11456774.0,-16.55337142944336,172.72,29.061779022216797,0.001,11914,724,18589.927734375,365,47760,130,-92963.94916666999
19694972.0,-14.209576606750488,177.5,29.95525360107422,0.001,12116,728,19935.5703125,371,48568,130,-92695.83666666999
14943446.0,-14.609698295593262,176.01,30.734445571899414,0.001,12299,732,20178.30078125,377,49300,130,-92485.39916666999
7997576.0,-14.645903587341309,176.79,31.231449127197266,0.001,12414,736,22229.52734375,380,49760,130,-92483.83666666999
24771584.0,-17.68425178527832,184.04,32.01668167114258,0.001,12584,740,20038.673828125,385,50440,130,-91216.31166667
18160062.0,-16.042713165283203,182.32,32.31822204589844,0.001,12647,744,22077.515625,387,50692,130,-91026.06166667
26763932.0,-13.239679336547852,182.81,32.982975006103516,0.001,12791,748,21137.9609375,391,51268,130,-91236.38666666999
12653563.0,-14.516365051269531,187.15,33.91637420654297,0.001,12986,752,23218.17578125,398,52048,130,-91178.38666666999
32441374.0,-12.126086235046387,193.22,34.808197021484375,0.001,13176,756,25084.01953125,403,52808,130,-90934.45333333999
12250120.0,-8.669815063476562,199.7,36.71031188964844,0.001,13650,760,25630.12109375,418,54704,130,-90683.58250000999
12610032.0,-7.770694255828857,216.56,37.39869689941406,0.001,13848,764,21634.29296875,424,55496,130,-89383.61861111998
15425776.0,-7.067211627960205,207.31,37.80924987792969,0.001,13985,768,23917.373046875,428,56044,130,-90778.06861111999
6996427.0,-10.136160850524902,215.06,39.28038024902344,0.001,14408,772,23403.546875,441,57736,130,-90725.81861111999
28013454.0,-7.765921592712402,220.51,39.84589767456055,0.001,14554,776,23535.10546875,446,58320,130,-91110.68944444999
16755078.0,-7.785322189331055,219.85,40.28699493408203,0.001,14679,780,27303.60546875,450,58820,130,-91214.76444444999
10946758.0,-6.029087543487549,218.5,40.62761306762695,0.001,14770,784,22919.32421875,453,59184,130,-91412.21444444999
23501358.0,-8.883726119995117,220.93,41.045204162597656,0.001,14885,788,27065.83984375,456,59644,130,-91436.51444444999
13631971.0,-4.687317848205566,234.04,44.070030212402344,0.001,15708,792,27467.24609375,480,62936,130,-90117.03376069
7527973.0,-2.6832990646362305,254.86,45.20886993408203,0.001,16122,796,29102.677734375,495,64592,130,-89118.85876069
11092992.0,-4.932875633239746,261.84,45.92451095581055,0.001,16406,800,27327.69140625,504,65728,130,-89196.79626069
6769740.0,0.92225182056427,268.59,47.21318054199219,0.001,17075,804,28337.892578125,524,68404,130,-90431.57126069
6049077.0,0.11675441265106201,279.77,47.262027740478516,0.001,17595,808,26353.267578125,540,70484,130,-90789.54626069
5801431.0,1.853571891784668,286.81,46.99955749511719,0.001,17968,812,27450.42578125,552,71976,130,-89971.12126069
5709601.0,2.843956708908081,295.74,46.209842681884766,0.001,18352,816,27650.541015625,564,73512,130,-88911.40876069
25114428.0,1.9698477983474731,287.5,45.076210021972656,0.001,18822,820,25550.365234375,578,75392,130,-89929.24626069
15147357.0,1.408867597579956,291.27,43.71086502075195,0.001,19383,824,31696.5625,595,77636,130,-89641.10876069
9660959.0,1.4871267080307007,308.87,42.99258041381836,0.001,19822,828,27265.28515625,608,79392,130,-88896.58376069
2287738.0,2.7072832584381104,321.16,42.19023895263672,0.001,20267,832,26679.30859375,622,81172,130,-89106.18376069
15670788.0,0.20052573084831238,330.33,41.237152099609375,0.001,20679,836,30255.45703125,634,82820,130,-88969.98376069
6951084.5,1.1972362995147705,340.01,40.100982666015625,0.001,21359,840,29369.255859375,655,85540,130,-89424.13376069
4739723.0,1.7494089603424072,354.46,39.504127502441406,0.001,21615,844,29627.236328125,662,86564,130,-89652.38792735999
4370225.5,1.1397840976715088,363.53,38.913108825683594,0.001,21879,848,27143.9296875,671,87620,130,-89638.36292736001
9162346.0,0.32093459367752075,368.51,38.2916374206543,0.001,22232,852,32828.65625,682,89032,130,-89582.65042736001
3385454.75,2.4722883701324463,377.95,36.98762130737305,0.001,22800,856,25478.638671875,699,91304,130,-89981.68376069
12391872.0,1.4067858457565308,395.33,34.79624938964844,0.001,23384,860,30233.888671875,717,93640,130,-88367.07403845999
26405528.0,1.715205192565918,391.68,32.66989517211914,0.001,23816,864,28479.201171875,731,95368,130,-89432.30459401998
16418115.0,2.3272061347961426,413.63,30.017108917236328,0.001,24568,868,25616.505859375,753,98376,130,-88419.18376069
16726293.0,1.7796399593353271,418.69,29.00885581970215,0.001,24815,872,29026.27734375,761,99364,130,-88127.55459402001
16476654.0,1.9510326385498047,418.98,27.588130950927734,0.001,25251,876,28011.154296875,775,101108,130,-88007.30459401998
2622558.5,0.637565553188324,431.36,26.95215606689453,0.001,25418,880,27278.615234375,780,101776,130,-87849.72959401998
4002350.5,-1.4927821159362793,440.52,26.829133987426758,0.001,26196,884,27634.759765625,805,104888,130,-87330.77126068999
21885728.0,-1.0596110820770264,467.12,27.457340240478516,0.001,26623,888,25047.28125,819,106596,130,-85378.42126069
11994440.0,-0.18417882919311523,471.96,26.74909019470215,0.001,27343,892,24510.0703125,841,109476,130,-84715.58611111999
3125801.0,1.732969880104065,466.93,25.788612365722656,0.001,27911,896,26074.35546875,859,111748,129,-85612.96111112
2800356.25,-0.3638145327568054,486.39,23.216060638427734,0.001,28824,900,24178.427734375,888,115400,129,-84561.28611112
2828488.5,0.15423870086669922,487.8,23.274751663208008,0.001,29064,904,23074.00390625,895,116360,129,-84240.83611112
6578540.5,1.1867969036102295,487.32,22.46341896057129,0.001,29921,908,26627.74609375,922,119788,129,-83778.11944445
3227002.0,1.5606656074523926,493.69,21.850753784179688,0.001,30124,912,26954.837890625,929,120600,129,-84944.29444444999
11037768.0,0.012538120150566101,491.28,20.994060516357422,0.001,30678,916,25228.328125,947,122816,129,-85929.39444445
4914645.0,1.6704013347625732,486.46,20.883785247802734,0.001,30931,920,25017.6484375,954,123828,129,-86532.42777779
6391599.0,0.8465566039085388,487.6,20.466176986694336,0.001,31591,924,25817.50390625,974,126468,129,-86665.15277779
4980632.0,-1.223488211631775,490.63,20.63417625427246,0.001,32078,928,23193.30859375,989,128416,129,-87830.31527779
7330361.0,0.19291676580905914,490.78,21.572580337524414,0.001,32504,932,21321.35546875,1002,130120,129,-87741.26527779
3024825.0,0.2104218602180481,496.3,21.233606338500977,0.001,32911,936,22603.8984375,1014,131748,129,-88134.60277779
3966174.25,0.5616891384124756,485.05,20.756977081298828,0.001,33276,940,23352.94921875,1026,133208,129,-88754.54027779
4455312.0,0.695370614528656,476.57,20.12984275817871,0.001,33535,944,24418.421875,1034,134244,129,-88673.73194444999
3190782.0,-1.5408055782318115,475.67,20.448471069335938,0.001,33921,948,24962.96875,1046,135788,129,-88548.74444444999
2681701.0,0.7862014770507812,474.78,20.838783264160156,0.001,34034,952,21751.65625,1049,136240,129,-88407.54861111999
22607068.0,0.34880363941192627,475.08,20.016096115112305,0.001,35016,956,24247.015625,1079,140168,129,-88186.57361111998
2842102.5,0.17012929916381836,474.95,19.60991668701172,0.001,35118,960,22135.09375,1082,140576,129,-89236.60416668
17052590.0,0.6578160524368286,468.14,18.42839241027832,0.001,35426,964,21711.67578125,1091,141808,129,-89084.64583334001
2502525.0,0.5208286046981812,453.39,18.330554962158203,0.001,35634,968,22063.27734375,1098,142640,129,-89908.95416667
3487797.25,1.5467779636383057,448.39,19.419340133666992,0.001,36058,972,22037.943359375,1111,144336,129,-89859.00000000998
16485516.0,-0.5207412242889404,456.0,18.94188690185547,0.001,36546,976,24170.931640625,1126,146288,129,-89743.90000000998
3124277.0,0.8351328372955322,457.68,18.389883041381836,0.001,37001,980,21311.14453125,1141,148108,129,-89709.65000000998
3169426.5,1.2825859785079956,471.34,19.98650550842285,0.001,37860,984,24021.265625,1167,151544,129,-90131.89583334
3924526.0,0.22032767534255981,464.76,20.01732635498047,0.001,38389,988,20811.306640625,1183,153660,129,-90817.47916666999
2652490.0,-1.7961691617965698,463.61,19.509737014770508,0.001,38917,992,22381.67578125,1199,155772,129,-92085.9125
3320734.0,-1.0509495735168457,470.88,20.422672271728516,0.001,39470,996,19884.625,1217,157984,129,-91149.4875
2780275.75,0.6677675247192383,450.19,19.9173583984375,0.001,39696,1000,20088.18359375,1224,158888,129,-91957.575
2604401.5,1.7704105377197266,438.14,19.414146423339844,0.001,40054,1004,19404.58203125,1235,160320,129,-92043.45
2393239.5,-0.45259106159210205,431.81,19.01703453063965,0.001,40334,1008,22834.125,1245,161440,129,-92314.26666667
3505542.0,0.5255118608474731,418.23,19.0682373046875,0.001,40859,1012,23981.23046875,1262,163540,129,-91749.8625
2798794.75,-0.3485840857028961,436.11,18.60296058654785,0.001,41585,1016,22093.11328125,1283,166444,129,-90889.6375
6624058.0,1.153076410293579,444.88,18.744722366333008,0.001,42128,1020,22505.384765625,1301,168616,129,-91374.57916666
3064895.0,1.5938053131103516,447.33,16.788076400756836,0.001,42551,1024,22468.03515625,1314,170308,129,-91724.89166666001
3925079.0,0.0642549991607666,434.39,16.095890045166016,0.001,42934,1028,18722.61328125,1326,171840,129,-91272.99583333
2834368.75,0.02288186550140381,436.78,17.30584716796875,0.001,43587,1032,21578.6953125,1347,174452,129,-90006.41388889
2194447.5,-0.5383842587471008,441.44,16.815458297729492,0.001,43942,1036,18905.029296875,1358,175872,129,-88699.43472222
5494900.0,-2.0495853424072266,437.57,17.230878829956055,0.001,44121,1040,20524.90234375,1363,176588,129,-88557.23472222
3656404.25,-0.5429971814155579,437.96,19.205951690673828,0.001,44397,1044,21983.84375,1372,177692,129,-88090.05972222
2908049.25,-0.30996274948120117,439.09,17.848196029663086,0.001,44961,1048,21194.068359375,1389,179948,129,-88080.50972222
37232336.0,0.7925783395767212,452.03,16.999805450439453,0.001,45397,1052,20816.896484375,1402,181692,129,-87103.61388888002
2809989.5,-0.9000442624092102,455.73,16.045249938964844,0.001,46216,1056,18615.4296875,1428,184968,129,-86034.03888888
3177906.5,-0.7056524753570557,452.82,16.59842872619629,0.001,46542,1060,24955.82421875,1438,186272,129,-86935.17638887999
4652119.5,-0.5389895439147949,452.82,16.908536911010742,0.001,46648,1064,23247.984375,1442,186696,129,-87283.53055555001
14057374.0,1.4036606550216675,455.2,18.552902221679688,0.001,47307,1068,22426.53515625,1462,189332,129,-87443.81805555001
5747737.0,0.26512566208839417,477.4,16.77876091003418,0.001,48009,1072,17930.17578125,1482,192140,129,-86561.15972221
6797489.0,0.1301598697900772,481.19,16.523866653442383,0.001,48628,1076,20251.630859375,1501,194616,129,-86729.00972221
2311910.75,0.08639761805534363,479.04,17.026090621948242,0.001,48855,1080,19123.984375,1508,195524,129,-86554.47222221
10619970.0,0.6299487948417664,466.34,18.590625762939453,0.001,49180,1084,18800.80859375,1518,196824,129,-86032.99305554
7076905.0,-1.648787498474121,463.09,17.03660774230957,0.001,49989,1088,25221.01171875,1543,200060,129,-86902.08472220998
2437901.5,-0.17364788055419922,468.42,18.5068359375,0.001,50730,1092,18528.234375,1566,203024,129,-85880.98472220998
12324788.0,-0.16595357656478882,468.26,17.679676055908203,0.001,51349,1096,20022.59375,1585,205500,129,-86239.00972221
4386389.0,-1.6188422441482544,470.66,16.186079025268555,0.001,51686,1100,24054.984375,1596,206848,129,-86155.07222221
4226131.5,-1.0789873600006104,479.15,17.537446975708008,0.001,51970,1104,25438.630859375,1604,207984,129,-85076.34722221
13601166.0,0.2808249294757843,483.73,17.780012130737305,0.001,52534,1108,23362.37109375,1622,210240,129,-84878.09722221
5423388.0,-0.03439231216907501,492.78,17.73358154296875,0.001,53117,1112,20864.61328125,1640,212572,129,-85197.84583332
3857521.25,-0.04106585681438446,483.18,17.6534366607666,0.001,53826,1116,18486.26171875,1663,215408,129,-85261.27083332
12351836.0,0.21032601594924927,480.69,16.592769622802734,0.001,54122,1120,24862.015625,1672,216592,129,-84220.10833332001
5016425.0,-0.09346409142017365,481.86,17.63919448852539,0.001,54696,1124,17634.2265625,1689,218888,129,-84021.48333332001
6099430.5,-1.1500918865203857,482.41,16.244775772094727,0.001,55257,1128,22827.9765625,1708,221132,129,-83047.64166665002
4375669.5,0.016176223754882812,482.23,15.684951782226562,0.001,55546,1132,21174.29296875,1717,222288,129,-84042.61388887
4277879.0,0.6286709308624268,471.85,15.29688549041748,0.001,55660,1136,20627.1484375,1721,222744,129,-85031.23055554001
17652756.0,0.18452027440071106,476.32,16.7303524017334,0.001,56256,1140,21428.21484375,1739,225128,129,-85434.73055554001
5583426.0,-0.22273388504981995,486.14,17.250274658203125,0.001,56917,1144,23995.12890625,1759,227772,129,-85938.47222221002
11373393.0,-0.47091129422187805,503.08,14.88784122467041,0.001,57352,1148,19243.23046875,1772,229512,129,-83992.68472221002
7080287.0,-0.7172771692276001,499.97,15.896841049194336,0.001,57975,1152,19278.44921875,1791,232004,129,-84897.52888888001
6504720.5,0.7562645673751831,506.83,15.974984169006348,0.001,58975,1156,21550.36328125,1820,236004,129,-83827.30388888001
5436226.0,-1.0842957496643066,506.96,16.30782127380371,0.001,59247,1160,23230.46875,1829,237092,129,-81590.33722221
5129127.0,-1.9255238771438599,521.05,17.469329833984375,0.001,59830,1164,22223.4140625,1846,239424,129,-81350.77888888
7038956.0,1.5476431846618652,522.56,16.589218139648438,0.001,60192,1168,19418.419921875,1857,240872,129,-81489.94138887999
3021179.5,-0.09260471165180206,513.72,15.448992729187012,0.001,61051,1172,22560.669921875,1883,244308,129,-81644.17888888
3055298.25,0.4756074547767639,510.1,14.685978889465332,0.001,61517,1176,21609.921875,1898,246172,129,-80689.68388888
2229272.5,1.6085855960845947,526.44,14.335658073425293,0.001,62308,1180,18593.5703125,1922,249336,129,-77900.09638887999
3089104.5,-1.884077787399292,539.38,14.993937492370605,0.001,62852,1184,20186.412109375,1939,251512,129,-76511.72555555
3458199.5,0.3205723166465759,535.69,15.10167121887207,0.001,63050,1188,21199.150390625,1945,252304,129,-76827.68805555
4261461.5,0.49422794580459595,525.12,15.415324211120605,0.001,63879,1192,20299.08203125,1971,255620,129,-78583.28805555
12676298.0,-0.9867581129074097,512.07,14.97871208190918,0.001,64164,1196,18563.22265625,1979,256760,129,-79305.02555555
4342402.0,-0.509662926197052,525.92,14.339316368103027,0.001,64990,1200,21329.31640625,2006,260064,129,-78659.05055555
2778400.75,-1.1777324676513672,531.43,14.697225570678711,0.001,65201,1204,22417.01953125,2012,260908,129,-77865.56305555001
2409059.5,0.9504941701889038,531.99,15.41379165649414,0.001,65748,1208,22151.5078125,2029,263096,129,-77997.45055555
2626941.75,0.04231870174407959,527.33,15.773398399353027,0.001,66140,1212,20749.0703125,2041,264664,129,-77801.73111111
2305082.5,-0.7100624442100525,516.57,16.22894859313965,0.001,66428,1216,20922.181640625,2050,265816,129,-78929.64361111
3972902.5,0.14514827728271484,500.35,16.041015625,0.001,66597,1220,20701.48828125,2055,266492,129,-79678.10611111
19500932.0,1.682337760925293,493.61,15.660880088806152,0.001,67173,1224,21119.328125,2073,268796,129,-79397.31861111001
7373816.0,-0.4020335078239441,498.1,14.064563751220703,0.001,67525,1228,19569.3828125,2083,270204,129,-80470.29361111
2455870.5,0.5823265910148621,499.51,14.440568923950195,0.001,67975,1232,23795.27734375,2098,272004,129,-79365.1984188
28516760.0,0.8109809160232544,507.77,14.924674034118652,0.001,68684,1236,20580.052734375,2119,274840,129,-78146.1359188
3697465.5,-2.1409058570861816,514.25,14.24417781829834,0.001,69097,1240,21116.65234375,2131,276492,129,-77677.44425213
11732801.0,0.9355226755142212,517.62,14.096468925476074,0.001,69609,1244,19407.830078125,2147,278540,129,-77754.80675213
2208221.5,0.3254588544368744,505.35,12.987391471862793,0.001,70322,1248,23337.9140625,2169,281392,129,-79564.34425213
6743635.0,-0.4938664138317108,508.87,13.49251937866211,0.001,70711,1252,22416.46484375,2181,282948,129,-79410.66675213
7215881.0,-0.10006189346313477,499.76,13.901885986328125,0.001,71201,1256,19497.83203125,2197,284908,129,-81400.21675213
1891354.0,-1.5645778179168701,494.57,13.759556770324707,0.001,71711,1260,20258.33203125,2213,286948,129,-82447.6834188
2598103.0,-0.1306438148021698,494.3,14.009624481201172,0.001,72302,1264,20055.6640625,2231,289312,129,-81435.0584188
3042578.5,-0.7775700092315674,498.92,13.700994491577148,0.001,72785,1268,21227.90625,2245,291244,129,-80150.6334188
2553008.5,1.672729730606079,499.99,15.088412284851074,0.001,73446,1272,19323.513671875,2266,293888,129,-81173.48758547001
2986391.5,-0.8297675848007202,514.86,14.317633628845215,0.001,74446,1276,21968.32421875,2297,297888,129,-80753.78675214
3663196.5,-0.7264953851699829,509.31,14.038328170776367,0.001,75030,1280,23653.8671875,2316,300224,129,-81562.56175214
2458949.25,1.1140658855438232,520.0,12.876887321472168,0.001,75991,1284,23428.4453125,2346,304068,129,-82582.38675214
18056404.0,0.139323890209198,533.24,14.200117111206055,0.001,76610,1288,20740.2890625,2366,306544,129,-80386.44925214
1747882.875,-0.43586182594299316,548.16,12.94807243347168,0.001,77610,1292,22170.69921875,2397,310544,129,-77764.95925214
4111693.5,0.12939614057540894,569.05,13.28222942352295,0.001,78173,1296,21213.814453125,2414,312796,129,-75016.19675214001
2221992.75,0.14955657720565796,574.96,12.651212692260742,0.001,79149,1300,21874.72265625,2445,316700,129,-74066.05925214
1865682.625,0.06997209787368774,571.23,12.304915428161621,0.001,79710,1304,20902.330078125,2463,318944,129,-74615.59372184
2230870.25,-0.6920369863510132,581.8,12.599671363830566,0.001,80635,1308,22015.310546875,2491,322644,129,-74475.8617774
2947535.5,-1.306654691696167,596.88,12.649497032165527,0.001,81125,1312,19306.77734375,2506,324604,129,-73658.07011073
1829719.625,-0.8039911389350891,617.67,13.667574882507324,0.001,82125,1316,19412.5859375,2536,328604,129,-70318.20761073
9469334.0,-1.2711325883865356,645.34,12.906344413757324,0.001,82895,1320,20786.04296875,2560,331684,129,-68733.59511072999
2530984.75,-0.10707071423530579,657.69,13.020381927490234,0.001,83635,1324,20073.64453125,2583,334644,129,-67064.03261072999
2411788.5,0.19368776679039001,664.46,11.762177467346191,0.001,84456,1328,18482.701171875,2608,337928,129,-66110.53261072999
2748739.5,0.9727862477302551,672.89,13.059298515319824,0.001,84973,1332,21368.4296875,2625,339996,129,-66200.45002526
4748270.0,-0.6180324554443359,677.86,12.592582702636719,0.001,85508,1336,20346.361328125,2641,342136,129,-66203.68752526
2842908.5,0.5254983901977539,680.18,13.09295654296875,0.001,86111,1340,20687.65625,2659,344548,129,-65187.837525259994
1822491.125,0.532576322555542,681.87,11.91718578338623,0.001,86824,1344,18098.8671875,2681,347400,129,-63678.35002526
3121598.25,-1.3455986976623535,684.69,12.355340003967285,0.001,87106,1348,20593.763671875,2689,348528,129,-62629.75002526
4056102.25,0.1722993552684784,681.8,12.257966041564941,0.001,87815,1352,23069.41796875,2711,351364,129,-63088.43752526
7248841.0,-1.171654462814331,692.91,12.441804885864258,0.001,88724,1356,20598.40234375,2739,355000,129,-61046.28752526
2742946.25,-0.30074381828308105,702.98,12.69401741027832,0.001,89240,1360,18207.873046875,2754,357064,129,-60955.183358589995
2244926.0,1.1813364028930664,708.17,12.360676765441895,0.001,90192,1364,20412.076171875,2783,360872,129,-61478.491691920004
2044882.375,0.6312371492385864,726.41,11.659729957580566,0.001,91192,1368,21588.138671875,2813,364872,129,-59914.37919192
1815656.25,-0.2971734404563904,736.38,11.750545501708984,0.001,91941,1372,18225.83984375,2836,367868,129,-58010.429191920004
2144613.5,0.9388040900230408,729.14,12.38908576965332,0.001,92357,1376,20432.158203125,2849,369532,129,-56908.30835858
2142210.0,-0.10256023705005646,730.34,11.370314598083496,0.001,93357,1380,18718.703125,2880,373532,129,-57386.02085857999
3393146.5,-0.5923983454704285,731.02,11.59726619720459,0.001,94244,1384,18827.98046875,2907,377080,129,-55283.08752525
1951689.75,-1.9628151655197144,733.04,11.023016929626465,0.001,94844,1388,20682.306640625,2925,379480,129,-56426.98752525
3270220.0,0.6461100578308105,721.38,10.85929012298584,0.001,95466,1392,19835.9921875,2944,381968,129,-59118.44002525
1947035.125,-0.09700533747673035,712.98,10.277080535888672,0.001,96144,1396,23524.94921875,2964,384680,129,-60692.82752525
2331730.5,-0.40389594435691833,709.76,11.586209297180176,0.001,97061,1400,24053.14453125,2992,388348,129,-60204.023358579994
2397743.0,-0.13824859261512756,714.84,12.143635749816895,0.001,97811,1404,19870.7890625,3016,391348,129,-60332.688888879995
1872770.25,-0.48782026767730713,718.05,12.424783706665039,0.001,98458,1408,24283.94140625,3035,393936,129,-57290.98333332
3106933.0,0.06956988573074341,720.23,11.910150527954102,0.001,99061,1412,22162.5390625,3053,396348,129,-55099.991666660004
1783243.25,-0.4858907461166382,710.6,12.153483390808105,0.001,99921,1416,18244.32421875,3079,399788,129,-55986.39166666
1543564.625,0.012059926986694336,703.25,12.267061233520508,0.001,100584,1420,21104.841796875,3100,402440,129,-56325.537500000006
2043734.375,0.2808481454849243,708.01,12.478686332702637,0.001,101399,1424,14600.98828125,3127,405700,129,-55922.625
1225420.0,-1.148706078529358,704.75,12.340067863464355,0.001,101747,1428,16174.6796875,3139,407092,129,-54805.55
1422837.0,-0.16888374090194702,701.59,13.168965339660645,0.001,102281,1432,18451.28125,3158,409228,129,-56059.7
1881227.25,-0.9520126581192017,697.56,12.32495403289795,0.001,102978,1436,15325.1767578125,3180,412016,129,-57249.7625
2563752.5,0.2634044885635376,693.26,12.207862854003906,0.001,103359,1440,12396.66796875,3193,413540,129,-58595.566666670005
2268057.25,0.2850249409675598,693.05,12.321475982666016,0.001,104231,1444,16187.986328125,3222,417028,129,-59060.104166670004
2068798.0,-0.5494145154953003,699.35,12.013970375061035,0.001,104553,1448,16909.830078125,3233,418316,129,-59083.554166669994
1951226.0,0.6349738836288452,695.52,11.843512535095215,0.001,105298,1452,13977.380859375,3257,421296,129,-58711.72916667
1665782.5,-0.08269178867340088,692.99,11.180529594421387,0.001,106222,1456,15211.1875,3287,424992,129,-58598.741666669994
11142334.0,-1.4060624837875366,693.63,11.165657043457031,0.001,106508,1460,14483.783203125,3296,426136,129,-57523.704166669995
7003179.0,-0.4663786292076111,669.97,11.159006118774414,0.001,106551,1464,16202.8115234375,3298,426308,129,-58416.141666669995
1317419.5,0.33308953046798706,644.67,10.89621353149414,0.001,106984,1468,15036.99609375,3312,428040,129,-60898.28333334
2144940.5,0.02383720874786377,624.11,10.053791046142578,0.001,107359,1472,17068.919921875,3326,429540,129,-62611.20833334
2069725.5,0.4413781464099884,621.57,11.239609718322754,0.001,108035,1476,15739.283203125,3348,432244,129,-63706.79166668001
2348573.5,0.7830318212509155,625.31,11.432326316833496,0.001,108637,1480,15995.66796875,3367,434652,129,-64097.32083335
1558553.75,-1.6577173471450806,600.58,11.989456176757812,0.001,109040,1484,14466.4892578125,3380,436264,129,-66773.21666668
1603049.125,0.23313018679618835,583.22,11.772377967834473,0.001,109504,1488,15213.8408203125,3395,438120,129,-67399.94166668
1897961.5,-0.0475882887840271,585.03,11.598485946655273,0.001,110249,1492,15574.59375,3420,441100,128,-66366.07916667999
1725606.375,-0.642155647277832,592.91,12.38659954071045,0.001,111141,1496,12732.6083984375,3449,444668,128,-64255.354166679994
1391208.75,-1.1109981536865234,596.46,12.090093612670898,0.001,112077,1500,11280.0263671875,3480,448412,128,-63298.158333349995
1345129.5,0.7301112413406372,602.6,12.225431442260742,0.001,112760,1504,13063.962890625,3502,451144,128,-61262.45833334999
3515049.0,-0.6899029016494751,588.57,11.967705726623535,0.001,113202,1508,16824.0625,3517,452912,128,-64258.35833334999
4755705.0,0.14284980297088623,584.8,11.55572509765625,0.001,113950,1512,14224.845703125,3541,455904,128,-65238.441666679995
1650576.875,0.9259510040283203,590.54,11.412386894226074,0.001,114925,1516,14874.7080078125,3573,459804,128,-65108.65833335
1014658.0,-0.5379955768585205,599.87,10.871548652648926,0.001,115422,1520,14097.220703125,3589,461792,128,-63175.62083334
2145188.5,0.5788534879684448,599.59,12.14008617401123,0.001,116383,1524,12099.2431640625,3621,465636,128,-63073.44166667
3178161.5,1.4548338651657104,598.57,11.132002830505371,0.001,116878,1528,14260.5205078125,3638,467616,128,-63863.579166669995
2546860.0,0.45884501934051514,610.35,11.616350173950195,0.001,117565,1532,14475.052734375,3661,470364,128,-60612.99583334
990864.1875,-0.808901309967041,608.5,10.7777738571167,0.001,118429,1536,14536.791015625,3690,473820,128,-60486.18333334
1489823.5,0.04853251576423645,613.53,11.302716255187988,0.001,118855,1540,14980.451171875,3704,475524,128,-59415.23333334
1207736.875,-1.175559163093567,610.67,11.744016647338867,0.001,119718,1544,13909.037109375,3733,478976,128,-59369.133333339996
1658830.25,0.45324835181236267,618.66,11.761198997497559,0.001,120314,1548,11552.873046875,3752,481360,128,-58253.12083334
1634124.25,0.06670616567134857,627.41,11.107946395874023,0.001,120894,1552,17305.73046875,3772,483680,128,-56389.89583334
2085951.5,-1.5686733722686768,639.36,11.616643905639648,0.001,121894,1556,13343.35546875,3807,487680,128,-55779.40833334
1214327.0,0.6302539110183716,636.43,11.340804100036621,0.001,122507,1560,12781.2890625,3827,490132,128,-55884.150000010006
1833941.0,-0.9487207531929016,667.62,10.781394958496094,0.001,123325,1564,15382.76171875,3854,493404,127,-52532.01250001
1804080.5,-0.23164337873458862,680.28,10.571328163146973,0.001,124089,1568,16047.6552734375,3879,496460,127,-50687.58333334
1238844.0,2.0592846870422363,695.58,9.785465240478516,0.001,125065,1572,14712.8359375,3912,500364,127,-48608.929166669994
3518352.0,-0.07350778579711914,709.21,10.694596290588379,0.001,125900,1576,12244.69140625,3939,503704,127,-47704.6125
4560725.0,-0.5280498266220093,712.5,10.879145622253418,0.001,126882,1580,14525.2119140625,3973,507632,127,-46808.58333333
1099625.625,1.445868730545044,734.7,10.702696800231934,0.001,127699,1584,16487.560546875,3999,510900,127,-43836.89583333
1533104.5,-0.8359168767929077,751.13,11.344725608825684,0.001,128142,1588,15219.556640625,4014,512672,127,-41957.820833330006
1315329.25,0.680235743522644,767.21,11.427623748779297,0.001,129142,1592,16687.791015625,4047,516672,127,-38825.02083333
1366562.5,1.220097541809082,769.24,11.475518226623535,0.001,130021,1596,13695.2109375,4075,520188,127,-39894.89583333
2366504.25,0.5481367707252502,760.77,10.744763374328613,0.001,130924,1600,13881.580078125,4105,523800,127,-41887.87083333
1375299.5,-1.1020253896713257,765.02,10.310247421264648,0.001,131924,1604,16332.6708984375,4137,527800,127,-41893.53333333001
3324519.5,0.06483541429042816,776.89,10.047819137573242,0.001,132444,1608,12503.349609375,4154,529880,127,-39885.47083333
1783127.25,0.7053552865982056,767.54,10.882186889648438,0.001,133038,1612,11627.19140625,4174,532256,127,-41874.19583333
2829313.5,-0.09738129377365112,762.26,11.134819030761719,0.001,133444,1616,14916.974609375,4187,533880,127,-43077.21666666
1802666.0,0.38378414511680603,746.5,10.769238471984863,0.001,134154,1620,13711.16796875,4213,536720,127,-46157.420833330005
1472138.0,1.408687710762024,743.57,10.761528015136719,0.001,135035,1624,13937.482421875,4243,540244,127,-46252.35
4813329.0,-0.6259329319000244,761.15,10.457542419433594,0.001,136028,1628,12824.205078125,4276,544216,127,-44372.8625
1399421.625,-1.7107291221618652,754.73,9.697415351867676,0.001,136575,1632,14268.39453125,4294,546404,127,-47464.170833330005
2167305.0,-0.19944575428962708,768.46,9.362153053283691,0.001,137534,1636,17476.6796875,4327,550240,127,-45418.883333330006
1415487.75,-0.3096911907196045,781.88,10.01872444152832,0.001,138534,1640,13226.982421875,4359,554240,127,-43218.49583333
6701197.0,-0.17196953296661377,791.05,10.224501609802246,0.001,139313,1644,15496.2021484375,4384,557356,127,-41862.54583333
1363860.75,0.43241211771965027,791.96,9.109471321105957,0.001,139942,1648,13669.96484375,4404,559872,127,-41711.248076920005
1859718.125,1.346759557723999,804.74,9.275616645812988,0.001,140942,1652,15901.6083984375,4440,563872,126,-40600.63557692
1785778.25,0.6033860445022583,801.82,9.97469711303711,0.001,141846,1656,13558.5732421875,4470,567488,126,-41031.03557692
1490684.5,-0.48701590299606323,792.91,9.94018840789795,0.001,142546,1660,17601.544921875,4493,570288,126,-43169.74807692
1808290.875,-0.03609417378902435,792.48,9.841819763183594,0.001,143416,1664,16072.462890625,4522,573768,126,-43102.00641025
1281277.5,-0.4659900367259979,789.04,10.104131698608398,0.001,143692,1668,16372.1796875,4531,574872,126,-42973.006410250004
1694047.0,-0.46963638067245483,793.55,9.559076309204102,0.001,144643,1672,17512.11328125,4563,578676,126,-42250.223076919996
1322459.5,0.25575190782546997,788.51,9.847424507141113,0.001,145643,1676,17685.671875,4598,582676,126,-42139.606410249995
1396935.125,0.3714851140975952,781.69,9.414834022521973,0.001,146368,1680,15960.1171875,4622,585576,126,-42128.98141025
1356308.875,0.3054136037826538,771.8,10.5148286819458,0.001,146799,1684,16578.798828125,4637,587300,126,-44112.131410250004
3649400.0,-0.7110295295715332,769.53,10.10720157623291,0.001,147430,1688,14363.638671875,4658,589824,126,-45108.58141025
1862617.875,-1.5011353492736816,769.53,9.893120765686035,0.001,148430,1692,16676.42578125,4690,593824,126,-45112.25641025
5039868.0,0.26350706815719604,763.59,10.740706443786621,0.001,149396,1696,14030.337890625,4723,597688,126,-44211.84391024999
2838692.0,1.5666303634643555,764.35,9.86436653137207,0.001,150052,1700,14789.5390625,4746,600312,126,-44415.202243579995
6742124.0,-0.393965482711792,748.23,10.002164840698242,0.001,150308,1704,19568.15234375,4755,601336,126,-46750.68974358
1292550.25,0.6132388114929199,736.53,10.090414047241211,0.001,151137,1708,13497.275390625,4783,604652,126,-49024.93974358
3630570.25,-0.8420001268386841,750.67,9.946362495422363,0.001,151802,1712,16628.31640625,4805,607312,126,-47117.585576909994
2555528.75,0.003745555877685547,756.73,8.810112953186035,0.001,152549,1716,13639.404296875,4831,610300,126,-47018.38141024
1110347.5,0.5208533406257629,766.12,9.652630805969238,0.001,153188,1720,17380.064453125,4852,612856,126,-46027.68141024
1513974.0,-0.3808467388153076,764.83,9.420116424560547,0.001,154041,1724,16954.8671875,4880,616268,126,-47025.09391024
2734955.5,0.1373758316040039,750.41,9.465749740600586,0.001,154600,1728,15654.837890625,4899,618504,126,-47908.10641024
1396810.5,-0.19061729311943054,739.26,9.383489608764648,0.001,155081,1732,16084.861328125,4915,620428,126,-46888.40641024001
1300885.25,-0.11376101523637772,741.55,9.666193008422852,0.001,156081,1736,13140.060546875,4949,624428,126,-46778.16057691001
14206712.0,0.33699315786361694,737.41,9.952144622802734,0.001,156744,1740,17403.640625,4970,627080,126,-46814.31057691001
7666198.0,0.05631805956363678,739.12,9.417304992675781,0.001,157744,1744,16482.88671875,5006,631080,126,-46926.64807691
1018187.5,-1.4182500839233398,737.68,9.87333869934082,0.001,158309,1748,17302.51171875,5024,633340,126,-47124.895833320006
1556176.75,-0.12488383054733276,730.6,8.654008865356445,0.001,159309,1752,15221.93359375,5057,637340,126,-47111.84583332
1240808.75,0.3988370895385742,723.58,8.9218168258667,0.001,160155,1756,14595.8515625,5084,640724,126,-47296.808333320005
1269317.5,-0.14451950788497925,733.03,8.969419479370117,0.001,160617,1760,16111.865234375,5099,642572,126,-45041.09583332
1324852.875,0.8538933396339417,724.11,8.977066040039062,0.001,161514,1764,17661.94921875,5130,646160,125,-47056.69999999
1085155.875,0.9182857275009155,740.14,9.036263465881348,0.001,162514,1768,16166.884765625,5163,650160,125,-46904.70833331999
1587305.0,-0.4059319794178009,732.97,8.907925605773926,0.001,162960,1772,17799.99609375,5179,651944,125,-48610.40416665
5224745.0,-0.19890880584716797,728.71,9.755712509155273,0.001,163609,1776,15454.794921875,5201,654540,125,-48864.870833320005
1212995.75,-0.6514252424240112,740.7,8.7327299118042,0.001,164609,1780,18251.7578125,5234,658540,125,-47780.12499999001
1423788.25,0.8869551420211792,747.25,8.847148895263672,0.001,165493,1784,20295.96484375,5264,662076,125,-47586.533333319996
1555715.25,-0.20419439673423767,749.68,8.056777000427246,0.001,166134,1788,18496.5625,5285,664640,125,-47489.64166665
1093817.0,-0.14245206117630005,749.68,8.11159896850586,0.001,167134,1792,16964.2578125,5317,668640,125,-47671.279166650005
1290178.75,0.242089182138443,747.59,7.900836944580078,0.001,168044,1796,15362.0517578125,5348,672280,125,-48560.42916665
8962498.0,0.4369032084941864,749.63,8.688536643981934,0.001,168754,1800,17404.23828125,5371,675120,125,-47475.63333332
1548411.125,0.45377302169799805,762.89,7.743320941925049,0.001,169653,1804,17335.87890625,5400,678716,125,-46383.120833320005
1117512.625,-0.3796757161617279,781.08,8.183443069458008,0.001,170487,1808,16812.328125,5429,682052,125,-43349.16111109
1700158.125,1.2526061534881592,787.37,8.116743087768555,0.001,171436,1812,16109.150390625,5459,685848,125,-42170.22361109
1403323.0,-0.25539183616638184,791.15,8.03370189666748,0.001,172209,1816,18759.02734375,5485,688940,125,-42441.315277760004
1258128.75,-0.4126376509666443,800.11,8.327635765075684,0.001,173121,1820,16787.71875,5514,692588,125,-40453.15277776
3134436.5,-0.3749406933784485,807.89,8.237876892089844,0.001,174121,1824,16213.1123046875,5548,696588,125,-38465.52777776
1672125.625,-0.04167890548706055,811.34,7.933874607086182,0.001,175052,1828,15831.4482421875,5578,700312,125,-38671.76527776
1031056.8125,-0.2623770236968994,817.0,7.933857440948486,0.001,175363,1832,17753.2734375,5588,701556,125,-37798.10277776
1312504.625,0.4732224643230438,808.89,8.065555572509766,0.001,176121,1836,18259.736328125,5615,704588,125,-39038.08611109
2415397.5,-0.3018451929092407,805.17,8.064071655273438,0.001,177054,1840,18675.728515625,5646,708320,125,-40245.598611090005
1405829.0,-0.1727806031703949,798.32,7.527123928070068,0.001,177703,1844,17293.8671875,5667,710916,125,-41420.67361109001
1375511.0,-1.3983526229858398,799.15,7.749640941619873,0.001,178323,1848,15560.740234375,5687,713396,125,-40659.098611090005
1775646.875,-0.9947803020477295,797.87,8.278464317321777,0.001,179187,1852,17653.935546875,5716,716852,125,-41659.76111109
3337635.5,-0.9556662440299988,784.9,8.412574768066406,0.001,179445,1856,17779.18359375,5725,717884,125,-42642.223611090005
1123098.875,1.4366908073425293,776.5,8.409741401672363,0.001,180040,1860,18443.41015625,5744,720264,125,-44635.54861109001
968364.6875,0.7413181662559509,786.55,8.399928092956543,0.001,181040,1864,15288.154296875,5779,724264,125,-42649.098611090005
1072836.75,0.028568744659423828,779.27,8.1893949508667,0.001,181914,1868,16748.83203125,5807,727760,125,-43741.42777776
1392948.375,-0.7233141660690308,787.57,7.7396955490112305,0.001,182914,1872,17137.0390625,5842,731760,125,-41855.06944443
1541167.75,-1.036912441253662,792.54,8.577473640441895,0.001,183785,1876,16408.62890625,5870,735244,125,-42703.08194443001
1149651.0,-0.23423291742801666,792.69,8.379889488220215,0.001,184785,1880,16932.22265625,5903,739244,125,-42802.315277760004
9302182.0,0.15452615916728973,798.92,8.148414611816406,0.001,185708,1884,17438.18359375,5935,742936,125,-41014.00694443
1271970.0,0.4431436359882355,803.87,8.84301471710205,0.001,186448,1888,19195.328125,5959,745896,125,-39121.7236111
1144130.0,-0.726277232170105,803.87,8.363842964172363,0.001,187448,1892,16340.1484375,5992,749896,125,-38934.6611111
6687821.0,1.3703944683074951,814.76,8.473426818847656,0.001,188448,1896,17598.03125,6025,753896,125,-36948.0361111
911812.0,-0.47523343563079834,822.04,9.359688758850098,0.001,189234,1900,16158.275390625,6050,757040,125,-35835.5361111
2118031.0,0.25974392890930176,803.16,9.623259544372559,0.001,189474,1904,15480.5625,6058,758000,125,-36563.6111111
2244693.5,-0.1594633162021637,794.65,7.859333515167236,0.001,190271,1908,16612.42578125,6084,761188,125,-38319.99583333
1506297.75,-0.4515919089317322,792.79,7.736729621887207,0.001,191234,1912,16892.42578125,6116,765040,125,-39419.375
1777433.25,0.28461384773254395,798.2,8.468755722045898,0.001,192234,1916,18487.51953125,6149,769040,125,-36261.775
1839159.75,-0.2090587019920349,800.64,8.942770957946777,0.001,193234,1920,17553.49609375,6184,773040,124,-35271.225
2465895.75,0.6328552961349487,797.61,8.350372314453125,0.001,194165,1924,17275.259765625,6215,776764,124,-35388.175
1497318.75,0.6166064739227295,799.14,7.255799770355225,0.001,194936,1928,16798.083984375,6242,779848,124,-35623.35
1176071.0,-0.9732938408851624,790.24,7.7181549072265625,0.001,195278,1932,15428.6484375,6254,781216,124,-37921.575
1193535.125,-0.155614972114563,799.81,8.120353698730469,0.001,196278,1936,16710.9140625,6287,785216,124,-37185.6125
1299136.375,-0.8221530318260193,810.77,7.975069999694824,0.001,197278,1940,15854.072265625,6321,789216,124,-35016.475
6029699.0,1.3450945615768433,823.44,7.853975772857666,0.001,198278,1944,16497.54296875,6353,793216,124,-31828.4875
1228150.875,-0.45648708939552307,829.16,7.473208904266357,0.001,199278,1948,17677.21875,6387,797216,124,-30598.1875
963152.0625,1.9977179765701294,837.98,7.551706790924072,0.001,200278,1952,17527.1171875,6420,801216,124,-28607.1375
927884.75,0.3812249004840851,853.47,8.525918960571289,0.001,201211,1956,16213.935546875,6451,804948,124,-26621.45
1292368.5,0.9256484508514404,864.76,8.157439231872559,0.001,201864,1960,17970.771484375,6474,807560,124,-24640.225
5186149.0,0.5256910920143127,866.03,7.855090141296387,0.001,202864,1964,17023.087890625,6507,811560,124,-24806.24166667
1500698.5,-0.42344120144844055,875.01,6.8944292068481445,0.001,203864,1968,16513.8203125,6540,815560,124,-21816.89166667
2298473.0,-0.6109346151351929,879.39,7.84133768081665,0.001,204864,1972,17688.431640625,6573,819560,124,-20819.22916667
1811523.5,1.2210508584976196,878.05,7.186855316162109,0.001,205836,1976,16206.62109375,6606,823448,124,-19816.34166667
5819124.0,-0.7688460350036621,877.87,7.659564971923828,0.001,206785,1980,16392.6640625,6638,827244,124,-19815.85416667
1245226.0,-0.19660529494285583,877.58,7.852536201477051,0.001,207785,1984,16617.63671875,6671,831244,124,-19829.57916667
1495610.75,1.1610016822814941,875.81,7.052125453948975,0.001,208278,1988,17000.5,6687,833216,124,-19879.77916667
1294318.75,0.6293960809707642,872.62,7.227750778198242,0.001,209278,1992,15883.318359375,6719,837216,124,-20945.42916667
795951.6875,-0.1546432375907898,872.62,7.589535713195801,0.001,210278,1996,17147.34765625,6752,841216,124,-20946.30416667
4193231.0,-0.1598564088344574,877.36,7.451321125030518,0.001,211278,2000,13978.015625,6784,845216,124,-19951.80416667
1164631.0,-0.9897610545158386,898.78,7.589799404144287,0.001,212065,2004,16400.64453125,6811,848364,124,-17978.07916667
1307524.25,0.48748117685317993,902.33,7.7761006355285645,0.001,212754,2008,15314.8154296875,6833,851120,124,-17975.5875
1263574.375,-0.22172820568084717,877.21,7.488083362579346,0.001,213055,2012,17964.171875,6843,852324,124,-20341.1125
1553062.5,0.9982423782348633,851.33,7.073572158813477,0.001,213662,2016,15054.59765625,6863,854752,124,-24615.9875
4786300.0,-0.14776846766471863,836.2,6.483790397644043,0.001,214338,2020,19244.41796875,6886,857456,124,-27019.2
4069052.0,0.4905535876750946,833.04,8.067679405212402,0.001,215093,2024,16951.896484375,6910,860476,124,-29152.0625
1329839.875,-0.06927058100700378,824.8,8.069487571716309,0.001,215284,2028,17050.546875,6917,861240,124,-29818.2
3543536.0,0.013801097869873047,840.62,7.044404029846191,0.001,216284,2032,14984.029296875,6951,865240,124,-27414.1
811153.625,-0.421724408864975,841.35,7.091060638427734,0.001,217284,2036,18186.802734375,6986,869240,124,-26015.7
1009327.4375,1.3653504848480225,840.85,7.0584235191345215,0.001,218284,2040,18635.720703125,7020,873240,124,-26985.3125
2433431.5,0.35177314281463623,825.96,6.988739967346191,0.001,218974,2044,17666.70703125,7043,876000,124,-29866.49166667
1109105.625,0.25732117891311646,823.88,6.712681770324707,0.001,219974,2048,15362.009765625,7077,880000,124,-30865.36666667
1201311.25,0.46032148599624634,811.75,6.806362152099609,0.001,220813,2052,15308.0361328125,7104,883356,124,-32853.06666667
758276.375,-0.31391769647598267,819.5,5.96738338470459,0.001,221813,2056,15115.1767578125,7136,887356,124,-31864.60416667
6456845.5,0.14007019996643066,826.94,6.229010105133057,0.001,222557,2060,17698.88671875,7164,890332,124,-30866.30416667
987152.6875,0.052724942564964294,829.15,7.12375020980835,0.001,223557,2064,15391.0771484375,7198,894332,124,-29706.225
1032208.0625,-0.37374141812324524,820.18,7.407059669494629,0.001,224179,2068,15226.1123046875,7218,896820,124,-30801.3
1295426.875,-0.45123738050460815,815.43,6.352745056152344,0.001,225179,2072,18100.2734375,7252,900820,124,-31852.1375
1568727.625,1.1530691385269165,823.17,6.497134208679199,0.001,226179,2076,20917.6484375,7284,904820,124,-29861.6625
976354.625,0.39455077052116394,823.67,6.706800937652588,0.001,227179,2080,17961.94921875,7318,908820,124,-29862.2
1290969.875,-0.7520458698272705,821.35,6.601285457611084,0.001,228161,2084,16871.5,7351,912748,124,-29843.4625
1439228.25,-0.6079831719398499,823.72,6.434303283691406,0.001,229161,2088,14009.693359375,7385,916748,124,-29794.0125
1038040.5,0.2508106827735901,826.91,6.536808967590332,0.001,230161,2092,14711.376953125,7418,920748,124,-28733.7
858835.0,0.5079964995384216,826.91,6.901963710784912,0.001,231161,2096,17204.375,7451,924748,124,-28733.9625
1076934.75,-0.8181389570236206,826.91,6.547967910766602,0.001,232161,2100,17066.439453125,7484,928748,124,-28735.7125
3385603.25,0.0697704553604126,830.17,5.988543510437012,0.001,233161,2104,16972.236328125,7517,932748,124,-27739.975
893651.125,-0.42379099130630493,833.7,6.142991065979004,0.001,233962,2108,16116.919921875,7543,935952,124,-26753.34166667
1594401.125,0.530153214931488,861.19,6.268664836883545,0.001,234962,2112,19405.421875,7576,939952,124,-22390.89166667
854901.75,0.2600476145744324,885.7,6.202698707580566,0.001,235962,2116,16007.5849609375,7609,943952,124,-19113.24166667
1096461.25,0.37497618794441223,896.43,6.3934712409973145,0.001,236739,2120,18835.951171875,7636,947060,124,-17600.359722229998
914742.75,-0.25068265199661255,903.43,5.801109790802002,0.001,237682,2124,18213.2578125,7667,950832,124,-15350.94722223
1243791.0,0.8955470323562622,921.18,5.985750675201416,0.001,238682,2128,17640.421875,7700,954832,123,-12357.33472223
1091111.875,-1.2895668745040894,929.71,6.151278495788574,0.001,239682,2132,18168.23828125,7733,958832,123,-10365.39722223
953923.75,0.2110832780599594,922.15,6.187110900878906,0.001,240191,2136,16644.51953125,7750,960868,123,-11387.347222229999
1069101.75,-0.07036064565181732,917.34,5.809770584106445,0.001,241060,2140,18234.31640625,7778,964344,123,-12555.388888899999
1064457.5,-0.8663168549537659,932.23,5.624429225921631,0.001,242060,2144,16979.2890625,7813,968344,123,-10061.47222223
3725165.0,-1.587253212928772,928.69,6.271707057952881,0.001,242973,2148,17616.5546875,7844,971996,123,-10748.59722223
2177657.25,-0.4438779056072235,940.82,5.974836826324463,0.001,243973,2152,17526.873046875,7877,975996,123,-8972.10972223
1328164.125,0.4736317992210388,940.82,6.193419456481934,0.001,244973,2156,18678.357421875,7912,979996,123,-9711.78472223
1346933.75,-0.5018650889396667,930.4,5.532447338104248,0.001,245962,2160,16949.142578125,7945,983952,123,-11322.04722223
1567169.5,-0.5980445742607117,922.97,5.873047828674316,0.001,246399,2164,15661.013671875,7960,985700,123,-12692.20972223
5865403.5,0.39505964517593384,931.94,5.975203514099121,0.001,247399,2168,17782.3359375,7994,989700,123,-12337.85972223
7000457.0,-0.19573646783828735,914.95,5.973682880401611,0.001,247962,2172,17446.150390625,8012,991952,123,-14402.32916668
1278127.75,-0.44381213188171387,901.77,5.573301315307617,0.001,248719,2176,18237.78125,8038,994980,123,-16550.491666679998
1058832.25,-1.1004340648651123,902.06,6.22892427444458,0.001,249719,2180,18565.04296875,8073,998980,123,-15838.07916668
1068359.375,0.91096031665802,905.44,6.02569580078125,0.001,250719,2184,18480.19921875,8106,1002980,123,-15401.22916668
693409.875,1.0579571723937988,908.89,5.833014011383057,0.001,251719,2188,18034.017578125,8138,1006980,123,-14455.691666679999
1521649.75,-0.023159682750701904,908.89,5.977446556091309,0.001,252719,2192,13614.287109375,8172,1010980,123,-14520.966666679999
814028.125,0.47522199153900146,908.08,5.699306964874268,0.001,253719,2196,16710.03515625,8204,1014980,123,-15519.76666668
1029038.875,0.5067851543426514,907.25,5.699476718902588,0.001,254636,2200,17971.400390625,8234,1018648,123,-16516.79166668
1211035.375,-0.7956566214561462,907.25,5.573594570159912,0.001,255636,2204,18642.45703125,8266,1022648,123,-16516.00416668
1028319.875,0.8403947949409485,911.87,5.507226943969727,0.001,256636,2208,17058.525390625,8299,1026648,123,-16416.72083335
1301747.5,-0.5810679197311401,911.87,5.365290641784668,0.001,257636,2212,18287.7421875,8331,1030648,123,-16416.19583335
2321236.0,-0.5877227187156677,913.24,5.741089820861816,0.001,258636,2216,20456.5390625,8364,1034648,123,-15418.09583335
1154908.0,0.051788926124572754,917.64,6.314752101898193,0.001,259636,2220,17041.44921875,8397,1038648,123,-14522.69027779
956129.125,-0.029127508401870728,921.57,5.789262771606445,0.001,260636,2224,16057.048828125,8430,1042648,123,-13529.19027779
1106509.75,-0.10507827997207642,921.57,6.786766529083252,0.001,261636,2228,14464.607421875,8464,1046648,123,-13529.802777789999
713937.1875,0.12200364470481873,918.14,5.451614856719971,0.001,262636,2232,14083.33984375,8497,1050648,123,-14524.19027779
1118593.375,0.18624094128608704,927.91,5.730025291442871,0.001,263636,2236,16400.40234375,8529,1054648,123,-12518.75277779
1011748.9375,-0.7250436544418335,933.22,5.6759233474731445,0.001,264636,2240,17348.7890625,8562,1058648,123,-10350.03611112
678474.0,0.32765719294548035,933.22,5.853231906890869,0.001,265636,2244,16187.923828125,8595,1062648,123,-9962.861111119999
831202.625,-0.0758291482925415,937.48,5.687036514282227,0.001,266613,2248,15840.171875,8627,1066556,123,-10276.27361112
2952557.5,0.47707054018974304,937.48,5.464802265167236,0.001,267613,2252,15591.28515625,8661,1070556,123,-10437.173611119999
991401.0,0.21555286645889282,937.48,5.264829635620117,0.001,268613,2256,16050.513671875,8695,1074556,123,-10437.173611119999
1529381.625,0.12471157312393188,950.9,5.248831748962402,0.001,269613,2260,17918.642578125,8730,1078556,123,-8132.62361112
743363.9375,0.7305582761764526,954.59,5.507873058319092,0.001,270450,2264,17085.775390625,8758,1081904,123,-8756.798611119999
714451.75,0.03721940517425537,950.77,5.279806137084961,0.001,271450,2268,16624.52734375,8790,1085904,123,-9347.08611112
928779.125,-0.31319910287857056,972.51,5.2871012687683105,0.001,272450,2272,17018.310546875,8823,1089904,123,-6230.729166669999
815997.5,-0.4822204113006592,985.69,5.1427507400512695,0.001,273450,2276,15935.0615234375,8856,1093904,123,-4082.65416667
3524012.75,0.33513790369033813,985.69,4.8954596519470215,0.001,274450,2280,16944.828125,8889,1097904,123,-3796.4916666699996
930713.4375,0.03251989185810089,985.69,5.009042263031006,0.001,275450,2284,18426.595703125,8923,1101904,123,-3238.54166667
832617.5,0.42583248019218445,983.76,5.29709529876709,0.001,276420,2288,16310.400390625,8957,1105784,123,-4356.41666667
718356.25,-0.5907798409461975,983.76,4.563575267791748,0.001,277420,2292,18248.015625,8990,1109784,123,-4426.066666669999
915169.0,-0.05306196212768555,983.47,4.3661041259765625,0.001,278340,2296,16981.58203125,9023,1113464,123,-4611.979166669999
1473133.5,-0.36432990431785583,984.3,4.909305095672607,0.001,279340,2300,14426.5537109375,9057,1117464,123,-3613.116666669999
854455.25,-0.04174518585205078,974.17,4.794814586639404,0.001,279732,2304,15044.408203125,9071,1119032,123,-5733.766666669999
7754916.5,-0.13667988777160645,974.08,4.233165264129639,0.001,280732,2308,18462.79296875,9105,1123032,123,-4840.9125
694923.3125,0.35625985264778137,974.08,4.325602054595947,0.001,281732,2312,17552.71484375,9139,1127032,123,-4841.9625
675003.375,0.04476238787174225,969.71,4.50096321105957,0.001,282732,2316,18286.23046875,9173,1131032,123,-5735.97916667
1099804.75,0.6675840616226196,968.22,4.618950843811035,0.001,283673,2320,16932.30859375,9205,1134796,123,-6632.775
1107335.875,-0.18861490488052368,968.22,4.389601230621338,0.001,284673,2324,18468.392578125,9239,1138796,123,-6631.200000000001
956752.625,0.25868260860443115,968.22,4.181497573852539,0.001,285673,2328,18641.51171875,9274,1142796,123,-6631.375000000001
587031.6875,0.2799466848373413,971.65,4.026738166809082,0.001,286673,2332,16518.251953125,9308,1146796,123,-5639.175000000001
1412589.75,0.09124147891998291,966.9,4.578716278076172,0.001,287673,2336,16607.6015625,9343,1150796,123,-6619.575000000001
1064084.25,0.16371634602546692,965.42,4.131364822387695,0.001,288583,2340,15905.84765625,9375,1154436,123,-7619.987500000001
1200472.0,0.5001592636108398,964.51,4.211134910583496,0.001,289583,2344,19244.326171875,9409,1158436,123,-8620.4125
814879.125,0.41804876923561096,965.87,4.112429141998291,0.001,290583,2348,18749.609375,9444,1162436,123,-6626.250000000001
1706694.0,-0.3500106632709503,952.63,4.842545509338379,0.001,291420,2352,17718.11328125,9473,1165784,123,-8350.775000000001
602347.75,0.35768401622772217,952.63,4.072128772735596,0.001,292420,2356,13428.4638671875,9508,1169784,123,-7514.091666670001
831992.625,-0.1895197033882141,952.63,3.8562495708465576,0.001,293420,2360,16172.7353515625,9543,1173784,122,-7113.295833340001
756685.5,0.6251576542854309,952.51,4.172640323638916,0.001,294314,2364,18274.50390625,9573,1177360,122,-7111.83333334
925456.875,-0.13920801877975464,949.55,3.8714208602905273,0.001,295259,2368,17251.1171875,9605,1181140,122,-6772.50833334
967053.125,-1.0525929927825928,949.55,3.910893678665161,0.001,296259,2372,18483.1796875,9640,1185140,122,-6774.87083334
623150.0,-0.6360921859741211,949.55,4.019789695739746,0.001,297259,2376,17056.35546875,9674,1189140,122,-6776.44583334
815322.125,0.029451727867126465,949.55,3.8333683013916016,0.001,298259,2380,18499.732421875,9709,1193140,122,-6776.70833334
815406.125,-0.4348108172416687,946.9,4.11536979675293,0.001,299259,2384,16496.72265625,9743,1197140,122,-8914.42083334
545292.625,-0.4805949926376343,948.83,3.7586231231689453,0.001,300259,2388,15731.8974609375,9778,1201140,122,-7823.49583334
906823.75,-0.6604816913604736,941.66,5.066090106964111,0.001,300703,2392,16442.630859375,9794,1202916,122,-8789.058333339999
530613.625,1.4723873138427734,935.05,4.454788684844971,0.001,301534,2396,15323.845703125,9822,1206240,122,-9592.84583334
514175.0625,0.6192079782485962,931.77,4.161205291748047,0.001,302534,2400,14756.265625,9858,1210240,122,-10589.520833339999
1969344.25,-0.6343623399734497,941.9,4.262558460235596,0.001,303534,2404,16692.830078125,9893,1214240,122,-8468.95833334
748165.375,-0.5789381265640259,937.28,4.189889430999756,0.001,304376,2408,17173.94921875,9922,1217608,122,-8458.45833334
660491.125,-1.0968053340911865,934.08,3.878788471221924,0.001,305324,2412,19159.0390625,9955,1221400,122,-9452.69583334
682122.0625,-1.394507646560669,931.05,3.9006965160369873,0.001,306214,2416,14735.76171875,9986,1224960,122,-9548.454166669999
671062.1875,-0.11211749911308289,932.54,3.8026654720306396,0.001,307214,2420,15379.5947265625,10022,1228960,122,-8549.841666669998
613483.25,0.05584864318370819,932.54,4.17557430267334,0.001,308214,2424,13996.978515625,10056,1232960,122,-8547.479166669998
850196.6875,-0.6445369720458984,932.54,3.6875061988830566,0.001,309214,2428,16239.966796875,10091,1236960,122,-8544.416666669998
638011.875,-0.28751593828201294,932.54,3.872227668762207,0.001,310214,2432,14357.8017578125,10126,1240960,122,-8540.30416667
661542.9375,0.9475286602973938,937.29,3.74023699760437,0.001,311214,2436,14468.462890625,10160,1244960,122,-7543.016666669999
681881.8125,-1.1452410221099854,937.74,3.735903024673462,0.001,312111,2440,16411.453125,10191,1248548,122,-7541.916666669999
475018.5,0.06762310862541199,934.22,4.26418399810791,0.001,313111,2444,15335.62109375,10225,1252548,122,-7535.679166669999
1002289.5,0.4876745343208313,934.22,3.7781174182891846,0.001,314111,2448,14381.4833984375,10260,1256548,122,-7530.604166669999
774494.75,0.3920915424823761,947.46,3.5551159381866455,0.001,315111,2452,14006.025390625,10295,1260548,122,-5433.441666669999
1046204.6875,-0.17724967002868652,947.46,3.8023698329925537,0.001,316111,2456,14988.197265625,10329,1264548,122,-5527.825
1325208.5,0.10848292708396912,947.46,3.624438762664795,0.001,317111,2460,13089.4736328125,10363,1268548,122,-5625.270833330001
512626.5,-1.3622188568115234,951.32,4.096339225769043,0.001,318111,2464,15406.19921875,10396,1272548,122,-3628.89583333
602253.5,0.7724354267120361,958.1,3.6078109741210938,0.001,319111,2468,13272.791015625,10431,1276548,122,-2637.64583333
641168.25,-0.584420919418335,958.1,3.6784474849700928,0.001,320111,2472,14539.357421875,10466,1280548,122,-2637.03333333
860458.5625,1.2276808023452759,958.1,3.6781766414642334,0.001,321111,2476,14718.865234375,10501,1284548,122,-2635.5458333300003
531958.125,-1.3777995109558105,958.1,4.242267608642578,0.001,322111,2480,14244.017578125,10535,1288548,122,-2633.62083333
583530.875,0.4346103072166443,956.33,3.7874622344970703,0.001,323111,2484,14346.306640625,10569,1292548,122,-1489.3208333300001
363953.09375,-0.4410507082939148,956.33,3.6982297897338867,0.001,324111,2488,12252.744140625,10604,1296548,122,-1410.74583333
644000.5625,1.0950865745544434,954.92,3.8684258460998535,0.001,324631,2492,11845.60546875,10622,1298628,122,-2324.18333333
737489.3125,-0.48498833179473877,960.63,3.60909104347229,0.001,325631,2496,12943.1533203125,10656,1302628,122,-1331.68333333
1804407.75,0.30480504035949707,962.35,3.549356698989868,0.001,326475,2500,14155.04296875,10686,1306004,122,-1333.74583333
715488.75,-0.5814842581748962,962.35,3.428929090499878,0.001,327475,2504,14089.1328125,10721,1310004,122,-1519.4083333300002
563862.875,1.1940689086914062,965.62,3.7800397872924805,0.001,328376,2508,12858.498046875,10753,1313608,122,-1524.1083333300003
598952.5625,0.5589101314544678,968.82,3.6823339462280273,0.001,329376,2512,14931.1806640625,10787,1317608,122,-528.4708333300001
574970.0625,-0.3206947445869446,976.22,3.6895294189453125,0.001,330376,2516,14361.275390625,10822,1321608,122,564.0291666699999
532592.6875,-0.9815441966056824,976.22,3.401078701019287,0.001,331376,2520,14891.26171875,10857,1325608,122,-278.25
607684.375,1.1081087589263916,976.22,3.6298134326934814,0.001,332376,2524,14227.9716796875,10892,1329608,122,-882.225
929028.5,0.9089784622192383,976.22,3.4942820072174072,0.001,333376,2528,11620.2607421875,10927,1333608,122,-1255.3875
379115.1875,-0.4484330415725708,976.22,3.8753139972686768,0.001,334376,2532,14033.25,10962,1337608,122,-1814.7375
473888.40625,0.6585423946380615,976.22,3.478451728820801,0.001,335376,2536,13315.04296875,10997,1341608,121,-2371.375
406907.1875,-0.4139465093612671,977.25,3.944289207458496,0.001,336376,2540,15872.0205078125,11033,1345608,121,-1375.7375
594373.4375,0.9470398426055908,977.58,3.783539295196533,0.001,337376,2544,12342.03125,11067,1349608,121,-1377.2875
426510.625,-0.7244715690612793,972.65,3.662687301635742,0.001,338299,2548,9422.412109375,11100,1353300,121,-2373.0375
472346.59375,0.33538347482681274,959.45,4.450721740722656,0.001,338963,2552,13202.47265625,11123,1355956,121,-5358.3375
605877.625,1.0344064235687256,954.89,3.9509458541870117,0.001,339788,2556,11727.802734375,11151,1359256,121,-6356.825
549992.125,0.774986743927002,952.86,3.4513797760009766,0.001,340642,2560,12149.11328125,11181,1362672,121,-7354.975
822169.375,0.09369805455207825,949.03,3.6272330284118652,0.001,341585,2564,13170.970703125,11215,1366444,121,-8501.8
22417014.0,-0.6766823530197144,944.84,3.6185553073883057,0.001,342585,2568,12627.0947265625,11250,1370444,121,-9503.375
465074.0,0.6508691310882568,944.66,4.1046142578125,0.001,343585,2572,12060.84375,11285,1374444,121,-10402.1
721600.875,-1.3435992002487183,944.66,3.7744505405426025,0.001,344585,2576,15396.5029296875,11320,1378444,121,-10683.4
570684.9375,-1.373631477355957,944.66,3.5296993255615234,0.001,345585,2580,13679.3671875,11355,1382444,121,-11069.3375
415630.75,0.41745269298553467,949.08,3.9355597496032715,0.001,346585,2584,11841.037109375,11389,1386444,121,-10074.525
417144.25,-0.18931372463703156,946.92,3.738128900527954,0.001,347369,2588,12537.44921875,11417,1389580,121,-11070.9375
389889.5625,0.030004531145095825,949.74,3.3757379055023193,0.001,348369,2592,12187.083984375,11451,1393580,121,-10043.85
455906.5625,1.1068689823150635,945.07,3.7322516441345215,0.001,349369,2596,12648.513671875,11487,1397580,121,-10038.0125
4629380.0,0.08521474897861481,939.44,3.1995487213134766,0.001,350111,2600,13762.388671875,11512,1400548,121,-10216.2
1122522.75,-1.4180996417999268,939.44,3.4885411262512207,0.001,351111,2604,13437.740234375,11547,1404548,121,-9931.23333333
470475.03125,0.2271966189146042,941.2,3.5608303546905518,0.001,352111,2608,14160.576171875,11582,1408548,121,-8934.145833330002
708622.5625,0.13382230699062347,941.2,3.532506227493286,0.001,353111,2612,15692.1416015625,11616,1412548,121,-8831.05416666
501053.625,-0.7365931272506714,941.2,3.5457353591918945,0.001,354111,2616,10687.7890625,11650,1416548,121,-8934.21666666
389738.21875,0.4786713719367981,940.87,3.58194637298584,0.001,355078,2620,12118.03125,11683,1420416,121,-9192.01666666
661028.25,0.46203699707984924,934.6,3.4107298851013184,0.001,355965,2624,13108.4501953125,11714,1423964,121,-9581.59166666
657269.125,-0.2977125644683838,926.4,3.4042012691497803,0.001,356579,2628,11606.287109375,11736,1426420,121,-11198.416666660001
381774.125,1.215160846710205,926.4,3.8080382347106934,0.001,357579,2632,13157.4794921875,11771,1430420,121,-10639.241666660002
401867.6875,-0.42835426330566406,926.4,3.2689173221588135,0.001,358579,2636,13460.5087890625,11806,1434420,121,-10083.04166666
3095802.5,0.06284475326538086,926.4,3.6394779682159424,0.001,359579,2640,11512.5830078125,11841,1438420,121,-9982.00833333
498182.1875,-0.28617769479751587,930.5,3.1621978282928467,0.001,360579,2644,13296.326171875,11877,1442420,121,-8889.55416666
354892.5,0.5979102849960327,932.83,3.139847993850708,0.001,361494,2648,10989.2978515625,11909,1446080,121,-8890.97916666
3067067.5,0.6949277520179749,946.03,3.316188335418701,0.001,362494,2652,11431.7275390625,11943,1450080,121,-5906.37916666
577962.125,-0.7922033071517944,950.59,4.060907363891602,0.001,363494,2656,12288.31640625,11977,1454080,121,-4907.716666660001
592720.625,-0.04086717963218689,952.62,3.7516186237335205,0.001,364494,2660,12305.470703125,12012,1458080,121,-3910.9666666600006
363637.09375,-0.365247517824173,944.54,3.353891134262085,0.001,365455,2664,10928.474609375,12046,1461924,121,-4859.72916666
904204.1875,0.5391488075256348,940.04,3.7355856895446777,0.001,366216,2668,14944.6728515625,12072,1464968,121,-4955.766666660001
416290.6875,-4.260398864746094,912.41,4.498055458068848,0.001,366494,2672,11754.5654296875,12082,1466080,121,-7020.66666666
559339.9375,1.0505441427230835,900.76,4.213554859161377,0.001,367321,2676,10905.48046875,12110,1469388,121,-8724.95416666
776394.375,1.7757551670074463,896.47,3.2867212295532227,0.001,368321,2680,9551.37109375,12144,1473388,121,-9334.07916666
811915.125,-0.3896365165710449,896.47,2.9782166481018066,0.001,369321,2684,11802.1455078125,12179,1477388,121,-9334.51666666
1638185.75,0.0809248834848404,895.86,3.504708766937256,0.001,370293,2688,13938.39453125,12212,1481276,121,-10335.66666666
438237.375,-1.3837076425552368,901.62,3.5074779987335205,0.001,371293,2692,13343.0751953125,12246,1485276,121,-9343.66666666
284866.75,-0.31695035099983215,908.29,3.208588123321533,0.001,372293,2696,13935.5244140625,12281,1489276,121,-8351.841666659999
787920.0,-0.3458927273750305,909.08,3.2182202339172363,0.001,372682,2700,10543.1318359375,12295,1490832,121,-8166.904166659999
528162.875,0.07524925470352173,909.08,3.831801176071167,0.001,373682,2704,13192.8173828125,12329,1494832,121,-8266.90833333
466086.5625,-0.2792001962661743,900.85,3.04966402053833,0.001,374498,2708,13068.2314453125,12356,1498096,121,-9255.12083333
405762.0,-0.11985833942890167,900.85,3.125173807144165,0.001,375498,2712,13128.96484375,12391,1502096,121,-9358.5625
650235.0625,0.6124952435493469,897.78,3.08986496925354,0.001,376498,2716,13674.60546875,12426,1506096,121,-10353.4
345635.21875,-0.74534010887146,898.11,3.132951259613037,0.001,377498,2720,11606.544921875,12461,1510096,121,-9353.0375
6088905.0,0.33594226837158203,904.38,2.897934913635254,0.001,378498,2724,9899.654296875,12496,1514096,121,-8359.3125
623492.3125,-0.6037365198135376,912.58,3.0302188396453857,0.001,379498,2728,12377.005859375,12530,1518096,121,-6369.7625
720625.5,-0.3124815821647644,909.77,3.375983238220215,0.001,380498,2732,12485.3154296875,12565,1522096,121,-7366.675
319151.25,0.5643917322158813,905.82,2.78924822807312,0.001,381178,2736,10707.6484375,12589,1524816,121,-8361.8125
387906.5,-0.16613337397575378,905.82,2.3590409755706787,0.001,382178,2740,12307.59765625,12623,1528816,121,-8459.43333333
513810.03125,-0.2305745631456375,905.82,2.9479243755340576,0.001,383178,2744,11319.544921875,12659,1532816,121,-8556.0625
227290.0,-0.01722577214241028,908.42,2.6700055599212646,0.001,384178,2748,11432.748046875,12695,1536816,121,-7558.975
569407.625,-0.767769992351532,903.9,3.109546422958374,0.001,385178,2752,12530.548828125,12729,1540816,121,-8552.875
481574.28125,0.5748289823532104,903.9,2.9594886302948,0.001,386178,2756,10793.958984375,12764,1544816,121,-8552.875
352994.25,0.3373323380947113,903.9,2.768638849258423,0.001,387178,2760,9617.005859375,12798,1548816,121,-8551.5625
409186.40625,-0.007442474365234375,906.56,2.847445487976074,0.001,387986,2764,13062.013671875,12826,1552048,121,-8444.3
204427.671875,0.7074426412582397,915.25,2.6264166831970215,0.001,388986,2768,11469.111328125,12860,1556048,120,-7345.2
348695.1875,0.9986333847045898,943.06,2.895233154296875,0.001,389986,2772,12176.814453125,12894,1560048,120,-4380.6125
2359648.25,-0.16735772788524628,954.71,2.666674852371216,0.001,390986,2776,9457.443359375,12929,1564048,120,-2394.85
529430.5,0.04526519775390625,959.0,3.25032377243042,0.001,391986,2780,12102.583984375,12963,1568048,120,-1399.9625
562982.5625,0.49793100357055664,959.0,2.875979423522949,0.001,392986,2784,10208.431640625,12998,1572048,120,-1399.175
314605.3125,-1.011366844177246,960.7,3.3644471168518066,0.001,393986,2788,12057.841796875,13033,1576048,120,-400.35
226711.8125,1.4291298389434814,953.65,3.331291437149048,0.001,394977,2792,11474.7412109375,13067,1580012,120,-1391.9625
454620.375,-0.13053938746452332,953.65,2.575524091720581,0.001,395977,2796,11447.2509765625,13101,1584012,120,-1394.5875
566315.8125,-0.36374562978744507,960.05,2.7527058124542236,0.001,396977,2800,12616.923828125,13137,1588012,120,-403.0375
212244.625,0.1822463572025299,960.05,2.942831516265869,0.001,397977,2804,10378.84375,13171,1592012,120,-402.25
442273.34375,0.11520591378211975,968.28,2.848994493484497,0.001,398977,2808,11008.830078125,13206,1596012,120,587.1875
332330.0625,0.8323184251785278,968.28,2.7214269638061523,0.001,399977,2812,9640.857421875,13241,1600012,120,587.3625
529330.625,0.13605567812919617,965.0,3.3113760948181152,0.001,400619,2816,11762.7353515625,13263,1602580,120,590.9375
405154.25,0.4675981104373932,965.0,3.079866647720337,0.001,401619,2820,11712.4814453125,13297,1606580,120,590.2375
244422.03125,-1.0367769002914429,961.3,3.0742712020874023,0.001,402619,2824,10615.837890625,13330,1610580,120,-405.825
478733.84375,-1.2232763767242432,961.13,2.8899922370910645,0.001,403619,2828,11881.21875,13365,1614580,120,-1405.8625
547343.8125,-0.9163966178894043,963.94,3.0449464321136475,0.001,404619,2832,11516.673828125,13399,1618580,120,-409.125
840676.3125,-0.2712159752845764,967.89,2.897022008895874,0.001,405619,2836,14905.3056640625,13434,1622580,120,585.225
365015.3125,-2.891317129135132,967.89,3.191624641418457,0.001,406619,2840,7343.42333984375,13470,1626580,120,584.7875
270091.8125,0.8627803325653076,967.89,3.334183931350708,0.001,407619,2844,9917.23046875,13505,1630580,120,584.9625
259443.4375,0.7400407195091248,967.89,2.70524263381958,0.001,408619,2848,10245.54296875,13539,1634580,120,584.35
293601.125,0.3251352608203888,972.41,2.8462018966674805,0.001,409619,2852,10351.9033203125,13574,1638580,120,1577.725
162712.90625,1.2376604080200195,972.4,3.1334524154663086,0.001,410619,2856,11328.23046875,13609,1642580,120,526.3875
493936.84375,-0.06624342501163483,970.8,2.6071977615356445,0.001,411619,2860,12329.0478515625,13643,1646580,120,-475.5375
359698.3125,0.7359127402305603,980.05,2.8074216842651367,0.001,412619,2864,9012.26953125,13678,1650580,120,1511.825
427303.46875,0.20716220140457153,972.21,2.7971608638763428,0.001,413177,2868,11060.3095703125,13697,1652812,120,520.325
322646.46875,0.45197734236717224,972.21,2.7540175914764404,0.001,414177,2872,11890.451171875,13731,1656812,120,521.025
218700.03125,0.9650730490684509,972.21,3.070793628692627,0.001,415177,2876,9145.3544921875,13765,1660812,120,519.275
302966.21875,-0.25403377413749695,972.21,2.6303772926330566,0.001,416177,2880,10273.2763671875,13799,1664812,120,518.925
378221.78125,1.038176417350769,972.21,3.027634382247925,0.001,417177,2884,8620.5283203125,13833,1668812,120,518.05
195233.671875,-0.014408960938453674,969.37,2.392486572265625,0.001,418177,2888,10055.8134765625,13868,1672812,120,518.975
419439.4375,-1.5189971923828125,976.42,2.644455671310425,0.001,419177,2892,8830.1923828125,13903,1676812,120,1510.5875
261473.6875,-0.616511881351471,973.66,2.653592824935913,0.001,420177,2896,10434.70703125,13938,1680812,120,516.4125
175247.453125,0.4996814429759979,973.66,2.7938737869262695,0.001,421177,2900,10163.5234375,13973,1684812,120,513.875
663848.6875,0.07224899530410767,973.66,2.693589448928833,0.001,422177,2904,10605.208984375,14007,1688812,120,511.1625
203401.96875,0.47824937105178833,973.66,2.409181594848633,0.001,423177,2908,7922.29736328125,14043,1692812,120,502.5875
212220.625,-0.2334485948085785,973.66,2.533627986907959,0.001,424177,2912,8477.904296875,14078,1696812,120,484.0375
321949.78125,0.030167900025844574,980.01,2.4000332355499268,0.001,425177,2916,9695.8291015625,14113,1700812,120,1471.0125
201225.78125,0.03952580690383911,980.01,2.6182861328125,0.001,426177,2920,7393.3564453125,14147,1704812,120,1567.89583333
363103.3125,0.15581105649471283,983.71,2.3876490592956543,0.001,427177,2924,8074.9296875,14182,1708812,120,2550.65833333
194666.0,0.22433513402938843,983.88,3.0175628662109375,0.001,428177,2928,9333.671875,14217,1712812,120,3545.4458333300004
242826.203125,-0.5042396783828735,983.88,2.72701096534729,0.001,429177,2932,9626.2578125,14252,1716812,120,3543.6958333300004
358468.53125,-0.7649242877960205,975.87,3.1307766437530518,0.001,429904,2936,8784.494140625,14278,1719720,120,2553.72083333
330654.1875,0.2157805860042572,970.46,2.794759750366211,0.001,430835,2940,7609.822265625,14310,1723444,120,1559.88333333
153959.90625,-0.4137565791606903,970.46,2.373673915863037,0.001,431835,2944,8384.1484375,14345,1727444,120,1559.8833333300001
349785.375,0.18960756063461304,970.46,2.4001920223236084,0.001,432835,2948,9798.384765625,14380,1731444,120,1558.5708333300001
232257.109375,0.5551978945732117,964.22,2.5741147994995117,0.001,433409,2952,11865.33203125,14400,1733740,120,565.59583333
207446.8125,-0.1398029923439026,964.23,2.022369384765625,0.001,434409,2956,10084.2861328125,14435,1737740,120,1616.05833333
264307.5625,-0.5177003145217896,965.22,2.3226447105407715,0.001,435409,2960,9816.810546875,14470,1741740,120,1617.7958333300003
293341.5625,0.07121710479259491,965.22,2.2988696098327637,0.001,436409,2964,8914.140625,14505,1745740,120,1618.4083333300002
130130.546875,0.4686056971549988,973.06,2.3191988468170166,0.001,437409,2968,9291.6708984375,14540,1749740,120,2609.99583333
110066.5703125,-0.07902385294437408,973.06,2.02329683303833,0.001,438409,2972,8764.5859375,14574,1753740,120,2607.72083333
253650.375,0.09853596240282059,973.06,1.8774155378341675,0.001,439409,2976,9824.345703125,14609,1757740,120,2609.3833333300004
322339.3125,-1.160822868347168,973.06,2.4026260375976562,0.001,440409,2980,9243.923828125,14644,1761740,120,2608.0708333300004
303564.9375,0.9060819149017334,973.06,1.9571491479873657,0.001,441409,2984,8566.9033203125,14679,1765740,120,2607.45833333
369644.0625,-0.8506108522415161,969.2,2.2467586994171143,0.001,442409,2988,9719.3623046875,14713,1769740,120,1614.9208333300003
243391.15625,0.19115808606147766,969.2,2.435851573944092,0.001,443409,2992,11271.724609375,14748,1773740,120,1613.3458333300002
201610.71875,-0.6555406451225281,967.52,2.1998538970947266,0.001,444219,2996,8861.423828125,14776,1776980,120,1614.3958333300002
225933.21875,0.3911457061767578,967.52,2.550894021987915,0.001,445219,3000,9812.87890625,14811,1780980,120,1615.0083333300001
289705.4375,-0.2934194803237915,967.52,2.5921714305877686,0.001,446219,3004,8170.91845703125,14845,1784980,120,1616.6708333300003
311604.25,-0.3645559251308441,952.39,2.4847004413604736,0.001,447112,3008,8590.724609375,14877,1788552,120,-1355.9791666699998
334308.5625,-0.5660626888275146,952.39,2.132152795791626,0.001,448112,3012,11274.8427734375,14912,1792552,120,-1338.2166666699998
356008.625,0.33429279923439026,952.39,2.4613101482391357,0.001,449112,3016,9392.1796875,14946,1796552,120,-1333.4916666699999
149209.4375,0.2251308560371399,950.47,2.429743528366089,0.001,450112,3020,11370.9375,14980,1800552,120,-2428.05
275067.03125,-0.0909252017736435,950.47,2.252659559249878,0.001,451112,3024,10245.685546875,15014,1804552,120,-2414.925
136649.5625,1.2402856349945068,944.68,2.3957667350769043,0.001,451720,3028,8389.767578125,15035,1806984,120,-3403.3875
169160.078125,-0.36527228355407715,941.39,2.141582489013672,0.001,452720,3032,7682.44189453125,15070,1810984,120,-4397.6875
149957.8125,0.42199021577835083,944.54,2.206244945526123,0.001,453543,3036,5564.01953125,15099,1814276,120,-4401.5375
274062.75,0.16619518399238586,949.95,2.5684335231781006,0.001,454543,3040,10577.00390625,15133,1818276,120,-3407.7875
117064.328125,-0.1405593752861023,949.95,2.1574013233184814,0.001,455543,3044,11601.1865234375,15168,1822276,120,-3408.3125
454451.6875,0.44536739587783813,949.95,2.0645642280578613,0.001,456543,3048,9556.5263671875,15201,1826276,120,-3407.6125
589684.625,0.0008298344910144806,956.19,2.1708953380584717,0.001,457543,3052,9318.486328125,15236,1830276,120,-2413.7625
120208.484375,-0.08143746107816696,956.18,2.3047356605529785,0.001,458542,3056,11159.4599609375,15271,1834272,120,-3413.125
193750.5625,-0.004432298243045807,956.79,1.973861575126648,0.001,459542,3060,9520.263671875,15306,1838272,120,-2413.725
198419.28125,0.04313361644744873,956.79,1.9671469926834106,0.001,460542,3064,9561.556640625,15342,1842272,120,-2414.95
205413.046875,-0.050981149077415466,956.79,2.3412985801696777,0.001,461542,3068,10615.474609375,15376,1846272,120,-2418.1
121956.6796875,0.34528663754463196,956.79,2.115861415863037,0.001,462542,3072,10514.30859375,15412,1850272,120,-2418.3625
111611.984375,-0.0768880844116211,956.79,1.8528523445129395,0.001,463542,3076,10113.3427734375,15446,1854272,120,-2418.8
169855.125,0.14739423990249634,952.82,1.8934552669525146,0.001,464234,3080,9654.7109375,15470,1857040,120,-3412.8625
148274.984375,-0.021433070302009583,952.82,1.9254752397537231,0.001,465234,3084,10202.9462890625,15504,1861040,120,-3414.2625
151266.09375,-0.3779003322124481,960.59,2.3278963565826416,0.001,466234,3088,8383.4423828125,15538,1865040,120,-1424.0
259107.5625,0.4018435478210449,958.26,2.3850786685943604,0.001,467234,3092,11965.66015625,15572,1869040,120,-2418.8875
158844.046875,0.2771042585372925,962.7,1.8711755275726318,0.001,468234,3096,9716.708984375,15606,1873040,120,-1424.8
354800.46875,-0.05451396852731705,960.82,2.153564453125,0.001,469234,3100,9656.3896484375,15641,1877040,120,-2792.1
412561.5,0.5812190771102905,941.61,2.229837417602539,0.001,469861,3104,10160.8251953125,15663,1879548,119,-6033.4125
189959.5625,0.025946825742721558,950.05,2.211874485015869,0.001,470689,3108,10953.427734375,15691,1882860,119,-5044.0625
401540.59375,0.021908819675445557,950.05,1.8581427335739136,0.001,471689,3112,11545.8671875,15726,1886860,119,-5042.8375
145014.125,-0.7845104932785034,945.89,1.877556324005127,0.001,472689,3116,10232.9921875,15761,1890860,119,-6037.1875
218792.34375,-0.693690299987793,947.81,1.7368890047073364,0.001,473689,3120,9261.587890625,15796,1894860,119,-5045.1125
161972.0625,-0.02318338304758072,947.81,2.0911881923675537,0.001,474689,3124,9229.919921875,15830,1898860,119,-5068.3875
663966.125,-0.4008539617061615,953.6,2.002744197845459,0.001,475689,3128,8958.544921875,15865,1902860,119,-4203.7375
129013.4453125,0.10212717950344086,956.89,1.9547804594039917,0.001,476689,3132,9173.068359375,15901,1906860,119,-3223.9625
239042.9375,-0.8136134743690491,954.68,2.0734236240386963,0.001,477657,3136,9808.8828125,15937,1910732,119,-3241.1125
334292.1875,-0.12978042662143707,952.69,2.009618043899536,0.001,478490,3140,11451.763671875,15965,1914064,119,-4138.29583333
320864.8125,-0.08538457751274109,947.74,1.9630205631256104,0.001,479177,3144,11531.6904296875,15989,1916812,119,-6030.841666660001
123567.765625,-0.845168948173523,945.06,1.8994404077529907,0.001,480040,3148,9737.1796875,16020,1920264,119,-7048.12916666
127359.984375,-0.5932950973510742,930.45,2.2190229892730713,0.001,481040,3152,9860.919921875,16055,1924264,119,-9039.29166666
132368.0,0.37445926666259766,930.46,2.2135062217712402,0.001,482040,3156,10503.12890625,16090,1928264,119,-8067.42916666
153183.3125,0.9239975810050964,930.46,2.1542513370513916,0.001,483040,3160,11812.2763671875,16124,1932264,119,-8067.86666666
317631.8125,0.20067808032035828,930.46,1.6545295715332031,0.001,484040,3164,11339.1396484375,16159,1936264,119,-8073.72916666
172762.78125,-0.048039186745882034,930.46,1.6596791744232178,0.001,485040,3168,8796.458984375,16192,1940264,119,-8071.80416666
158656.0,-0.5159910917282104,930.46,2.016495704650879,0.001,486040,3172,10843.1875,16226,1944264,119,-8070.92916666
190978.40625,0.47011852264404297,930.46,1.763774037361145,0.001,487040,3176,8940.72265625,16262,1948264,119,-8071.54166666
151710.765625,-0.07782603055238724,934.43,2.015653371810913,0.001,488040,3180,8373.35546875,16297,1952264,119,-7077.12916666
180904.453125,0.9843981862068176,934.43,2.1973211765289307,0.001,489040,3184,11324.060546875,16332,1956264,119,-7260.16666666
121438.28125,0.46285271644592285,934.2,1.5601308345794678,0.001,490040,3188,8487.716796875,16367,1960264,119,-8523.22916666
197447.15625,-0.2803916335105896,936.53,1.5816562175750732,0.001,491040,3192,10261.1650390625,16403,1964264,119,-7526.41666666
113662.84375,0.1821335405111313,929.0,1.6917036771774292,0.001,491490,3196,9998.966796875,16418,1966064,119,-8515.504166660001
218057.859375,-0.05827704817056656,930.88,1.7687469720840454,0.001,492490,3200,9658.970703125,16453,1970064,119,-7146.10416666
169341.96875,0.6418752670288086,950.09,1.8096991777420044,0.001,493490,3204,8695.7060546875,16487,1974064,119,-3904.8791666600005
127812.890625,-0.15627378225326538,954.02,1.8718185424804688,0.001,494342,3208,10433.921875,16516,1977472,119,-2812.0458333300003
174770.890625,-0.11818748712539673,954.02,1.836033821105957,0.001,495342,3212,11331.146484375,16552,1981472,119,-2813.27083333
139999.140625,-0.44801804423332214,958.18,1.7550326585769653,0.001,496342,3216,9350.90625,16587,1985472,119,-1818.1333333300001
181855.59375,-0.8582831621170044,950.74,1.7957686185836792,0.001,497342,3220,9256.4404296875,16621,1989472,119,-2807.0708333300004
200449.03125,-0.3928106725215912,944.65,1.794813871383667,0.001,498176,3224,9070.6240234375,16650,1992808,119,-3908.1958333300004
168357.9375,0.4582972824573517,944.65,1.7622926235198975,0.001,499176,3228,10179.0419921875,16682,1996808,119,-3778.78333333
